barcode,product_name,unit,initial_quantity,purchase_price_iqd,selling_price_iqd,low_stock_alert
10,-,دانە,1000,2100,2500,5
8697422630339,معجون زيَر قودى 830غرام,دانە,1000,1600,2000,5
8698686920297,زةيتون رةش لوراس قودى 1200غرام,دانە,1000,4850,5250,5
8697449910964,معجون ئالتون سا 830طرام,دانە,1000,1850,2250,5
8698804402018,معجون هةسبي رةش 830غرام,دانە,1000,1250,1650,5
6260308320093,معجون سحر 830غرام,دانە,1000,1000,1400,5
8681277194351,معجون هةسبي رةش420غرام,دانە,1000,500,900,5
6260347800037,معجون اسباق 420,دانە,1000,300,700,5
8697422630322,معجون زير 420غرام,دانە,1000,850,1250,5
8698686921102,زةيتون لوراس شوشة,دانە,1000,1600,2000,5
0133800083110021,كةشكي ئايش,دانە,1000,1600,2000,5
0133800083110026,كةشكي ئايشي,دانە,1000,1600,2000,5
8699913950520,زةيتون جرمسي 480 غرام,دانە,1000,2100,2500,5
8699913950568,زةيتون جرمسي 900غرام,دانە,1000,3100,3500,5
8697422630780,زةيتون زير محشي,دانە,1000,2000,2400,5
8428916870005,زةيتون ئةلكورسة,دانە,1000,800,1200,5
8698686920242,زةيتون لوراس زةري 420,دانە,1000,600,1000,5
8694299041220,زةيتون رةش تادال قودى 350طرام,دانە,1000,850,1250,5
8698686920235,زةيتون لوراس 420غرام رةش,دانە,1000,500,900,5
8698686923793,زةيتون لوراس رةش قودى 800غرام,دانە,1000,3850,4250,5
8718104790506,زةيتون رةش 870غرام,دانە,1000,1300,1700,5
6260273715474,خيارشور اسلات,دانە,1000,1100,1500,5
6260308330078,خيار شور سحر ويذة 640 ط,دانە,1000,2350,2750,5
6260268200190,سير رةش شوشة,دانە,1000,1350,1750,5
8694299040094,زةيتون رةش تادال قودى 800طرام,دانە,1000,2100,2500,5
6260308332508,فلفل سحر شوشة,دانە,1000,1250,1650,5
6942236203180,ترشي قارةمان,دانە,1000,1600,2000,5
8697422638175,زةيت طولة بةروذة زير خر 5 لتر,دانە,1000,12100,12500,5
6260175100545,ترشي شوشة,دانە,1000,1000,1400,5
8710559323421,بالكة بينك هولةندى 340طرام,دانە,1000,1600,2000,5
6260268200022,خيار شور تراوت,دانە,1000,1100,1500,5
6281011134401,زةيت عافية سعودى 1.8 لتر,دانە,1000,5850,6250,5
6262583300029,شةكر نوقل بال قيز قالك 300طرام,دانە,1000,850,1250,5
8697159165173,زةيت 1لتر هةسثي رةش,دانە,1000,850,1250,5
8697422637765,زةيت طولة بةروذة زير 700 مل,دانە,1000,1350,1750,5
6281011411052,شةكر الئسرة 1 كط,دانە,1000,1350,1750,5
8697422630117,زةيت زيَر طولة بةروذة 1 لتر,دانە,1000,1850,2250,5
8697422630728,خوىَ زير كيسة 750 ط,دانە,1000,100,500,5
8680371420045,شةكري تاج,دانە,1000,400,800,5
8697449907865,شير ئالتون سا قودى 2.500كيلو,دانە,1000,17600,18000,5
8934673120197,شير ديالاك 900غرام رةقةم 2,دانە,1000,11100,11500,5
8934673119191,شير ديالاك 900 غرام رةقةم 1,دانە,1000,11600,12000,5
7616100759330,نيدوسور1800 غرام,دانە,1000,22600,23000,5
7616100018260,شير نيدو سةر سثى قودى 400طرام,دانە,1000,5850,6250,5
7616100593255,نيدوى 900 غرامى سور,دانە,1000,11600,12000,5
6253350500247,شيرى كانى 2500 غرامى,دانە,1000,10600,11000,5
7616100377145,شيرنيدو400 ط سور,دانە,1000,5600,6000,5
8934673122160,شير ديالاك قودى 400طرام رةقةم 3,دانە,1000,4600,5000,5
8934673622318,شير ديالاك 400غرام سور رةقةم 2,دانە,1000,5350,5750,5
6260393120370,شير بيبيلاك 400طرام رقم 2,دانە,1000,7100,7500,5
6260393120363,شير بيبيلاك 400طرام رقم 1,دانە,1000,7100,7500,5
4800361359214,شير كيكوز فليبيني 1,دانە,1000,4600,5000,5
7616100011568,شير نيدو سثى قودى 2500 ط,دانە,1000,25600,26000,5
7613031448449,شير كيكوزفرنسي,دانە,1000,8100,8500,5
8934673621311,شير ديالاك 400غرام كةسك رةقةم 1,دانە,1000,5350,5750,5
4800361359238,شير كيكوزفيليبيني 2,دانە,1000,4600,5000,5
7613031448418,شير كيكيوزفرنسي 400 ط رقم 2,دانە,1000,8600,9000,5
8690536922215,تايت بينطو غةسالةى ئوتوماتيك كارتون 5كط,دانە,1000,11600,12000,5
8690511129875,تايت تيك 5كيلو,دانە,1000,7600,8000,5
8697512032661,تايت ريناكس 5 كيلو,دانە,1000,7350,7750,5
8697713826373,تايت بيروس 6كيلو,دانە,1000,8600,9000,5
8690506272319,تايت فاكس 4 كيلو,دانە,1000,9100,9500,5
8690536923052,تايت بينكو 5 كيلو جلي سبي,دانە,1000,9100,9500,5
8690536922222,تايت بينطو 5 كيلو,دانە,1000,9100,9500,5
8697512030353,تايت ريناكس 5 كيلو,دانە,1000,7350,7750,5
6254000260108,شير المراعي كيسة 175 ط,دانە,1000,600,1000,5
1060011201338,كيك تركي,دانە,1000,0,400,5
8934673031318,سريلاك ريديالاك ثاكةت 200 ط,دانە,1000,1600,2000,5
6254000269378,شير المفيد,دانە,1000,850,1250,5
8934673100267,شير ديالاكي كيس 300طرام,دانە,1000,2100,2500,5
8715845002790,شير نيترو هولةندى 400طرام رقم 2,دانە,1000,7350,7750,5
8715845002783,شير نيترو هولةندى 400طرام رقم 1,دانە,1000,7350,7750,5
8715845002806,شير نيترو هولةندى 400طرام رقم 3,دانە,1000,7350,7750,5
610644912616,شير ليبتو جرو رقم 3 400 ط,دانە,1000,10350,10750,5
610644912210,شيرليبتوميل رقم 2 400 ط,دانە,1000,10100,10500,5
610644912111,شير ليبتوميل400 ط رقم 1,دانە,1000,10350,10750,5
7640123411272,شير روعة المدهش,دانە,1000,850,1250,5
8697449908473,شير ئالتونسان كيس,دانە,1000,1100,1500,5
8934673202169,سريلاك ريديالاك 6مانط 400 ط,دانە,1000,3600,4000,5
8934673203166,سريلاك ريديلاك 400غرام 4مانطى,دانە,1000,3600,4000,5
8934673625371,سريلاك ريديالاك 400ط 8 مانط,دانە,1000,3850,4250,5
8934673625357,سريلاك ريديالاك قودى زةر 400 ط 6 مانط,دانە,1000,3850,4250,5
8934673201162,سريلاك ريديالاك 6 مانطي 400طرام,دانە,1000,3600,4000,5
8934673215169,سريلاك ريديالاك 1-3 سال 400 ط,دانە,1000,3850,4250,5
8410100181509,سريلاك نةستةلة كوك تيل,دانە,1000,4100,4500,5
7616100756865,سريلاك نةستةلة هنطفين,دانە,1000,4100,4500,5
3518070032366,شير نوفالاك جينيو 400ط,دانە,1000,10350,10750,5
3518070012368,شير نوفالاك 400 ط رقم 1,دانە,1000,11350,11750,5
3518070022367,شير نوفالاك 400 ط رقم 2,دانە,1000,11350,11750,5
8886451085160,شير بيدياشور فانيلا 400 ط,دانە,1000,11600,12000,5
4796002513674,ضاى دوغةزال كةسك 1كيلو,دانە,1000,9350,9750,5
5014176007706,ضاى دوغةزال كةسك 450 غرام,دانە,1000,4600,5000,5
4791002003491,ضاى الوةزة كيس 400غرام,دانە,1000,3600,4000,5
4796002516217,جاى دوغه زال كسك كيسه,دانە,1000,850,1250,5
5014176000134,ضاى دوغةزال رةش 450طرام,دانە,1000,5850,6250,5
4796000551142,توفضاى محمود معةتةر 450طرام,دانە,1000,5100,5500,5
4791003258012,جاى هانا كيسة رةش 400 ط,دانە,1000,3100,3500,5
8996001414019,كاثوجينو تورابيكا ئيتالى 20 عدد,دانە,1000,4100,4500,5
4796002510482,جاىدوغزال رش كيس 225كيس,دانە,1000,1350,1750,5
8690717240008,ضاى بيتا سادة 450طرام,دانە,1000,4600,5000,5
8690632417547,نسكويك توز450 غرام,دانە,1000,3850,4250,5
8697449912791,نيسكافى محمود دبى,دانە,1000,4350,4750,5
8697449917352,كابوجينو باكت,دانە,1000,1200,1600,5
8690717270005,جاى بيتا 450 غرامى سور,دانە,1000,4600,5000,5
6251035009016,قهوه شوشه 50غرام برينس,دانە,1000,1600,2000,5
8696540185028,اردى برنج 250 غرام,دانە,1000,1300,1700,5
8697449912715,قهوة محمود كلاسيك شوشة 100 ط,دانە,1000,4600,5000,5
6260869302736,ارىبرنج فرجام,دانە,1000,400,800,5
5014176003791,ضاي جيهان قالك 200 ط,دانە,1000,2350,2750,5
5014176003760,جاى دوغةزال سفرى 25 عدد,دانە,1000,600,1000,5
8697449912708,قةهوة محمود طولد شوشة 100طرام,دانە,1000,5100,5500,5
4796000550756,ضاى محمود سةفةرى 25كيس*50غرام,دانە,1000,600,1000,5
4791021934417,جاى هسبى رش 200 غرام كيس,دانە,1000,850,1250,5
8697564003558,نيشاستة فاملى,دانە,1000,350,750,5
8850580200244,شه كروك كوبيكو 120غرام,دانە,1000,600,1000,5
8697564003541,ئاري برنج فاملى 250طرام,دانە,1000,600,1000,5
-3600521923153,شامبوي يبك,دانە,1000,1100,1500,5
3600521900123,شامثو ئيبةك 750 مل,دانە,1000,1850,2250,5
3600521899892,شامبوي يبك ثرتةقالى 600 مل,دانە,1000,1350,1750,5
3600521900642,شامبوي يبك3,دانە,1000,1100,1500,5
3600521900727,شامثوى ئيثةك 600 مل,دانە,1000,1350,1750,5
8690511407843,شامبوي هاير زةيتون 650ط,دانە,1000,1350,1750,5
8690536101955,حةب غةسالةي ئامان بينطو,دانە,1000,3600,4000,5
8690506372118,شامثوي فاكس هيلك 500 مل,دانە,1000,1100,1500,5
8690506395056,شامبوي دورو,دانە,1000,1100,1500,5
8690506348694,شامثوى فاكس هيلك 400مل,دانە,1000,1100,1500,5
8690506345112,شامبوي دورو,دانە,1000,1100,1500,5
8690506348724,ش فاكس,دانە,1000,600,1000,5
6221048209109,شامبوي سانسيلك,دانە,1000,1600,2000,5
6281006436862,شامبوي سانسيلك1,دانە,1000,1600,2000,5
8690506449452,شامبوي فاكس 45,دانە,1000,600,1000,5
8690506345143,موكةيف دورو,دانە,1000,1100,1500,5
8690506006228,شامبوي دورو 3,دانە,1000,1100,1500,5
5413149798977,ريكاي فيري 1440غرام,دانە,1000,2350,2750,5
8698898446530,ديتول,دانە,1000,600,1000,5
6281006436947,شامبوي سانسيلك5,دانە,1000,1600,2000,5
6253803000010,ديتول سةرتول 500 مل,دانە,1000,600,1000,5
8691111454527,هاربيج مخسة لة,دانە,1000,1600,2000,5
4015600324018,ريكاي فيري رساسي,دانە,1000,2100,2500,5
4084500136038,ريكي فيري 960غرام,دانە,1000,1600,2000,5
5410076705702,حةبي غةسالةي ئامان فيري كارتون 20 عدد,دانە,1000,4600,5000,5
5413149798946,ريكاي فيري سثي 500 ط,دانە,1000,700,1100,5
4084500142695,ريكاي فيري رساسي 720,دانە,1000,1400,1800,5
8690572405710,خوي غةسالةي ئامان,دانە,1000,1600,2000,5
8690536437009,خوى غةسالة جلك بو طيرة بينطو 500 ط,دانە,1000,2600,3000,5
4015600323660,ريكاي فيري 480ط   رساسي,دانە,1000,1100,1500,5
8690572400920,شامبوي غةسالةي ئامان بريل,دانە,1000,1850,2250,5
9000100806077,حةبي غةسالةي بيرسل,دانە,1000,5850,6250,5
6251059335344,دةرمان جام ئيزى شين 825 مل,دانە,1000,2100,2500,5
6251059318347,دةرمان جام يزي ليمويى 825 مل,دانە,1000,2100,2500,5
8690511123156,دةرمان جام شين 500مل ABC,دانە,1000,850,1250,5
8680264080226,معتةر جةو,دانە,1000,1100,1500,5
8697713829817,معتةر جو بيروس,دانە,1000,1600,2000,5
8681030140380,ئاف جام فيري,دانە,1000,400,800,5
8697413290795,دةرمان تةباخ رةش,دانە,1000,600,1000,5
8697713828803,دةرمان ئةسثيروكس سور 750 مل,دانە,1000,1850,2250,5
8698898445878,دةرمان دار,دانە,1000,1350,1750,5
8691582777378,معتةر لوكس,دانە,1000,1350,1750,5
8691582777361,معتةر لوكس  2,دانە,1000,1350,1750,5
9000100955508,دةرمان برسيل 1820,دانە,1000,4850,5250,5
8690570530773,فانيش 400غرام,دانە,1000,1500,1900,5
8690570532746,فانيش 900,دانە,1000,2600,3000,5
8690570523423,فانيش توز,دانە,1000,2600,3000,5
9000100683357,دةرمان برسيل 1000غرام   تركي,دانە,1000,2600,3000,5
8680264084026,شامبوي جيف تةباخ,دانە,1000,1600,2000,5
8690536100507,دةرمان مافور,دانە,1000,2850,3250,5
4620739973046,معتةر طول محمدي,دانە,1000,1100,1500,5
8690536000029,معةتةر جلك بينطو ثيفازي 3 لتر,دانە,1000,3600,4000,5
8690536001743,شامبوب بينطو 2لتر,دانە,1000,2600,3000,5
8690536900039,شامبوي بينطو طول,دانە,1000,3100,3500,5
6261418300470,ريكاي بريز,دانە,1000,350,750,5
6251059309208,بلس فايف مافور 1 لتر,دانە,1000,3350,3750,5
8690570530605,فانيش 3600مل,دانە,1000,8300,8700,5
5410076186914,دةرمان ئاريال جلك,دانە,1000,1600,2000,5
6260467404467,ريكاي ماريا,دانە,1000,350,750,5
6260467404450,ريكاي ماريا 2,دانە,1000,350,750,5
6253504307012,دةرمان جلكي رةش,دانە,1000,1200,1600,5
6215000025838,فلاش الوزير,دانە,1000,600,1000,5
6251059354208,دةرمان بورى كويك 1 لتر,دانە,1000,2850,3250,5
6261710300109,فلاش,دانە,1000,600,1000,5
2161120428470002,فلاش    2,دانە,1000,600,1000,5
8690511125594,دةرمان 1لتلر ئ ب س,دانە,1000,1100,1500,5
86900591,دةرمان فيرنال 2لتر,دانە,1000,2100,2500,5
8690511125556,معةتةرى جلك 1000مل ABC,دانە,1000,1600,2000,5
8690536008964,بينطوي شين,دانە,1000,3100,3500,5
8690536001729,بينطوي 2 لتر,دانە,1000,2850,3250,5
8690511191858,شامثوى ABC جلك 1500مل,دانە,1000,2850,3250,5
9000100683890,شامبوي بيرول 2 لتر,دانە,1000,3850,4250,5
8690536079124,معةتةر جلك بينطو 1لتر,دانە,1000,1600,2000,5
8690536922574,شامبوي بينطو جلكي رةش,دانە,1000,4300,4700,5
8690536079186,شامبوي بينطو 1لتر,دانە,1000,1450,1850,5
9000100776868,شامبوي فيرنيل 3لتر,دانە,1000,3100,3500,5
90004438,شامبوي بيروال3لتر,دانە,1000,6100,6500,5
5775345139436,شةربةت سةنكويك مشةكل 840مل,دانە,1000,5600,6000,5
5775345137692,شةربةت سةنكويك خوخ وثرتةقال 840 مل,دانە,1000,5600,6000,5
5775345121264,شربت سن كويك,دانە,1000,4450,4850,5
5775345139429,شةربةت سةنكويك  ثرتقال شوشة 840 مل,دانە,1000,5600,6000,5
5775345133519,شةربةت سةنكويك ثرتةقال 2 لتر,دانە,1000,12350,12750,5
5775345121004,سن كويك,دانە,1000,4450,4850,5
6261939900609,شربت سان ستار 2 لتر,دانە,1000,4600,5000,5
6260308310117,ماينوس سحر,دانە,1000,1100,1500,5
6260273700982,ئاب طلاب اسلات,دانە,1000,1200,1600,5
6260308310537,ماينوس سحر سبي,دانە,1000,1200,1600,5
6291003191220,ماينوس تيفاني زةلاتة 500 مل,دانە,1000,2350,2750,5
6260142620007,ماينوس شوشةي طةورة بريستان 900غرام,دانە,1000,2100,2500,5
6260273701385,ئاب بيدمشك اسالات,دانە,1000,1200,1600,5
6260273701057,ئاب نعناع اسالات,دانە,1000,1200,1600,5
6260273715429,ئاف ليمو اسلات شوشة 430مل,دانە,1000,1350,1750,5
8697422631312,كةضةث زيَر شرين 550طرام,دانە,1000,850,1250,5
8697422631503,ماينوس زير 410 ط,دانە,1000,1100,1500,5
6260308310469,ماينوس هزار جزيرة سحر 400 ط,دانە,1000,1350,1750,5
8698848002328,دةرمان كاشي,دانە,1000,1100,1500,5
8690530015029,كلينس سيَلثاك مةتبةخ 2 رول,دانە,1000,1350,1750,5
8699177680331,داركي طوجك,دانە,1000,350,750,5
1536854256267,توفكي زير,دانە,1000,600,1000,5
5427250002748,توفكي بةتام,دانە,1000,600,1000,5
8690530015043,كلينس سلثاك مةتبةخ 6 رول,دانە,1000,4350,4750,5
6260869300022,فاصولى جيتى فةرجام 450طرام,دانە,1000,4100,4500,5
6260869300039,فاصولى سور فرجام 500 ط,دانە,1000,2600,3000,5
6260869300121,ئالينوك فرجام 500 طرام,دانە,1000,2600,3000,5
6260869300145,ليمو فرجام 100غرام,دانە,1000,1100,1500,5
6260869300015,جةى فرجام 500 ط,دانە,1000,1100,1500,5
6260869300107,نيسك ثان فرجام 500طرام,دانە,1000,2600,3000,5
6260869300299,سويا فرجام 180طرام,دانە,1000,1100,1500,5
6260869300176,قةند فةرجام 250 ط,دانە,1000,350,750,5
6260869300565,قةند فةرجام 250طرام,دانە,1000,600,1000,5
8690506414856,حةفازة ئيظى بةيبى 44عدد رةقةم 1,دانە,1000,5100,5500,5
8690506403072,حةفازة ئيظى بةيببى 58عدد رةقةم 2,دانە,1000,7350,7750,5
8690506403089,حفازةي ئيظى بةيبى 46عدد رةقةم 3,دانە,1000,7600,8000,5
8690506403102,حفازةي ئيظى بةيبى 34عدد رةقةم 5,دانە,1000,7100,7500,5
8697924592722,كونفي 1,دانە,1000,4500,4900,5
8697924592692,كونفي 2,دانە,1000,4350,4750,5
8697924593941,حةفازة كونفى 36عدد رةقةم 3,دانە,1000,5350,5750,5
8697924593958,حةفازة كونفى 32عدد رةقةم 4,دانە,1000,5350,5750,5
8697924593965,حةفازة كونفى 26عدد رةقةم 5,دانە,1000,5350,5750,5
8690547040052,دةرمان كيك يكينج باودر كينتون 36عدد,دانە,1000,2100,2500,5
8690547101227,كريم شانتى كينتون 150طرام,دانە,1000,1100,1500,5
8697422630520,فانيل بالسكر كيك زير 40*5غرام,دانە,1000,1100,1500,5
8690547030039,دةرمان كيك فانيل كينتون 36عدد,دانە,1000,1600,2000,5
8690547187061,كيك حازري زير,دانە,1000,1200,1600,5
8697589713074,كريم كيك سبي,دانە,1000,600,1000,5
6260134422534,دةرمان كيك حازري,دانە,1000,1200,1600,5
8690547187054,دةرمان كيك حازري,دانە,1000,1350,1750,5
8697422631770,ئاري كيك زير,دانە,1000,350,750,5
8697424230001,ئاري بيشلير 1كيلو,دانە,1000,850,1250,5
8695150003463,ئاري كيك هسبي رش,دانە,1000,100,500,5
8690547021488,جيلى كينتون 80طرام,دانە,1000,350,750,5
8697820270199,حفازةي سققةت 8عدد,دانە,1000,3100,3500,5
8697713800427,حةفازةى لين بةيبى رةقةم 4,دانە,1000,2600,3000,5
8697405342525,حفازةي ئونلم,دانە,1000,4500,4900,5
8697405342587,حةفازةى ئونلةم مندال 40عدد رةقةم 2,دانە,1000,5100,5500,5
8697405342594,حةفازةى ئونلةم مندال 36عدد رةقةم 3,دانە,1000,5100,5500,5
8697405343744,ئونلم 5,دانە,1000,4350,4750,5
8697480060215,شعري بيشلةر 500 ط,دانە,1000,350,750,5
8697480060017,شعري بيشلير,دانە,1000,400,800,5
6260171530025,شعري مانا هورد 500 ط,دانە,1000,600,1000,5
6260171523195,رذدةى بورى مانا 500ط,دانە,1000,600,1000,5
3800061803520,ثسكيت ويفةر خييو 50طرام*24عدد,دانە,1000,5350,5750,5
0162300040620045,كيك يراني,دانە,1000,1100,1500,5
8690506475871,سابون دوروي طورة,دانە,1000,1500,1900,5
8690506463571,سابون دورو,دانە,1000,1500,1900,5
9010000000142,نان,دانە,1000,350,750,5
8999999033224,شامثوى لايف بوى شين 340مل,دانە,1000,2100,2500,5
8999999033149,شامبوي لايف بوى 340مل,دانە,1000,2100,2500,5
6260171523133,معكةرون مانا يال اسبى 500طرام,دانە,1000,600,1000,5
6260171525335,يسثاكيتى مانا 500 ط,دانە,1000,600,1000,5
6260171523065,رذدةى مانا 500طرام,دانە,1000,600,1000,5
8690946108261,شعري هةسبي رةش,دانە,1000,0,400,5
8697422634559,رذدةي زير برغى 200طرام,دانە,1000,100,500,5
8697422634597,شعري زير,دانە,1000,0,400,5
8697422633873,شعري زير 200ط,دانە,1000,100,500,5
8690946108100,بغي هةسبي رةش,دانە,1000,0,400,5
8690555511117,فرضةى بةنات مندالان دينو,دانە,1000,1100,1500,5
8690555511940,فرجةي بةنات قالك سوفت,دانە,1000,1100,1500,5
6953872580320,فرجةي دةبل,دانە,1000,1350,1750,5
6949855703152,فرجةي ليف هي لاستيك,دانە,1000,350,750,5
8690555510127,فرجة بةنات,دانە,1000,600,1000,5
8690927522604,فرجةي مندالان ديفاش,دانە,1000,350,750,5
5000198209853,معجون سين سودان عسل +فرضة,دانە,1000,1600,2000,5
6932759382981,فرجةو معجون مندالان,دانە,1000,100,500,5
9502930974167,معجون سينسودان,دانە,1000,2100,2500,5
8699241250149,معجون مندالان,دانە,1000,350,750,5
4015600756758,معجون ددان كريست كومثليت هيربال فريش 100 مل,دانە,1000,1600,2000,5
5000174422498,معجون ددان كريست بضوك 50 مل,دانە,1000,600,1000,5
8697512322670,حفازةي بينطوين,دانە,1000,4350,4750,5
8697512323080,بينطوين,دانە,1000,4350,4750,5
8699241250040,معجون تركي ددان,دانە,1000,600,1000,5
8697512322663,حفازةي بينطوين,دانە,1000,4350,4750,5
8001100011875,بيسكويت بالوكو ئيتالى 350طرام,دانە,1000,2100,2500,5
8001100011585,بسكيت يتالي 1000غرام,دانە,1000,2600,3000,5
8001100011592,بسكيت 1000 غرام يتالي,دانە,1000,2600,3000,5
8001100065038,بسكيت يتالي 1,دانە,1000,2850,3250,5
6281034001063,شةربةت ظيمتو شوشة 710 مل,دانە,1000,3850,4250,5
6261149146200,شربت سكي,دانە,1000,600,1000,5
6261149146187,شربت حازري,دانە,1000,600,1000,5
8690572409251,ريكا ثريل 1306مل,دانە,1000,3100,3500,5
4820156632582,بسكيت يتالي,دانە,1000,600,1000,5
8699182380813,شامبوي كونفى مندالان 500 مل,دانە,1000,1100,1500,5
8680261015030,دةرمان كاشي,دانە,1000,1100,1500,5
6261939912350,شربت سان ستار,دانە,1000,2100,2500,5
8680264083302,سابون سائيل,دانە,1000,400,800,5
6261939912367,شربت سان ستار,دانە,1000,2100,2500,5
6261149146088,شربت حازري,دانە,1000,600,1000,5
90020612,شربت راوغ طةورة,دانە,1000,3350,3750,5
8690946108063,برغي شعري,دانە,1000,0,400,5
6251059369424,دةرمان كاشي جيرميكس +ثةروك,دانە,1000,2599,2999,5
6251059453420,دةرمان كاشى ئيزى1لتر+ثةروك,دانە,1000,3600,4000,5
86900652,ريكاي ثريل شين 653مل,دانە,1000,1350,1750,5
5011321257573,شامبوي بيرت,دانە,1000,1600,2000,5
5011321257429,شامبوي بيرت,دانە,1000,1600,2000,5
5410076965755,شامبوي بيرت,دانە,1000,1600,2000,5
5410076662791,شامبوي بيرت,دانە,1000,1600,2000,5
037000062059,شامبوي شولدةر امريكي,دانە,1000,3350,3750,5
5011321360990,شامثوي هيةد شولدةر سعودي 400 مل,دانە,1000,3600,4000,5
5201089011955,شامبو جون سون تركي 200 ط   ع,دانە,1000,880,1280,5
6260467403644,ريكاي تاز,دانە,1000,700,1100,5
037000829959,شامبوي شولدةر  امريكي,دانە,1000,3350,3750,5
8694965524255,شامبوي مندالان,دانە,1000,300,700,5
5410076990528,شولدةر سعودي,دانە,1000,4350,4750,5
5011321656390,شامثوي هيةد شولدةر سعودى 400 مل,دانە,1000,3600,4000,5
037000520221,شولدةر امريكي,دانە,1000,3350,3750,5
037000061984,شولدةر امريكي,دانە,1000,3350,3750,5
5000174990164,شولدةر سعودي,دانە,1000,4350,4750,5
6281006439634,شامبوي كلير سعودي,دانە,1000,1600,2000,5
8699241250095,شامبوي 000ئورب لايف,دانە,1000,2350,2750,5
8699241250101,بةقلاوة,دانە,1000,2350,2750,5
6281006438668,شامبوي كلير,دانە,1000,2600,3000,5
5410076652686,شامثو ثانتين سعودى 400 مل,دانە,1000,3350,3750,5
9000100775540,دةرمان برسيل تركي 1005 ط,دانە,1000,2600,3000,5
8690547101203,كريم شانتى كنتون 150 ط,دانە,1000,1100,1500,5
5410076652266,شامثوي ثانتين سعودى 360مل,دانە,1000,3350,3750,5
3600521923153,موكةيف يبك 750 مل,دانە,1000,1850,2250,5
8681270427142,بسكويت روتو ئالديظا 24عدد,دانە,1000,4600,5000,5
8690766947712,بسكيت فيطارو,دانە,1000,4100,4500,5
8693029604681,كيك سةموني تودةى 20عدد,دانە,1000,4100,4500,5
8681038217008,بسكيت معزي بكريم,دانە,1000,4100,4500,5
8693029607194,كيك تودةي سور خامةيى 24 عدد,دانە,1000,4600,5000,5
8681270427135,بسكيت روتو سور 24 عدد,دانە,1000,4350,4750,5
8693029606128,كيك سويس رول تودةى 24عدد,دانە,1000,4600,5000,5
8690504944447,نةستةلة ئةلبيلا,دانە,1000,4100,4500,5
8680979275184,بسكيت طولد,دانە,1000,2100,2500,5
8690120160177,نةستةلة نةمبةر وةن توركو 24عدد,دانە,1000,5100,5500,5
8681465040026,كيك موتة,دانە,1000,4100,4500,5
8681270425698,ويفر الديفا,دانە,1000,4100,4500,5
8681270429337,كيك ليمو بجوك,دانە,1000,2100,2500,5
8681270429320,كيك ليمو طةورة,دانە,1000,4100,4500,5
8681270427180,بسكيت بيسكرول,دانە,1000,4100,4500,5
8680979265000,بيتي بور طولد,دانە,1000,1350,1750,5
8690526081199,بيتي بور يتي قهوة,دانە,1000,800,1200,5
8690526031019,ثسكيت ثيتي ثور يتى بضوك 400غرام,دانە,1000,1350,1750,5
8690526041018,ثسكيت ثتيبورى ئيتى طةورة 1000طرام,دانە,1000,3600,4000,5
8680979265055,فينطر طولد,دانە,1000,1350,1750,5
8690504813552,ميترو  24 عدد,دانە,1000,4850,5250,5
8691720001242,فينطر ئةني,دانە,1000,1100,1500,5
8690504034896,ميني ميترو,دانە,1000,5600,6000,5
8001100061092,ويفةر سناك بالوكو ئيتالى 45ط*30عدد,دانە,1000,11100,11500,5
8690526605425,ويفر ئاب فراولة 24 عدد,دانە,1000,4600,5000,5
8690526705521,ثسكيت ويف ئاث شيرو كةكةو 24 عدد,دانە,1000,5100,5500,5
8690526625362,ويفةر ئاب كةكةو 24 عدد,دانە,1000,5100,5500,5
8690533021355,ثسكيت مندالان ئيتى كارتون 1كط,دانە,1000,4600,5000,5
8691720122107,كيك هاى واى زةر  24 عدد,دانە,1000,4600,5000,5
8001100061115,ويفةر سناك بالوكو ئيتالى 45ط*30عدد,دانە,1000,11100,11500,5
8690504929970,نةستةلة ئةلبةنى ضوكولاتة 24 عدد,دانە,1000,5350,5750,5
8693029600751,نةستةلة طويز هندي,دانە,1000,4100,4500,5
8691720103045,ثسكيت كونجي ئانى سوساملى 24عدد,دانە,1000,4600,5000,5
8697448854863,دان كوتاي هةسبي رةش,دانە,1000,600,1000,5
8697448854801,سافار هةسبي  رةش 700 ط,دانە,1000,600,1000,5
8697448854849,دانة كوتا هةسثى رةش 700 ط,دانە,1000,600,1000,5
8681153910143,شربت توز,دانە,1000,1100,1500,5
8681153913014,شربت توز يرتقال,دانە,1000,900,1300,5
6921817801021,كوب خر ي 6 عدد,دانە,1000,4000,4400,5
680678059113,يستيكان تركي عسل خةت رساسي,دانە,1000,2850,3250,5
680678154078,كوثى ضا ثاشاباجى ثوب 2عدد دةسك,دانە,1000,1850,2250,5
8693357090743,بن كاسكس جطارة2عدد,دانە,1000,1100,1500,5
8693357150195,بن كاسكي 2عدد سبي,دانە,1000,1100,1500,5
6920183201206,كوب باريك,دانە,1000,2850,3250,5
8693357059115,يستيكان تركي موديل نوي,دانە,1000,2850,3250,5
8693357263635,يستيكان سادةي بضوك ثاشا باضى 6عدد,دانە,1000,1100,1500,5
680678147520,كوثى ضا ثاشاباجى كييف شوشة سادة 6عدد,دانە,1000,4600,5000,5
8693357075221,ئيستيكان ئينسيبلى ثاشاباضى سادة 6عدد,دانە,1000,2600,3000,5
680678092516,بةرداخ سادة ئالانيا ثاشاباجى 6 عدد,دانە,1000,2100,2500,5
6924005785103,طلاس واري,دانە,1000,3350,3750,5
2345471232153,قاعيدةي خامةي كيك,دانە,1000,1350,1750,5
680678192971,شوشة بورجام فرنى خر 2 عدد,دانە,1000,7600,8000,5
8693357176089,بةرداخ ئاو لوناي سادة 6عدد,دانە,1000,6100,6500,5
8693357077478,بةرداخ خر باريل ثاشاباجى 2خةت زةر بةحةفر 6عدد,دانە,1000,9600,10000,5
8693357041417,بنكي يستيكان,دانە,1000,2900,3300,5
8693357027008,بنكي يستيكان,دانە,1000,2900,3300,5
8692952000324,طلاس لوف,دانە,1000,3350,3750,5
8690506062217,سابون زةيتون عسل,دانە,1000,100,500,5
6260393120387,شير بيبيلاك 400طرام رقم 3,دانە,1000,7100,7500,5
8695876201914,توفكي هار ثةيمان 110 ط,دانە,1000,600,1000,5
8695350194282,توفكي هورد,دانە,1000,500,900,5
5900512200583,بةنير كودا,دانە,1000,850,1250,5
5900512200620,بةنير كودا,دانە,1000,850,1250,5
5900512980775,بةنير كودا,دانە,1000,850,1250,5
8690152181713,بةنير بيتزا,دانە,1000,1600,2000,5
8695543003377,بةنير موراتبي,دانە,1000,800,1200,5
8690158121898,ثةنير كرات خر,دانە,1000,2600,3000,5
9300650271135,بةنير كرافت,دانە,1000,1850,2250,5
4008960005987,ثةنير ئوباى شوشة ئةلمانى 300 ط,دانە,1000,4350,4750,5
8697412091584,ذاذى طيايى باكراج 200 ط,دانە,1000,2350,2750,5
6260424800172,بةنير نوبر,دانە,1000,600,1000,5
6281048103159,بةنير بوك شوشة 240 ط,دانە,1000,2100,2500,5
6260482100337,بةنير نةسيم,دانە,1000,800,1200,5
8697433573014,جبن لور,دانە,1000,1350,1750,5
8697412091423,بةنير المسلس,دانە,1000,1599,1999,5
8690158120143,لور تيك سوت كيسة 500 ط,دانە,1000,2600,3000,5
3073780574310,بةنير بةقرة 24 عدد فرنسي,دانە,1000,2800,3200,5
8691837020006,هةفير ثةقلاوة هاستيل 500طرام,دانە,1000,1600,2000,5
675588,قشتة بينار,دانە,1000,600,1000,5
8691130026798,بةنير يورسان,دانە,1000,1350,1750,5
3073780839631,ثةنيري كيري 6عدد,دانە,1000,1600,2000,5
3073780894326,ثةنير كيري 12عدد,دانە,1000,3600,4000,5
6223000020043,بةنير بةقرة مسري,دانە,1000,50,450,5
9415007030324,ثةنير سةقةر قودي 200طرام,دانە,1000,3600,4000,5
5900512999715,بةنير امنتال,دانە,1000,600,1000,5
5900512200637,بةنير يدام,دانە,1000,350,750,5
6281048103135,بةنير بوك 140غرام,دانە,1000,1350,1750,5
3073781050660,بةنير بقرة بلوك 360ط,دانە,1000,4090,4490,5
9066085417745,ثةنير هةثى كاو قاث 150 ط,دانە,1000,2100,2500,5
8690158020399,لبنة تيك سوت 200 ط,دانە,1000,850,1250,5
8690565012673,قشتة بينار 100 ط,دانە,1000,850,1250,5
8690158121713,بةنير بيتزا,دانە,1000,1600,2000,5
4015400457879,سانتي ئولوةيزي دةبل عسل,دانە,1000,2100,2500,5
8690536839605,سانتي مولبيد,دانە,1000,800,1200,5
8690536839995,سانتي مولبيد,دانە,1000,850,1250,5
8692971090177,خامةي بريزيدن شين 200 مل,دانە,1000,1100,1500,5
6260272815038,ماستي دامداران طةورة,دانە,1000,3100,3500,5
6271002110514,قشتة قيمر 250 مل KDD,دانە,1000,600,1000,5
6260502400010,ثةنير توريس قودي ضوار طوشة 900طرام,دانە,1000,3600,4000,5
6260272800072,ماستي دامداران,دانە,1000,1600,2000,5
6260272815762,خامةي دامداران بيفازى 200 ط,دانە,1000,600,1000,5
6260272815403,دوي دامداران 1500 مل,دانە,1000,600,1000,5
6281034007140,باربيكان ليمو شوشة 330 مل,دانە,1000,600,1000,5
8695280330408,شربت تازج,دانە,1000,100,500,5
8695280330804,شربت تازج شوشة كةسك,دانە,1000,100,500,5
8695280330101,شربت تازج,دانە,1000,100,500,5
8695280330125,شربت تازج,دانە,1000,50,450,5
5449000008046,كولا قودي عيراقي 250مل,دانە,1000,100,500,5
6212202021019,سفن قودى 250 مل,دانە,1000,100,500,5
8695280330200,شةربةت تازج 300مل,دانە,1000,100,500,5
4015600296698,ئاريال عسل,دانە,1000,6100,6500,5
8001090105240,ئاريال عسل,دانە,1000,6500,6900,5
8690530204492,كلينس سلثاك تواليت 4 عدد,دانە,1000,1600,2000,5
6294010510008,كلينس ميطاي,دانە,1000,400,800,5
8690530002531,كلينس سيلثاك مةتعةم 20عدد,دانە,1000,600,1000,5
8680417201119,كونفي كلينس,دانە,1000,0,400,5
8697409099067,كلينس مارماريس كيسك 400 عدد,دانە,1000,600,1000,5
8690511125099,معةتةر جلك 4لتر ABC,دانە,1000,5100,5500,5
8690511125754,دةرمان 4لتر ئ بيسي,دانە,1000,4100,4500,5
8690511125112,معةتةر جلك 4لتر ABC,دانە,1000,5100,5500,5
8690511125853,معةتةر جلك 4لتر ABC,دانە,1000,5100,5500,5
6281006482517,سابون لوكس سعودى عادى,دانە,1000,3600,4000,5
6281006480469,سابون لوكس سعودى 6*170 ط,دانە,1000,5600,6000,5
6281006480421,لوكس عسل,دانە,1000,4350,4750,5
6281006480483,سابون لوكس سعودى 6*170 ط,دانە,1000,4350,4750,5
8690451219483,مريشكي 2200غرام طوزدة,دانە,1000,5000,5400,5
4820107352866,مريشكي 2100غرام,دانە,1000,4850,5250,5
2816588016009,مريشكي 1600غرام,دانە,1000,3599,3999,5
6903284410036,سيلاح طةورة,دانە,1000,7600,8000,5
90415081,ريد بول عسل,دانە,1000,1600,2000,5
8690566506089,زبدةي ئوناي كاسة,دانە,1000,350,750,5
8690158020092,جبنةي عنتاب 250غرام,دانە,1000,2600,3000,5
8690158120754,جبن 3 رةنط تيك سوت,دانە,1000,2100,2500,5
8690158002470,بةنيري ديلي مي 250 غرام,دانە,1000,2000,2400,5
8690158020320,بةنير 350 غرام دةرةجة يك,دانە,1000,3600,4000,5
8690158020405,بةنير 200 غرامي,دانە,1000,950,1350,5
8690158000094,بةنير حلوم,دانە,1000,1850,2250,5
6260009113055,لةثكى ايمن كار اصلى,دانە,1000,1100,1500,5
8690158121034,تيك سوت 500غرام,دانە,1000,2600,3000,5
8690158121010,تيك سوت 250غرام,دانە,1000,1600,2000,5
8690158121546,ثةنير تيك سوت هيركرى 200ط,دانە,1000,3100,3500,5
8695543003490,بةنير مورات بي بيتزا 200 ط,دانە,1000,3100,3500,5
8691837020068,هةفير بورةك هاستيل 360غرام,دانە,1000,1350,1750,5
8695543003445,ثةنير موردبي مشللةت 200 ط,دانە,1000,3600,4000,5
8691422800013,بازليا شوشة 680غرام,دانە,1000,1600,2000,5
8691837100098,كنافة,دانە,1000,1600,2000,5
8699847070219,هةفير بةفلاوة,دانە,1000,1600,2000,5
6253503460022,تايطر قودى 250مل,دانە,1000,600,1000,5
6281006422223,كلير,دانە,1000,1600,2000,5
5410076651627,شامثو ثانتين سعودى 400 مل,دانە,1000,3350,3750,5
5410076633982,بان تين عسل عسل,دانە,1000,4100,4500,5
9000100683388,برسيل 1000مل,دانە,1000,2400,2800,5
6926824763157,كيظارك وةردة قودى 400طرام,دانە,1000,600,1000,5
8888026302023,شير الفجر,دانە,1000,600,1000,5
6926824763164,كظاركى ساخ وةردة قودى 400طرام,دانە,1000,1100,1500,5
4820156632674,ثسكيت طاريبالدى طرونا 354طرام,دانە,1000,1600,2000,5
8690547101210,كريم شانتى كنتون كاكاو 150غرام,دانە,1000,1100,1500,5
6953039200047,طلوب وةسةت,دانە,1000,600,1000,5
6260322510234,نايلوني كةبس,دانە,1000,1100,1500,5
6291055000037,نةسوس فالكون 7.74متر*45سم,دانە,1000,1600,2000,5
6938529200066,نايلون شفاف فود ثاك 450مةتر*2000طرام,دانە,1000,7600,8000,5
6291055047001,نايلون شفاف فالكون 45*20.64,دانە,1000,1600,2000,5
6291001001316,كلينس مسافي 5عدد,دانە,1000,6600,7000,5
9550000982116,لةبكي 10 عدد,دانە,1000,1100,1500,5
6291055004202,دةست كيش فالكون شفاف سمول 100 عدد,دانە,1000,6100,6500,5
6903256842674,لةبكي 100 عدد,دانە,1000,9600,10000,5
6291055017929,لةثكى فالكون قايش 100عدد لارج,دانە,1000,4100,4500,5
8698686922918,زةيتوني بي دةنك,دانە,1000,1950,2350,5
8698686924264,زةيتون رةش لوراس ضرمسى شوشة 900طرام,دانە,1000,10600,11000,5
9555070601011,كاستةر ماكوليكس 300طرام,دانە,1000,1100,1500,5
8858888500127,طةلمةشامي قودي,دانە,1000,560,960,5
6260308356030,كةمثوتى طيلاس سحر قودى 420غرام,دانە,1000,1600,2000,5
5352102310996,كاستةرقودى تيارى 300 ط,دانە,1000,1600,2000,5
5413149634893,تايت اريال 6 كيلو,دانە,1000,9600,10000,5
6260503300081,سبزي ئاش كامضين قودى 480ط,دانە,1000,1600,2000,5
6260283200823,سبزي قورمة,دانە,1000,1600,2000,5
6260308340527,مرةباي سحر طةورة,دانە,1000,3050,3450,5
6260308339989,مرةباي سحر طةورة,دانە,1000,3050,3450,5
6260308340077,مرةباي سحر طةورة,دانە,1000,3050,3450,5
6260308340138,مرةباي سحر فراولة 390غرام,دانە,1000,1350,1750,5
6260308340534,مرةباي سحر شوشة 390غرام,دانە,1000,1600,2000,5
6260308340084,مرةباي سحر شوشة 390غرام,دانە,1000,1350,1750,5
6260308340848,مرةباي سحر شوشة 390غرام,دانە,1000,1350,1750,5
6260308341074,مرةباي سحر شوشة 390غرام,دانە,1000,1350,1750,5
6260308340237,مرةباي سحر شوشة 390غرام,دانە,1000,1350,1750,5
6260308339996,مرةباي سحر شوشة 390غرام,دانە,1000,1100,1500,5
6260308341081,مرةباي سحر طةورة,دانە,1000,3050,3450,5
6260308341043,مرةباي سحر,دانە,1000,550,950,5
8697530989350,مرةباي روعة,دانە,1000,600,1000,5
42092698,هنطظين لانطنيس 125غرام,دانە,1000,3100,3500,5
8697422633545,ماجي زير توز,دانە,1000,1600,2000,5
8697422631046,ماجي زير قالب 600طرام,دانە,1000,2850,3250,5
8697550330095,هنطفين تركي,دانە,1000,1950,2350,5
8680407871759,هنطفين تركي,دانە,1000,1950,2350,5
9640001020112,خورمةي كادة,دانە,1000,700,1100,5
8680407870820,مرةباي شوشة,دانە,1000,1100,1500,5
8935025530619,ماسي سافكول طةورة,دانە,1000,2000,2400,5
6260164212211,ماسي شيلانة,دانە,1000,1100,1500,5
8000616001189,ماجي مريشك توز,دانە,1000,1600,2000,5
8690547101012,كاكاو كينتون توز 100 ط,دانە,1000,2100,2500,5
6260503300456,قورم سبزي كام جين قودى 480ط,دانە,1000,1350,1750,5
8993042221231,سابون,دانە,1000,0,400,5
8999999036652,سابون لوكس,دانە,1000,1200,1600,5
6262054400043,ماسي هرير,دانە,1000,850,1250,5
8697480066996,شعري كارتون,دانە,1000,400,800,5
8697480069553,اوسباكي كارتونة,دانە,1000,400,800,5
6260503300012,قورم سبزي كارتون كامجين 400غرام,دانە,1000,1600,2000,5
6260285350038,سبزي هشك دلستان ثاكةت 30طرام,دانە,1000,100,500,5
6260142650523,سركةي سور طةورة 3 لتر,دانە,1000,1100,1500,5
6946714100091,جركي مشك دةفتةري,دانە,1000,100,500,5
6260869301920,كشمش فرجام 280طرام,دانە,1000,1100,1500,5
6939517200037,سةلةي ميشك كوش,دانە,1000,3100,3500,5
6260482100139,بةنير نةسيم,دانە,1000,50,450,5
6260482100597,بةنير نةسيم خامةي,دانە,1000,800,1200,5
8692971410876,شير ئيضيم بضوك 500مل,دانە,1000,1100,1500,5
8936095040190,ماسي 2كيلو,دانە,1000,5100,5500,5
2822442300801,سينط  تركي,دانە,1000,1600,2000,5
7898506324804,ميلاك,دانە,1000,1290,1690,5
6262978300023,هةمبرطر,دانە,1000,1100,1500,5
07898946613063,ميلاك,دانە,1000,1500,1900,5
4823090300210,بسكيت يتالي 24عدد,دانە,1000,4600,5000,5
4823090300197,بسكيت يتالي 24عدد,دانە,1000,4600,5000,5
8681270425971,بسكريم ديفا,دانە,1000,4100,4500,5
8260167301118,معجزة,دانە,1000,350,750,5
8693029700611,كيك تركي 24عدد,دانە,1000,4100,4500,5
8690526031293,بسكيت 393غرام,دانە,1000,1400,1800,5
8690526072234,بسكيت يتي 188غرام,دانە,1000,850,1250,5
8690504035534,ئةلبةني تاني تاني,دانە,1000,1350,1750,5
4600080501013,بسكيت يتالي  عائيلي,دانە,1000,1100,1500,5
8698686924103,زةيتون لوراس 2875غرام,دانە,1000,5100,5500,5
6260715600047,ماسى شىان,دانە,1000,1100,1500,5
8852111021229,ماسي قبدان,دانە,1000,2100,2500,5
8690506408763,صابون ئيظى بةيبى مندالان 90طرام,دانە,1000,100,500,5
8000700000005,سابون دوف 100 طرام,دانە,1000,600,1000,5
8690506045821,سابون فاكس,دانە,1000,600,1000,5
8690506461195,سابون دورو بجوك,دانە,1000,900,1300,5
8697040109156,سابون وليف,دانە,1000,600,1000,5
8690506399320,سابون دورو قالك,دانە,1000,1100,1500,5
8690506464332,سابون دورو,دانە,1000,100,500,5
8690529134007,سابون فريش 600غرام,دانە,1000,1000,1400,5
8690506475864,سابون دورو طةورة,دانە,1000,1400,1800,5
8697901989996,سابون ئوليف,دانە,1000,350,750,5
4015400417491,سانتي ئولوةيس شينو ثيفازى 9 عدد,دانە,1000,1100,1500,5
8697404380023,سانتي روزي,دانە,1000,300,700,5
8690536825509,سانتي مولبد دريز,دانە,1000,350,750,5
8690506404536,كلينس تةر ئيظى 56 عدد,دانە,1000,1100,1500,5
8690579924245,جةي تركي,دانە,1000,400,800,5
8697422639684,ماجي زير توز 10ط*20عدد,دانە,1000,600,1000,5
8690506461652,سابون دورو رةش,دانە,1000,1400,1800,5
8901030515231,لوكس بجوك سعودي,دانە,1000,1350,1750,5
6221048061707,لوكس سبي,دانە,1000,1400,1800,5
8697420533618,كلينس كوم باك,دانە,1000,850,1250,5
8697924592036,كلينس تةر كونفى 110 عدد,دانە,1000,850,1250,5
8680264083241,سابون سائيل هابي,دانە,1000,350,750,5
6262933100026,هنطفين قالك,دانە,1000,1100,1500,5
8697713829985,سابون سايل سيف,دانە,1000,350,750,5
8694965527621,كلينس طول محمدي 100عدد,دانە,1000,800,1200,5
8697924593439,كلينس تةر كونفي 100عدد,دانە,1000,850,1250,5
8697512323820,كلينس تةري عسل,دانە,1000,300,700,5
8690506400286,قولونيا دورو 200 مل,دانە,1000,1100,1500,5
8698778523481,بةبةي دةجبول سيارة,دانە,1000,850,1250,5
6251059515470,دةرمان تةباخ سيترو 750 مل,دانە,1000,2600,3000,5
089686060027,ئةندومى ثوث مى بةرداخ 60طرام,دانە,1000,100,500,5
089686120134,يندومي عسل,دانە,1000,0,400,5
5285000395164,اندومى سعودى كيسة 70 ط,دانە,1000,0,400,5
8693495021890,سابون بروكس,دانە,1000,1100,1500,5
8690536000067,معةتةر جلك بينطو مندالان سثى 3لتر,دانە,1000,3600,4000,5
6251059568667,جل سبلاش ئوردنى كاشى 1500طرام,دانە,1000,5100,5500,5
4084500570825,دةرمان ئاريال جلك,دانە,1000,4100,4500,5
8410300200055,ماجي جومبو,دانە,1000,2600,3000,5
8680202110725,هةظير ترش بيشلةر 450 ط,دانە,1000,2100,2500,5
6251059569664,جل سبلاش ئوردنى كاشى 1500طرام,دانە,1000,5100,5500,5
6262449600164,تايتي بيستا,دانە,1000,0,400,5
8690637069864,كريم تةباخ جيف زةرد 500 مل,دانە,1000,1600,2000,5
6251059043201,دةرمان قةنةفة و مافور بو نو 400 مل,دانە,1000,4600,5000,5
8690637069888,دةرمان جيف مخسلة,دانە,1000,900,1300,5
6251059720669,جل سبلاش ئوردنى كاشى 1500طرام,دانە,1000,5100,5500,5
8698848002342,دةرمان كاشي كةيلون,دانە,1000,1100,1500,5
6251059703143,دةرمان لافو مخسل,دانە,1000,1800,2200,5
6251059729518,دةرمان تباخ مانكس سثى 760 مل,دانە,1000,2600,3000,5
6251059701149,دةرمان لافو,دانە,1000,1800,2200,5
6260003800258,بهارات قودي سبزان,دانە,1000,1350,1750,5
8852084174052,ماسي مستر تون,دانە,1000,800,1200,5
8681407000576,طوشت ماسى زيَر سادة 160طرام,دانە,1000,1350,1750,5
8936081780062,ماسي سافكول,دانە,1000,800,1200,5
8936081780048,ماسي سافكول,دانە,1000,800,1200,5
8936081780055,ماسي سافكول,دانە,1000,800,1200,5
088525001252,كارى شيث قودى 250طرام,دانە,1000,2350,2750,5
8994420198701,ماسي سيبلو,دانە,1000,850,1250,5
9555467879856,تايت شونيز,دانە,1000,0,400,5
6260031045249,فاس صحت ئيرانى 4 لتر,دانە,1000,2600,3000,5
8699182382138,ريكاي سيتل,دانە,1000,2100,2500,5
8697713823532,سابون سايل 5لتر,دانە,1000,4100,4500,5
8690506418045,سابون سائيل فاكس 4لتر,دانە,1000,4100,4500,5
8697901920715,دةرمان ريكس توز,دانە,1000,200,600,5
8695396745004,غاز جرخ قودى,دانە,1000,600,1000,5
8697405602261,غاز جرخ,دانە,1000,350,750,5
8699182380547,سابون سائل بيفى كةسك 4لترى,دانە,1000,3600,4000,5
6221048600210,معةتةر جلك كومفورت 3لتر,دانە,1000,8100,8500,5
6221048600180,معةتةر جلك كومفورت 2 لتر,دانە,1000,5600,6000,5
8691241002582,هةفيرترش يوفا 100 ط,دانە,1000,600,1000,5
8691241002735,هةفير ترش يوفا 3 عدد,دانە,1000,100,500,5
8695150004040,ماسي سيفان,دانە,1000,1100,1500,5
8691066111612,ويفر جطارة تايم قودى 400 ط,دانە,1000,3600,4000,5
8680945411851,شانسي تركي,دانە,1000,100,500,5
8680945412056,شانسي   طةورة,دانە,1000,600,1000,5
4820156632759,بسكيت يتالي 354 ط,دانە,1000,1100,1500,5
8690506406745,سابون سايل 2لتر,دانە,1000,2100,2500,5
8695504165069,شةكروك شين,دانە,1000,1850,2250,5
8690146059493,شانسي تركيي,دانە,1000,600,1000,5
8690526013145,ئيتى جن عايلي ثرتةقال 325 ط,دانە,1000,1350,1750,5
4820156631219,بسكيت 160 غرام,دانە,1000,600,1000,5
6262167500340,فستق برتيش قودي,دانە,1000,2850,3250,5
6260922100064,قةسب يراني,دانە,1000,3100,3500,5
6260100109650,بفك مينو,دانە,1000,500,900,5
014113912860,فستةق ونديرفول 115طرام,دانە,1000,3350,3750,5
014113912877,فستةق امريكي 115غرام,دانە,1000,2800,3200,5
014113912938,فستةق امريكي 115غرام,دانە,1000,2800,3200,5
8000380005963,بسكيت لواكر,دانە,1000,1850,2250,5
8693298020014,كاكلة كويز ئايدن قالك 400 ط,دانە,1000,5350,5750,5
6262986300022,فستةق سبي,دانە,1000,3100,3500,5
6262167502733,فستةق برستج,دانە,1000,1350,1750,5
8693298010893,بايظوكى سثى ئايدن 100غرام,دانە,1000,1600,2000,5
6262167502535,فستةق برستج كيس,دانە,1000,500,900,5
6262167501651,فستةق,دانە,1000,100,500,5
6260494300053,خوي قالك,دانە,1000,100,500,5
6291111110113,برنجى مرجان شةفاف 5كط,دانە,1000,9600,10000,5
6266706800090,برنج زيرين مهر  9كيلو,دانە,1000,13600,14000,5
9647703557106,برنج هود هود10كيلو,دانە,1000,12600,13000,5
8697449901245,برنجى محمود 5كيلو,دانە,1000,9600,10000,5
8697449901269,برنج محمود 10 كيلو,دانە,1000,19100,19500,5
014113912853,فستةق ونديرفول 115طرام,دانە,1000,3600,4000,5
8680492055317,بسكيت بين,دانە,1000,850,1250,5
8690562004121,بيتي بور بيفا,دانە,1000,1600,2000,5
0162300040620046,ثسكيت عائيلي تون تاب,دانە,1000,1100,1500,5
5000396035667,بسكيت داجيستف,دانە,1000,4100,4500,5
6260751900125,بسكيت ستاك,دانە,1000,1100,1500,5
8695504164789,شةكروك فوندانت شين 1 كط,دانە,1000,5100,5500,5
8695504164772,شةكروك فوندانت قهواى 1 كط,دانە,1000,5600,6000,5
8693029030336,شةكروك شير,دانە,1000,2350,2750,5
7790580324940,شةكروك بسك سور 300غرام,دانە,1000,2100,2500,5
8699462600358,شةكروك قالك,دانە,1000,2350,2750,5
8699462600396,شةكروك قالك,دانە,1000,2350,2750,5
4823077608810,شةكروك ميلك سثلاش رةوشةن 1كيلو,دانە,1000,7350,7750,5
4600495529756,شةكروك شير,دانە,1000,4100,4500,5
4823077613029,شةكروك روشن,دانە,1000,3100,3500,5
4600495529992,شةكروك  شين,دانە,1000,4100,4500,5
4600495529817,شةكروك تركي,دانە,1000,3100,3500,5
4760037602566,شةكروك طويز هندي,دانە,1000,3100,3500,5
8699905721503,شةكروك فيقي,دانە,1000,2100,2500,5
4600495531094,شةكروك 1000غرام,دانە,1000,3100,3500,5
5201071135010,شةكروك جلي,دانە,1000,4600,5000,5
4600495529831,شةكروك,دانە,1000,4100,4500,5
4823077610400,شةكروك,دانە,1000,5100,5500,5
8693029604353,شةكروك فيقي يبون 800طرام,دانە,1000,4100,4500,5
4600495531216,شةكروك,دانە,1000,4100,4500,5
6261715202477,شةكروك يراني,دانە,1000,2100,2500,5
6261178327113,ضوكليت ئاناتا استايل كيس 600ط,دانە,1000,1850,2250,5
8693029604339,شةكروك يبون فروتى قالك 900طرام,دانە,1000,4600,5000,5
0098482633106,كلينس كيس,دانە,1000,700,1100,5
6294010510022,كليَنس ميطا 300عدد,دانە,1000,600,1000,5
8690530918450,كلينس سولو,دانە,1000,600,1000,5
8698683781563,كلينس 200عدد  تركي,دانە,1000,850,1250,5
8690530968837,كلينس سيلثاك سةيارة 150 عدد,دانە,1000,850,1250,5
8690146028437,جلي سيتل بيبي تو,دانە,1000,1600,2000,5
8000380180783,ويفةر لوكةر كةكةو شير 125ط,دانە,1000,3600,4000,5
8000380142460,بسكيت لواكر,دانە,1000,1850,2250,5
5281009218350,تيكةلةي كاستانيا 50طرام,دانە,1000,100,500,5
8000380147144,ويفةرلةواكةرى ئيسثريسو 110 ط,دانە,1000,2600,3000,5
8699721111007,لةزطةي برين,دانە,1000,0,400,5
2164231000910042,لةثك طيلان اصلى,دانە,1000,1850,2250,5
6920635200030,لةبكي ئامان ناف ثةروك,دانە,1000,1100,1500,5
6260300810011,لةبكي لالة نورمال,دانە,1000,600,1000,5
6260300810028,لةبكي عسل زنان,دانە,1000,850,1250,5
6260300800005,لةبكي ئامان لالة,دانە,1000,600,1000,5
6920715113045,لةبك,دانە,1000,600,1000,5
6261203412012,لةبكي 100 عددد,دانە,1000,350,750,5
8691477200110,باتوز,دانە,1000,0,400,5
6260111311028,بسكويَت كرمدار مينو سور 192 ط,دانە,1000,350,750,5
8999999033187,شامبوي امريكي 340ط,دانە,1000,2100,2500,5
7622300166755,جيبس ماست وكةرةفس,دانە,1000,0,400,5
6260575900202,ضيثس ئيليت 30ط,دانە,1000,0,400,5
6260575900028,جيبس ئةليت 30ط,دانە,1000,0,400,5
6260575900219,جيبس ئةليت 30طرام,دانە,1000,0,400,5
6260575900080,جيبس يليت,دانە,1000,0,400,5
6260575900035,جيبس ئةليت 30ط,دانە,1000,0,400,5
6260009100437,لةثك طيلان اصلى,دانە,1000,1850,2250,5
8699449032073,بةنيشت ئيكسيت 11طرام,دانە,1000,0,400,5
8699449031540,علك,دانە,1000,0,400,5
6938529200042,نايلون شفاف 100*30 سم فود باك,دانە,1000,1100,1500,5
8690515000484,علك ريلاكس,دانە,1000,600,1000,5
8690949000098,كونجى كروكواز بندةق 70طرام,دانە,1000,600,1000,5
8699721201012,لةزطةي شان 12*18سم,دانە,1000,0,400,5
4017100213311,ثسكيت ثيك ئاث 28 ط,دانە,1000,350,750,5
6260414500044,ئالوجة,دانە,1000,100,500,5
8690526006543,ثوث كيك طوة,دانە,1000,0,400,5
9066085415291,ثةنير هةثى كاو 24عدد*360 ط,دانە,1000,4100,4500,5
5281009276336,تيكةلةى شين كاستانيا قودى 450طرام,دانە,1000,7350,7750,5
8690637639289,سابون لوكس,دانە,1000,1400,1800,5
6221048061684,سابون لوكس,دانە,1000,1400,1800,5
8993560024987,سابون ديتول 6 عدد*100طرام,دانە,1000,3100,3500,5
8698613380132,توفكي بيشلةر طةورة 140طرام,دانە,1000,1600,2000,5
8698613380019,توفكى بيشلةر كوندك 70ط,دانە,1000,600,1000,5
6260171523041,معكرون مانا برغى 500 ط,دانە,1000,600,1000,5
9640001021638,هيل,دانە,1000,1850,2250,5
9640001021645,هيل قالك,دانە,1000,1600,2000,5
8695150003883,زةيتي زةيتون هةسبي رةش,دانە,1000,1000,1400,5
8680313530795,ثول بيبةر,دانە,1000,600,1000,5
8697422630506,ئاف ليمو زير 500مل,دانە,1000,350,750,5
6261416600107,رشدةي ئاش,دانە,1000,800,1200,5
6260142600108,سركةي بجوك,دانە,1000,350,750,5
6260308325005,شبرمان سحر,دانە,1000,2100,2500,5
6260360100015,روني قودي يراني,دانە,1000,2100,2500,5
8697422633668,شةبرمان هنار زير 345طرام,دانە,1000,600,1000,5
8695150003937,ئاف ليمو هةسبي رةش,دانە,1000,100,500,5
6251661534937,طوشت مريشكي قودي,دانە,1000,850,1250,5
6251661534968,طوشت جيل قودي,دانە,1000,1100,1500,5
6260467423000,تايت ماريا كارتون 300غرام,دانە,1000,0,400,5
6260004100425,ئاف ليمو شوشة فيص 420طرام,دانە,1000,600,1000,5
8680702825037,شبرمان بينور,دانە,1000,600,1000,5
6260869303054,ئاري ثيتزا فرجام 250طرام,دانە,1000,1100,1500,5
8697449912340,شوربة ئالتونسا 60طرام,دانە,1000,0,400,5
8697422635778,سوث زير مريشك 65غرام,دانە,1000,100,500,5
8994420101015,طوشت ماسي ميلو بةلةم هار 125 ط,دانە,1000,350,750,5
8994420101008,طوشت ماسي ميلو طولد 125طرام,دانە,1000,350,750,5
751354228724,قةسبي زعبيل,دانە,1000,1350,1750,5
8908001321082,برنج روبي 2كيلو,دانە,1000,3100,3500,5
8697449912333,سوب ئالتون سان 60 ط,دانە,1000,0,400,5
8697422635792,سوث زير مريشك 65غرام,دانە,1000,100,500,5
8697422635761,سوث زير كيظارك 65غرام,دانە,1000,100,500,5
6260003811919,سوب نيسك,دانە,1000,3100,3500,5
8698683780016,كلينس ينباك,دانە,1000,350,750,5
8690146619215,علك بيبي تو 30طرام,دانە,1000,100,500,5
8691556000051,موز ديربي 5عدد,دانە,1000,350,750,5
088168100350,موز 3ثارك,دانە,1000,1100,1500,5
8690885222134,موز سامراي,دانە,1000,600,1000,5
8801038116204,دةفةموز 3عدد سبي,دانە,1000,2600,3000,5
7702018949946,دةفةموز جليت 3عدد,دانە,1000,2100,2500,5
7702018844944,دةفةموز جليت 14عدد,دانە,1000,3600,4000,5
5013405664727,دةفي دةفةموز,دانە,1000,100,500,5
8690506395926,ئاركو ثةمثة,دانە,1000,1600,2000,5
8690506414146,دةظةموز ئاركو 5عدد 2دةظى,دانە,1000,1600,2000,5
8690506403096,حةفازة ئيظى بةيبى 44عدد رةقةم 4,دانە,1000,7350,7750,5
8690146101628,جلي  بيبي تو,دانە,1000,600,1000,5
8693029607651,تودةي عايلي,دانە,1000,600,1000,5
6262652300066,زبدةي سالموك,دانە,1000,100,500,5
4823077607899,شةكروك روشن,دانە,1000,3350,3750,5
6260171523157,رذدةي مانا ثفكى 500 ط,دانە,1000,600,1000,5
6952154900061,مزمزوك,دانە,1000,0,400,5
8693029699519,كيك تركي تودةي,دانە,1000,4100,4500,5
6260322520134,نايلون نيلطون عسل,دانە,1000,600,1000,5
6261203407049,نايلون سيدرا,دانە,1000,600,1000,5
6221048600166,معةتةر جلك كومفورت 2 لتر,دانە,1000,5600,6000,5
8697423125995,بسكيت روتيتا,دانە,1000,3600,4000,5
8690526613017,بسكيت كريم مالي,دانە,1000,4100,4500,5
8690536814107,حفازةي مولفيكس  46عدد  زمارة 3,دانە,1000,7100,7500,5
6260246031235,علكي كولا,دانە,1000,1350,1750,5
8699993514018,مزمزوك تركي,دانە,1000,4600,5000,5
8690536805297,حةفازةي مولفيكس 27عدد رةقةم 4,دانە,1000,5100,5500,5
8690536805310,حةفازةي مولفيكس 20عدد رةقةم 5,دانە,1000,4850,5250,5
8690536805327,حةفازةي مولفيكس 17عدد رةقةم 6,دانە,1000,4850,5250,5
8693029607255,بسكيت تودةي تةنك,دانە,1000,1850,2250,5
8690511191735,شامثوى ABC جلك 1500مل,دانە,1000,3100,3500,5
8693323012205,علك مام عزو سور 100 عدد,دانە,1000,2100,2500,5
8000510454210,بسكيت يتالي 250غرام,دانە,1000,600,1000,5
8695150003012,برنج كوردي هةسبي رةش,دانە,1000,850,1250,5
8697924561506,برنج كوردي بيل باك,دانە,1000,850,1250,5
8697924561483,نيسك زةرد بيلباك,دانە,1000,600,1000,5
8695150002916,ماش هةسثي رةش 750طرام,دانە,1000,1600,2000,5
8695150003791,فاصولي سثي هةسثى رةش 750 ط,دانە,1000,2350,2750,5
8695150002978,لوبي هةسبي رةش,دانە,1000,1350,1750,5
8698995512954,باقلي نةوراس,دانە,1000,850,1250,5
6253501031156,باقلى وةردة قودى 400طرام,دانە,1000,600,1000,5
8697422634467,يسثاكيتى زيَر 200 ط,دانە,1000,100,500,5
6260137930807,دةرمان تارومار شين,دانە,1000,850,1250,5
6260137930838,دةرمان تارومار كةسك,دانە,1000,1350,1750,5
6260137939343,دةرمان تارومار توز ميرو,دانە,1000,600,1000,5
0162240021330005,علك وةن,دانە,1000,6100,6500,5
8693323011208,علك مام عزو شين 100 عدد,دانە,1000,2600,3000,5
8690946108056,اوسباكي هةسبي رةش,دانە,1000,0,400,5
8695150002770,نيسك زةرد هةسبي رةش,دانە,1000,1200,1600,5
8697924561452,طةلمةشامي بيل باك,دانە,1000,600,1000,5
6260003800265,بهارات   قودي كةسك 600غرام,دانە,1000,4100,4500,5
0162240024600083,علك يوبي,دانە,1000,2600,3000,5
6262682500030,طويز هندي,دانە,1000,500,900,5
9945678917216,علكى تاركيت,دانە,1000,1100,1500,5
1164390662870001,سفري عسل,دانە,1000,600,1000,5
8690351142829,قهوة سافي,دانە,1000,4600,5000,5
8698887450456,طوشت مريشك,دانە,1000,1100,1500,5
8695150002954,باقلي هةسثي رةش 650ط,دانە,1000,1350,1750,5
6923481806883,ئةسفةنيك  مشك,دانە,1000,600,1000,5
8698686923762,زةيتون لوراس قودى 2500طرام,دانە,1000,24350,24750,5
8698686920228,زةيتيون لوراس,دانە,1000,1500,1900,5
6952223620340,ثةروك جام و سةيارة,دانە,1000,600,1000,5
5775345139443,شةربةت سةنكويك شوشة ليمو 840مل,دانە,1000,5600,6000,5
513017,ئامانيشك بجوك,دانە,1000,1300,1700,5
6975404365038,ئامانيشك طةورة,دانە,1000,2100,2500,5
6975403399096,مندالي عربانة,دانە,1000,1600,2000,5
6902606138634,دبابة طلوب,دانە,1000,2600,3000,5
6975406969227,دةبانجةي ئاو,دانە,1000,1100,1500,5
680678259940,كوب 2عدد,دانە,1000,1350,1750,5
8692952073755,طلاس لوف طةورة,دانە,1000,5100,5500,5
6924005780085,طلاس ئاو,دانە,1000,3350,3750,5
8693357148017,كوب و بنكي تركي,دانە,1000,7100,7500,5
680678002874,سينكي فرني عسل,دانە,1000,6350,6750,5
680678192735,سينيك فرني,دانە,1000,5599,5999,5
6975405264125,ئامانيشك,دانە,1000,1300,1700,5
4820156631059,بسكيت ماريا,دانە,1000,700,1100,5
4002590006369,شةكروك قودي,دانە,1000,1600,2000,5
4002590006161,شةكروك قودي,دانە,1000,1600,2000,5
680678150674,بن كاسك جطارة,دانە,1000,1350,1750,5
8697449901191,زةيتون رةش ئالتون سا 720طرام,دانە,1000,1850,2250,5
6223002902910,زةيتون زةري شوشةي طةورة,دانە,1000,1600,2000,5
8697422630742,زةيتون زير سوير,دانە,1000,2100,2500,5
8697422635211,سافار زير,دانە,1000,100,500,5
8697422635297,سافار زير رشدةي,دانە,1000,300,700,5
9502930972620,معجون سين سوداي  تركي,دانە,1000,1600,2000,5
3094901410003,فرجةي ددان سين سوداي,دانە,1000,1100,1500,5
80177173,نوتيلا شوشة 350 ط,دانە,1000,3850,4250,5
3610400000714,طولاف روسي عسل,دانە,1000,10100,10500,5
6291103661203,طولاف ميموريس ثياوان,دانە,1000,19600,20000,5
6291103661234,طولاف ميموريس 100مل,دانە,1000,19100,19500,5
8851932262644,شامثوي كلير عسل,دانە,1000,3100,3500,5
8851932262378,شامثوي كلير عسل,دانە,1000,3100,3500,5
8851932265485,شامثوي كلير عسل,دانە,1000,3100,3500,5
5410076881840,شامثو ثانتين سعودى 400 مل,دانە,1000,3350,3750,5
4084500795976,موكةيف ثانتين سعودى 360مل,دانە,1000,3350,3750,5
4084500795648,موكةيف ثانتين سعودى 360 مل,دانە,1000,3350,3750,5
6212861672447,حمام زةيت جولي,دانە,1000,3100,3500,5
6212861602444,حمام زةيت جولي,دانە,1000,3100,3500,5
5011321257634,شامثوي ثيرت عسل 700مل,دانە,1000,4100,4500,5
5011321965096,شامثوي ثيرت عسل 700مل,دانە,1000,4100,4500,5
8851932293556,شامثوي كلير 700مل  عسل,دانە,1000,5600,6000,5
8851932314633,شامثوي كلير 700مل  عسل,دانە,1000,5600,6000,5
8851932267793,شامثوي كلير 700مل  عسل,دانە,1000,5600,6000,5
8691344065644,معتةر فري دوم,دانە,1000,1350,1750,5
3607345387321,معتةر ئةديداس 150مل,دانە,1000,3100,3500,5
3607345401119,معتةر ئدي داس عسل,دانە,1000,2600,3000,5
3607345380292,معةتةر ئةديداس رةش 150 مل,دانە,1000,3100,3500,5
8699009414677,معتةر لوكس,دانە,1000,1350,1750,5
6291100170098,طولاف ئةكتيف ومةن,دانە,1000,12100,12500,5
8851932263252,شامثوي كلير عسل,دانە,1000,3100,3500,5
8851932314077,شامثوي كلير عسل,دانە,1000,3100,3500,5
9000100776905,شامثوي فير نيل 3لتر,دانە,1000,3600,4000,5
7702018874125,دةفةموزي جليت عسل,دانە,1000,9600,10000,5
7702018380978,دةفةموز جليت بةهدية,دانە,1000,8600,9000,5
7702018020294,موز جليت بلو3 6 عدد,دانە,1000,4100,4500,5
7702018874460,دةظى جيَليت عسل 4 عدد,دانە,1000,13600,14000,5
7702018978106,كريم جيليتى بن بال 70مل,دانە,1000,5600,6000,5
4820156630526,ثسكيت ماريشيل 230غرام,دانە,1000,1600,2000,5
8690536081004,شامثوي بينطو كاشي 1 لتر,دانە,1000,1100,1500,5
3574660723335,كلينس جون سون تةر,دانە,1000,1350,1750,5
89004838,فازيلين سعودي عسل 150 ط,دانە,1000,2000,2400,5
8857101129138,سابون سةروجاف عسل,دانە,1000,1100,1500,5
6281056587866,دةرمان مو بخاخ 175مل J.casanova,دانە,1000,3600,4000,5
4897067495735,كريم ريكسوناي عسل,دانە,1000,1850,2250,5
96009628,كريم ريكسوناي عسل,دانە,1000,1850,2250,5
30056640,كريم ريكسونا 40 ط,دانە,1000,1850,2250,5
6281056545705,دةرمان حمام بةخاخ مور 150طرام,دانە,1000,3100,3500,5
6281056547457,دةرمان حمام بةخاخ زةر 150 ط,دانە,1000,3100,3500,5
86906654,نيفياي ئاركو قالك 150 مل,دانە,1000,1850,2250,5
42164104,نيفياى شين قودى 60 مل,دانە,1000,1600,2000,5
051678187227,شامثوي نيتروطينال,دانە,1000,1600,2000,5
6959150010015,داركي ددان,دانە,1000,100,500,5
6281006479647,سابون لوكس سعودي عسل,دانە,1000,4600,5000,5
8691344067297,سيمو معتةر زنان,دانە,1000,3100,3500,5
8680057220792,كريم,دانە,1000,1100,1500,5
8691344065163,كريم شوشةي بن كةفش,دانە,1000,1600,2000,5
8697444366032,جلي ثرج واكس عسل,دانە,1000,2100,2500,5
8697444366018,جلي ثرج واكس,دانە,1000,2100,2500,5
6291100761906,سابون جون سون عسل,دانە,1000,3100,3500,5
6281006405813,نيفياي دوف,دانە,1000,1100,1500,5
8690504869405,ثسكيت كات كات ئولكةر 24 عدد,دانە,1000,5100,5500,5
8690504069409,كيك كات كات 28طرام,دانە,1000,0,400,5
8690504869009,ثسكيت كات كات ئولكةر 24 عدد,دانە,1000,5100,5500,5
8420140334445,مةكينةي ردين يتالي,دانە,1000,12600,13000,5
6900606050093,مةكينةي ردين,دانە,1000,11600,12000,5
6900606000050,مةكينةي ردين عسل,دانە,1000,11600,12000,5
8992695714060,معجون سين سودان عسل,دانە,1000,3100,3500,5
9310042627501,معجون ددان سنسوداين ئورجينال تايلةندى 100ط,دانە,1000,4600,5000,5
6281006413351,معجون سيكنال كةورة,دانە,1000,950,1350,5
6221048407956,معجون ددان سيطنال نعناع 120مل,دانە,1000,1350,1750,5
8690555512770,فرضةى ددان بةنات نةرم,دانە,1000,850,1250,5
5000209101527,معجون طولاتي عسل,دانە,1000,2100,2500,5
8697417440707,معجون توز,دانە,1000,1600,2000,5
8690555512534,دافي ددان بةنات,دانە,1000,2100,2500,5
6260171523102,رذدة مانا سوندة 500 ط,دانە,1000,600,1000,5
6281036114600,جيبس ليز,دانە,1000,100,500,5
6281036116505,جيبس ليز طةورة,دانە,1000,500,900,5
6281036116208,جيبس ليز طةورة,دانە,1000,500,900,5
8697924561445,فاسولي سبي,دانە,1000,1100,1500,5
8692173300418,لوبك تات,دانە,1000,1350,1750,5
8697924560127,نوك بيل باك,دانە,1000,1600,2000,5
8681407000637,نوك زيَر 700طرام,دانە,1000,2350,2750,5
4037719068171,شةكروك ئةلماني قودي 200طرام,دانە,1000,2350,2750,5
4037719068317,شةكروك ئةلماني قودي 175 ط,دانە,1000,2350,2750,5
4037719680212,شةكروك ئةلماني قودي 175 ط,دانە,1000,2350,2750,5
4013197767133,شةكروك ئةلماني قودي 175 ط,دانە,1000,1850,2250,5
6215001172098,كلينس كيس 200عدد,دانە,1000,400,800,5
5511759925544,فرجةي مافور,دانە,1000,350,750,5
8690526656465,ميني ثوث كيك قهوة 18غرام*24عدد,دانە,1000,3100,3500,5
8697924592616,كونفي 3,دانە,1000,4500,4900,5
291025,فيطاروو,دانە,1000,4100,4500,5
8690526701295,بسكيت واتيف,دانە,1000,4350,4750,5
8690504019206,بسكيت ئولكةر,دانە,1000,4100,4500,5
8693029606135,كيك رول,دانە,1000,4100,4500,5
8690504953357,ويفر ئولكةر 24عدد,دانە,1000,4350,4750,5
5201360795185,كيك سفن دةيس 16 عدد,دانە,1000,3100,3500,5
8699449030024,علك ئونيبول فراولة 100عدد,دانە,1000,2350,2750,5
8699449030055,علك ئونيبل,دانە,1000,1500,1900,5
8699449030086,علك ئونيبول 100عدد,دانە,1000,2350,2750,5
8699449030116,علك ئونيبل,دانە,1000,1500,1900,5
8699449031618,علك ئونيبول 100عدد,دانە,1000,2350,2750,5
8699449030178,علك ئونيبل,دانە,1000,1500,1900,5
615717808186,حةبي مندالان,دانە,1000,2600,3000,5
68698509291025,بسكيت فيطاروو,دانە,1000,4100,4500,5
8699449030147,علك ئونيبول كولا 100عدد,دانە,1000,2350,2750,5
5281009568356,تيكةلةى كاستانيا كيسة شين ئيكسترا 250طرام,دانە,1000,3600,4000,5
8697443240104,جاثةستي تركي عسل 2عدد,دانە,1000,17600,18000,5
6254566502100,فلاكس عسل بة شةرت,دانە,1000,8100,8500,5
7453049000099,عةسارةي توتا شةربةت,دانە,1000,15600,16000,5
5645751345649,عةسارةي شامي عسل,دانە,1000,17600,18000,5
8001100011882,ثسكيت بالوكو ئيتالى عايلى 350طرام,دانە,1000,1850,2250,5
8690146091905,جلي بيبي تو,دانە,1000,600,1000,5
7510599654,كلينس كيس    600عدد,دانە,1000,900,1300,5
8697409090712,كلينس مارماريس كارتون 200 عدد,دانە,1000,600,1000,5
8680694007404,جابةستي كارةباي عسل,دانە,1000,9600,10000,5
6909022310286,ئامان 7ثارجةي,دانە,1000,5100,5500,5
8693357005716,تاخم فالس دولكو بةرداخ,دانە,1000,6600,7000,5
6889686263831,كليلكي بيبسى وثينير,دانە,1000,600,1000,5
6936454684548,حةلاقةي عسل,دانە,1000,2600,3000,5
6943716388861,حةلاقةي  جلك,دانە,1000,1100,1500,5
6930848100287,مةقلوك,دانە,1000,4600,5000,5
6930848100300,مةقلوك,دانە,1000,6100,6500,5
6930848100294,مةقلوك,دانە,1000,5600,6000,5
8901030517754,سابون سائىل لاىف بو,دانە,1000,850,1250,5
8901030517761,سابون ساءل لاىف بو2,دانە,1000,850,1250,5
5904277116417,قهوة طولد شوشة,دانە,1000,3100,3500,5
8681277194344,معجون هةسثي رةش 1كيلو,دانە,1000,1450,1850,5
8690245201229,نايلون فرني,دانە,1000,350,750,5
9559520316579,لةثك لاتيكس فود باك 100عدد ميديةم,دانە,1000,3600,4000,5
8906037691988,دةرمان كيك ساظورى شوشة 28مل,دانە,1000,350,750,5
8906037692268,دةرمان كيك ساظورى شوشة 28مل,دانە,1000,350,750,5
6934481152269,قاعيدةي كيك,دانە,1000,600,1000,5
8690347060403,بةنير بيتزا,دانە,1000,2100,2500,5
8693357171640,تةبةق شوشة,دانە,1000,2600,3000,5
6950927207072,فلاكس عسل,دانە,1000,4600,5000,5
680678090741,بن كاسك,دانە,1000,1350,1750,5
8680534832050,خي دانك طةورة,دانە,1000,400,800,5
6588896485322,شوشةي شةكر,دانە,1000,1100,1500,5
6941183210043,مةموك شير,دانە,1000,350,750,5
6950239218162,مةموك شوشةي طةورة,دانە,1000,600,1000,5
6954971882650,مةموك شير,دانە,1000,1600,2000,5
6945449339103,مةموك شير لكة,دانە,1000,1250,1650,5
8697410472071,نةسوس كيك ستيل,دانە,1000,1350,1750,5
6261203407537,علاطةي فريزةر,دانە,1000,0,400,5
6923364600539,مةموك بجوك,دانە,1000,1200,1600,5
6950239208262,سةرة مةموك طةورة,دانە,1000,600,1000,5
6930869800913,مةموك زةرد,دانە,1000,350,750,5
8690526623863,ثوث كيك 40عدد,دانە,1000,7600,8000,5
6939042305405,طولاف مندالان,دانە,1000,2600,3000,5
8697659210649,معتةر,دانە,1000,1600,2000,5
8697659210656,معتةر,دانە,1000,1600,2000,5
680678202908,قاعيدةي كيك شوشةي عسل,دانە,1000,14600,15000,5
8692952101281,بن كي ئستيكان,دانە,1000,2900,3300,5
8692952057823,بن كي يستيكان,دانە,1000,2900,3300,5
680678041415,بن كي يستيكان,دانە,1000,2900,3300,5
8433392037866,شيشكي طوشت,دانە,1000,1100,1500,5
726014081668,شةكردانى شوشة ى قةند,دانە,1000,600,1000,5
6917554107564,جيبس قودي,دانە,1000,350,750,5
680678171945,تةبةق شوشة,دانە,1000,2600,3000,5
6917554107533,جيبس قودي,دانە,1000,350,750,5
6917554107557,جيبس قودي,دانە,1000,350,750,5
6917554107526,جيبس قودي,دانە,1000,350,750,5
6291009030257,كيظارك هوركرى شوشة كةويل 330طرام,دانە,1000,1850,2250,5
3812119401091,ماسي ستار,دانە,1000,600,1000,5
6260502400027,بةنير توريس,دانە,1000,3350,3750,5
0133400050240011,ثةنير توريس قودي ضوارطوشة 900طرام,دانە,1000,3600,4000,5
9000100794589,دةرمان ثرسيل 2.31لتر,دانە,1000,5600,6000,5
6260273715337,ترشي موسير,دانە,1000,2600,3000,5
6111079005095,شامثو جون سون 200 سعودي,دانە,1000,1080,1480,5
8697449911824,شوكلاتة محمود 20غرام*12عدد,دانە,1000,1600,2000,5
8697449919448,كاكاو كيك محمود 100 ط,دانە,1000,1600,2000,5
8690632760278,نسكويك خر كيس  450طرام,دانە,1000,2600,3000,5
8690536900138,تايت بينطو غةسالةى ئوتوماتيك 9كط,دانە,1000,12100,12500,5
9501033116047,شير المدهش كيسة 400طرام,دانە,1000,3350,3750,5
5099864006605,شير سميلاك 3,دانە,1000,8850,9250,5
5099864006650,شير سميلاك2,دانە,1000,8350,8750,5
5099864006636,شير سميلاك1,دانە,1000,8600,9000,5
8690451219896,مريشك 2200غرام طوزدة,دانە,1000,7350,7750,5
8690451219889,مريشك طوزدة 2100غرام,دانە,1000,7100,7500,5
8697431552868,ماست سلتان محمد 1750 ط,دانە,1000,2100,2500,5
8697820270014,حفازةي سقةت 7عدد,دانە,1000,3100,3500,5
8697449913729,نيسكاف محمود,دانە,1000,4500,4900,5
8697924593927,حةفازة كونفى 44عدد رةقةم 1,دانە,1000,5350,5750,5
3692820270175,حفازةي سقةت 30عدد,دانە,1000,13100,13500,5
80768258,هيلك كيندةر ئيتالى 20 ط,دانە,1000,600,1000,5
80974482,هيلك كيندةر 20طرام,دانە,1000,600,1000,5
6935543220391,مذمذوك دل 60غ,دانە,1000,600,1000,5
8690504014201,بسكريم كةكةو 110ط,دانە,1000,100,500,5
8697449915600,مود كويك كةكةو محمود قودى 450 ط,دانە,1000,4100,4500,5
8697449913293,شير ناف قهوة محمود 400 ط,دانە,1000,3350,3750,5
8697449918298,كاثوضينو محمود كيس 20عدد,دانە,1000,4350,4750,5
8697449912876,قةهوة محمود كيس 18ط*24عدد,دانە,1000,3100,3500,5
8697449917567,كابجينو كارتون سبي,دانە,1000,2300,2700,5
8690506474331,حةفازةى ئيظى بةيبى رةقةم 6,دانە,1000,7350,7750,5
8697449908510,شير محمود قودى 2500 ط,دانە,1000,19350,19750,5
8690885200743,معجون ديربي ردين 100 ط,دانە,1000,600,1000,5
8690506411220,يفي4,دانە,1000,6600,7000,5
8690536813148,مولفيكس دةبل 30 عدد,دانە,1000,6100,6500,5
8690536805280,حةفازة مولفيكس 30عدد رةقةم 3,دانە,1000,5100,5500,5
8690536815180,مولفيكس 6دةبل,دانە,1000,7100,7500,5
6260661006658,دوي طةورةى هيراز 2450مل,دانە,1000,1600,2000,5
8697422630421,كريم شانتى كةكةو زير 2*75طرام,دانە,1000,600,1000,5
8697422630407,كريم شانتى ظانيلا زير 2*75طرام,دانە,1000,600,1000,5
6260245900013,ليفكي ئامان,دانە,1000,100,500,5
7622100986492,مارليبرو رةش عادى,دانە,1000,850,1250,5
8699449030987,علك يكزيت شوتى 11طرام,دانە,1000,0,400,5
8699449030970,بةنيشت ئيكسيت 11طرام,دانە,1000,0,400,5
8680976404068,علك ستيك,دانە,1000,0,400,5
8690515598783,علك ريلاكس,دانە,1000,600,1000,5
8690515598752,علك ريلاكس,دانە,1000,600,1000,5
8680976404051,علك ستيك,دانە,1000,0,400,5
8690515598813,علك ريلاكس,دانە,1000,600,1000,5
9008700153829,شربت راوخ شوشة,دانە,1000,500,900,5
90020087,شربت راوخ شوشة,دانە,1000,500,900,5
90020599,شربت راوخ شوشة,دانە,1000,500,900,5
90169274,شربت راوخ قودي 355 ط,دانە,1000,500,900,5
9008700164788,شربت راوخ قودي 355 ط,دانە,1000,500,900,5
90169526,شربت راوخ قودي 355 ط,دانە,1000,500,900,5
6271021041523,شربت داليا,دانە,1000,0,400,5
6271021041516,شربت داليا,دانە,1000,0,400,5
90087196,شربت راوخ قودي 355 ط,دانە,1000,500,900,5
90169496,شربت راوخ قودي 355 ط,دانە,1000,500,900,5
8690575941215,شربت تاميك 330 ط,دانە,1000,350,750,5
8690575941611,شربت تاميك,دانە,1000,350,750,5
8690575940621,شربت تاميك,دانە,1000,300,700,5
8690575940416,شربت تاميك,دانە,1000,300,700,5
6253506810053,شةربةت فوتبول 200مل,دانە,1000,0,400,5
6281068754713,راني خوخ قودي,دانە,1000,100,500,5
8850155000620,شير طوندور سى-لايت 240مل,دانە,1000,600,1000,5
4711476616454,قهوة قودي,دانە,1000,500,900,5
8850155000583,شير موز سى-لايت 240مل,دانە,1000,600,1000,5
6254000272316,دراطون,دانە,1000,100,500,5
8690575940812,شربت تاميك,دانە,1000,300,700,5
7350021420268,تايطر وايت 300 مل,دانە,1000,850,1250,5
9002490220709,ريدبول عربي 250مل,دانە,1000,1350,1750,5
8695280825102,كولا قودي كرونجي,دانە,1000,0,400,5
6260272815410,شير دامداران ضةورى 1000مل,دانە,1000,600,1000,5
5449000130389,كولا بتل طةورة 1.75 مل,دانە,1000,600,1000,5
6212203162117,ميرندا بتل 1.75لتر,دانە,1000,600,1000,5
6212202022115,سظن بتل 1.75 لتر,دانە,1000,600,1000,5
8695280330705,شربت تازج,دانە,1000,100,500,5
5449000000712,فانتا قودى 250 مل,دانە,1000,100,500,5
6260869300138,زريشك,دانە,1000,350,750,5
8257420843058,ئاف لايف,دانە,1000,0,400,5
8692922291158,ئاف رني,دانە,1000,0,400,5
8699158371357,ئاف تيان,دانە,1000,0,400,5
8695280831806,كار وانجي شاهين,دانە,1000,100,500,5
8695280831103,كاروانجي شاهين,دانە,1000,100,500,5
90495816,سثرايت شوشة,دانە,1000,100,500,5
54491250,كولا شوشة تركي 200 مل,دانە,1000,600,1000,5
8695280831707,شربت كاروانجي,دانە,1000,100,500,5
8695280831905,تايطر شوشة 310مل,دانە,1000,600,1000,5
8695280831509,شربت كاروانجي,دانە,1000,100,500,5
8695280831301,شربت كاروانجي,دانە,1000,100,500,5
9002349038295,بومبا شوشة زةر 250مل,دانە,1000,1100,1500,5
6212122051332,شير موز بتل,دانە,1000,0,400,5
6281102060565,شربت دالا,دانە,1000,0,400,5
6281102060541,شربت دالا,دانە,1000,0,400,5
6281102060527,شربت دالا,دانە,1000,0,400,5
6281102060558,شربت دالا,دانە,1000,0,400,5
8693855000183,شربت فريش,دانە,1000,100,500,5
8692813003921,شربت كيزال,دانە,1000,0,400,5
8692813003907,شربت كيزالي,دانە,1000,0,400,5
8680057215712,شربت هنطفين,دانە,1000,100,500,5
8680057215651,سودةي تال,دانە,1000,100,500,5
6281034900441,راني شوشة ثرتةقال 200مل,دانە,1000,100,500,5
5449000011114,كولا قودى قةزةم تركى 200 مل,دانە,1000,350,750,5
6215000321015,شربت فانتازي,دانە,1000,100,500,5
6281100327097,شربت واو,دانە,1000,100,500,5
6281034016272,شةربةت راني 200مل,دانە,1000,100,500,5
8693855001548,شربت فريش,دانە,1000,100,500,5
6212201013015,بيبسي شوشة 250مل,دانە,1000,100,500,5
5900334000767,شربت بولندي,دانە,1000,350,750,5
6260661006702,دوي بجوك,دانە,1000,100,500,5
6281034902629,باربيكان شو شة 355مل,دانە,1000,600,1000,5
86903400,بيبسي تركي قودى 330مل,دانە,1000,600,1000,5
8690574801565,بيبسي تركي ماكس 330 مل,دانە,1000,600,1000,5
6281034903695,رانى ترى قودى 330 مل,دانە,1000,100,500,5
86927383,بيبسي شوشة تركي 200 مل,دانە,1000,600,1000,5
6260133601107,شربت تارميتا,دانە,1000,100,500,5
8690504114451,بيسكريم ولكةر 60طرام,دانە,1000,0,400,5
8690511170877,تايت غةسالةى ئوتوماتيك 5 كيلو ABC,دانە,1000,8100,8500,5
8694587125960,بازليا,دانە,1000,250,650,5
8697422635884,ماجي زير سيتل 10ط*60عدد,دانە,1000,3100,3500,5
8697422630278,زةيت زةيتون زير 1كيلو,دانە,1000,5850,6250,5
8697422630490,ئاف ليمو بتل زير 1 لتر,دانە,1000,600,1000,5
6928140302348,نةسوس فود ثاك 37.5*45 سم,دانە,1000,1350,1750,5
5000394004252,ثاتري دووراسي,دانە,1000,1100,1500,5
6921771954696,ثاتري سكويمي,دانە,1000,100,500,5
6950239218209,سةرة مةموك كارتون,دانە,1000,0,400,5
3700082500180,معتةر ريم,دانە,1000,1900,2300,5
3700082500425,معتةر شارليس مةن 175 مل,دانە,1000,2600,3000,5
3700082500395,معتةر شارليس ثيفازى 175مل,دانە,1000,2600,3000,5
3700082500135,معتةر ماركوس سور اصلى 200 مل,دانە,1000,2600,3000,5
3607340618864,معتةر بلةي بو,دانە,1000,2100,2500,5
8691344056840,معتةر ريكسول,دانە,1000,1600,2000,5
8691344056888,معتةلر ريكسول,دانە,1000,1600,2000,5
7702018291014,جلي جليت  عسل,دانە,1000,4100,4500,5
8690511407867,شامثوي هاير هيلك 650طرام,دانە,1000,1350,1750,5
8692173300326,نوك تات,دانە,1000,1500,1900,5
8859119401091,ماسي ليمو,دانە,1000,600,1000,5
8695424300502,شربت ليرةي طةورة,دانە,1000,1500,1900,5
6260142650752,ماينوس بيدستان,دانە,1000,600,1000,5
3073786155186,ثةنير بةقرة 8عدد فرنسي,دانە,1000,1100,1500,5
8697422637338,معجون شوشةي زير,دانە,1000,1100,1500,5
8690511171058,دةرمان جام زةر 500مل ABC,دانە,1000,850,1250,5
8697422631756,زةيتون سيتل,دانە,1000,2600,3000,5
8697422630964,زةيتون زير قودي 430 ط,دانە,1000,600,1000,5
8681407000187,زةيتون زير قودى 940 طرام,دانە,1000,1850,2250,5
8681407000385,دانة هيرك زيَر 700 ط,دانە,1000,600,1000,5
8697422631336,شبرمان شوشةي زير 340غرام,دانە,1000,1350,1750,5
8681407000316,رون زير 3كيلو,دانە,1000,4300,4700,5
6260176840013,ثةنير ميهن فتا 520طرام,دانە,1000,2100,2500,5
6260687300785,ثةنير صباح ديناري,دانە,1000,500,900,5
6260687300761,ثةنير صباح 3كوشة 100 ط,دانە,1000,350,750,5
6260405200755,ثةنير صباح قودي خر 450غرام,دانە,1000,2600,3000,5
6260687301621,ثةنير صباح كةشتي 350طرام,دانە,1000,1350,1750,5
6936485100857,داركي طوشت,دانە,1000,350,750,5
6925517200023,كوث ضا فودباك سةفةرى 50عدد 7oz,دانە,1000,850,1250,5
6260430611144,نايلون كةبس,دانە,1000,1100,1500,5
8697422631329,كةضةث زيَر هار 550 ط,دانە,1000,850,1250,5
6260585900025,ثةنير ئةيناز,دانە,1000,800,1200,5
8690799000279,حةلوا فستةق,دانە,1000,1100,1500,5
8698829380018,نان تركي,دانە,1000,1600,2000,5
8695543003384,لبنة مورابي,دانە,1000,850,1250,5
8695543003421,شاشي مورابي,دانە,1000,2100,2500,5
8690158120389,قيمر تيك سوت,دانە,1000,2350,2750,5
8690158121782,ثةنير اصابح فينطري,دانە,1000,2600,3000,5
8690566503798,زبدةي يفيت,دانە,1000,600,1000,5
8692952135026,قاعيدةي شوشةي كيك لوف,دانە,1000,12600,13000,5
8692952073984,بةرداخ لاف طولد 6 عدد,دانە,1000,5600,6000,5
8692952118012,طلاس لينا,دانە,1000,3300,3700,5
8692952117992,كلاس لينا طةورة,دانە,1000,3300,3700,5
8692952043901,كوث ضا لاظ بةدةسك سادة 6عدد,دانە,1000,4600,5000,5
8692952062797,طلاس ماريو حةفر,دانە,1000,4100,4500,5
8690058996008,تايت سوثر وايت,دانە,1000,350,750,5
680678154092,كلاس بيسترو,دانە,1000,4100,4500,5
680678154115,كلاس سيلفانا,دانە,1000,3850,4250,5
8693357154018,كوب جروما 2عدد,دانە,1000,1800,2200,5
680678127614,طلاس ثليزما,دانە,1000,3600,4000,5
680678363869,طلاس ثيفازي,دانە,1000,2350,2750,5
8693357147010,كوثى ضا ثاشاباجى كييف شوشة سادة 6عدد,دانە,1000,4600,5000,5
8691734114570,ساس عيراقي,دانە,1000,250,650,5
8690526623757,ثوث كيك 24عدد,دانە,1000,4350,4750,5
8690526633763,ثوث كيك ليمويى 24 عدد,دانە,1000,5100,5500,5
8681270425063,كيك فستةق الديفا,دانە,1000,4100,4500,5
8690526706368,ثوث كيك كاراميل 24 عدد,دانە,1000,5100,5500,5
8681270427098,بسكويت ئالديظا جيلى ثرتةقال 24عدد,دانە,1000,4600,5000,5
8681270421300,كيك كشمش الديفا,دانە,1000,4100,4500,5
8691720131529,كيك ئةني فيلاني,دانە,1000,4100,4500,5
8693029607941,كيك تودةي رةش خامةي 24عدد,دانە,1000,4600,5000,5
8690504828860,ديدو ئولكة,دانە,1000,6600,7000,5
8681270425711,كيك ديسك رةش,دانە,1000,4100,4500,5
4823090300234,بسكيت يتالي 24عدد,دانە,1000,4600,5000,5
8693029700819,كيك سةموني 24عدد,دانە,1000,4100,4500,5
4823055518292,بسكيت يتالي  مي ئةند يو,دانە,1000,4350,4750,5
8690504468806,ثودينط ئولكةر,دانە,1000,100,500,5
8681270425940,نةستةلة قهوة دةرةجة 1,دانە,1000,4100,4500,5
8690766037109,ئةلبةني تاني تاني,دانە,1000,100,500,5
8690504034735,بسكويت ئةلبةني بيتيس 72غرام,دانە,1000,350,750,5
8690526605562,ثسكيت ويفةر ئاث طويز هند 24 عدد,دانە,1000,5100,5500,5
680678186666,دولك و بةرداخ,دانە,1000,2350,2750,5
8690717380001,ضاي بيتا سيلان 900طرام,دانە,1000,9600,10000,5
11,1,دانە,1000,0,400,5
0162810087680003,طةزي اخوان,دانە,1000,4600,5000,5
6260287600605,شةكروك طويزهندي,دانە,1000,3100,3500,5
6260467404443,ريكاي ماريا,دانە,1000,350,750,5
8001100011899,بسكيت يتالي,دانە,1000,1100,1500,5
6260134422558,كيك حازري,دانە,1000,1300,1700,5
2898765008007,سينطي تركي,دانە,1000,1850,2250,5
4823077611056,شةكروك روشن,دانە,1000,5100,5500,5
4823077611926,ضوكليت رةوشةن مينكى بينكى 1 كط,دانە,1000,5600,6000,5
4823077611032,شةكروك روشن,دانە,1000,4850,5250,5
6291055017943,لةثك فالكون لارج 100عدد,دانە,1000,3100,3500,5
5000396035698,;d;,دانە,1000,4100,4500,5
6260272815250,شيرى دامداران بى ضةورى 1000مل,دانە,1000,600,1000,5
6940152200405,نبات سوكةري سور 300طرام,دانە,1000,1100,1500,5
8710585401209,ثالكةبينط هولةندى 300غرام,دانە,1000,1850,2250,5
8697924561520,نيسك ثان بيل باك 700 ط,دانە,1000,1100,1500,5
8680264083319,سابون سايل هابي,دانە,1000,350,750,5
8697901920722,دةرمان مخسةل توز,دانە,1000,200,600,5
6210000123430,سابون عبدالرزاق عسل,دانە,1000,600,1000,5
6260272815533,كةشكي ئايش دامداران,دانە,1000,850,1250,5
8698686920266,زةيتون ثيتزا لوراس قودى 430طرام,دانە,1000,1350,1750,5
6281036564207,جيثس دوريتوز,دانە,1000,100,500,5
6260430620030,علاطة فريزةر,دانە,1000,100,500,5
6940267750062,سبوق قودي بيلاو,دانە,1000,100,500,5
8697422820860,سبوق بيلاو,دانە,1000,600,1000,5
6261939900692,شربت سان ستار 2 لتر,دانە,1000,5100,5500,5
6261939900661,شربت سان ستار 2 لتر,دانە,1000,5100,5500,5
9556023096588,ضيثس جاكةر قودي 60ط,دانە,1000,600,1000,5
6957090200169,مةموك ميذ,دانە,1000,350,750,5
8001673999136,فرجةي ردين نيفيا,دانە,1000,1600,2000,5
86919357,بوني مرافق,دانە,1000,100,500,5
6260000222459,سينيكي برنج الزهراء 20عدد,دانە,1000,350,750,5
6260000222084,سينيكي ئافك,دانە,1000,350,750,5
6224000641566,ثةنيرهانا,دانە,1000,1600,2000,5
8693298011029,بايفوك سثي 40غرام,دانە,1000,400,800,5
8693298010619,بايفوك 50غرام,دانە,1000,400,800,5
4017100263101,ثسكيت ثيك ئةث 28طرام,دانە,1000,350,750,5
80001478,ويفةر لوكةر ئةلمانى 25طرام,دانە,1000,100,500,5
8680678821415,دةرمان ميشك لوكسس ثاريس,دانە,1000,1600,2000,5
054881005784,جاي احمد سيلانى سادة 454 ط,دانە,1000,4850,5250,5
054881005821,جاي احمد معتةر,دانە,1000,4100,4500,5
054881005814,ضاى احمد هيل 454طرام,دانە,1000,6100,6500,5
6291001001323,كلينس مسافي 5عدد,دانە,1000,6850,7250,5
8850563002001,معةتةر فلاش ميطا 960 مل,دانە,1000,1600,2000,5
8697412471652,لة زكة ى برين,دانە,1000,0,400,5
8691216024519,جلي هاريبو 160 ط,دانە,1000,1600,2000,5
8691216022522,جلي هاريبو 160طرام,دانە,1000,1600,2000,5
8691216016996,جلي هاريبو 160,دانە,1000,1100,1500,5
8691216017030,جلي هاريبو 160,دانە,1000,1100,1500,5
8691216025103,جلي هاريبو 160طرام,دانە,1000,1600,2000,5
6294001819226,نةستةلة سينطيرس 25غرام,دانە,1000,0,400,5
80983460,علك مينتوس فريش,دانە,1000,1600,2000,5
80756590,علك مينتوس قالك 56غرام,دانە,1000,3100,3500,5
80756606,علك مينتوس فريش قالك 32غرام,دانە,1000,2600,3000,5
8691216019805,جلي هاريبو 25طرام,دانە,1000,0,400,5
8935001706588,علك مينتوس وايت قالك 38عدد,دانە,1000,2100,2500,5
8935001706724,علك مينتوس وايت قالك 38عدد,دانە,1000,2100,2500,5
80889427,علك مينتوس دري,دانە,1000,2100,2500,5
80807131,علك مينتوس فراولة 50 عدد طةورة,دانە,1000,2100,2500,5
80769293,علك مينتوس خوخ,دانە,1000,2100,2500,5
5000159461122,نةستةلة سينيطريس 50غرام,دانە,1000,350,750,5
5000159459228,نةستةلة تويكس 50غرام,دانە,1000,600,1000,5
6221134000986,نةستةلة بندةق,دانە,1000,350,750,5
5900951000270,حةبي مينستر,دانە,1000,600,1000,5
40111445,حةب حةبوك 45طرام M&M,دانە,1000,600,1000,5
40111490,حةب حةبوك 45طرام M&M,دانە,1000,600,1000,5
8690146091196,جلي,دانە,1000,0,400,5
6957743399073,بةنيشت,دانە,1000,0,400,5
8690146655718,جيلى بيبيتو هةمبةرطر 30طرام,دانە,1000,0,400,5
8690146108535,جلي,دانە,1000,0,400,5
8690146661214,شانسي,دانە,1000,0,400,5
8681465040019,ئوزمو,دانە,1000,0,400,5
8690146657514,جلي,دانە,1000,0,400,5
8695876201105,فستةق عبيد ثةيمان 23طرام,دانە,1000,0,400,5
8699449032356,علك يكزيت 11طرام,دانە,1000,0,400,5
6260812001631,كيك يراني,دانە,1000,0,400,5
3800061803483,ثسكيت ويفةر خييو 60طرام*24عدد,دانە,1000,0,400,5
8693029699335,سويس رول تركي,دانە,1000,0,400,5
8690526016368,ثوث كيك كراميل 45طرام,دانە,1000,0,400,5
8690526005560,ثسكيت ويفةر ئاث طويز هند 40ط,دانە,1000,0,400,5
8690504038429,بسكيت بندةق,دانە,1000,4350,4750,5
8691720031522,كيك ئةني,دانە,1000,0,400,5
4823055518353,بسكيت,دانە,1000,0,400,5
8690766290986,بسكيت,دانە,1000,0,400,5
4823055518049,بسكيت,دانە,1000,0,400,5
6260512300348,بسكيت,دانە,1000,0,400,5
8690504019404,بسكيت موز,دانە,1000,0,400,5
8693029607934,كيك تودةي,دانە,1000,0,400,5
8691720012033,بسكيت,دانە,1000,0,400,5
8681270417082,بيسرول,دانە,1000,0,400,5
8690526001296,بسكيت,دانە,1000,0,400,5
8697423124349,بسكيت,دانە,1000,0,400,5
8690526015521,ثسكيت ويف ئاث شيرو كةكةو 40طرام,دانە,1000,0,400,5
8681270411301,كيك كشمش,دانە,1000,0,400,5
8693029604674,كيك سةموني,دانە,1000,0,400,5
8680492051173,بسكيت بين,دانە,1000,0,400,5
5000396035452,بسكيت,دانە,1000,0,400,5
8690504069003,كيك كات كات تات ولكةر 25ط,دانە,1000,0,400,5
8681270417181,بيسرول,دانە,1000,0,400,5
8693029607224,كيك تودةي خامةي 35ط,دانە,1000,0,400,5
8690526005355,ويفر ئاب بندةق 39.5ط,دانە,1000,0,400,5
8690526005423,ويفر ئاب,دانە,1000,0,400,5
8690526001289,بسكيت,دانە,1000,0,400,5
8680979265154,بسكيت طولد,دانە,1000,0,400,5
8690504028802,بسكيت ديدو,دانە,1000,0,400,5
8681270415699,بسكيت,دانە,1000,0,400,5
8690526083018,بسكيت,دانە,1000,0,400,5
4820002307077,بسكيت يتالي,دانە,1000,0,400,5
4820002306926,بسكيت يتالي,دانە,1000,0,400,5
8681270415712,كيك تركي,دانە,1000,0,400,5
8681270419321,كيك ليمو,دانە,1000,0,400,5
8693029700604,كيك تودةي,دانە,1000,0,400,5
8681270413756,بيسرول,دانە,1000,0,400,5
6260869323588,طةزي   كيسك,دانە,1000,1600,2000,5
6260240512341,نان قةيسي,دانە,1000,0,400,5
8697416113596,تيكةلة,دانە,1000,0,400,5
8697448854931,سافار هةسبي رةش بة رشدة 700 ط,دانە,1000,600,1000,5
8695150003876,نيسك زةر هةسثي رةش 750 ط,دانە,1000,1850,2250,5
8428916000402,زةيتون,دانە,1000,500,900,5
6215000025340,سابون الوزير 150طرام,دانە,1000,600,1000,5
6223002900060,زةيتون زةري شوشة,دانە,1000,600,1000,5
8680834602193,طةلمةشامي,دانە,1000,500,900,5
8697633817345,دان كوت لوراس,دانە,1000,300,700,5
8690506348755,شامثوي فاكس هيلك 750 مل,دانە,1000,1600,2000,5
8690572411360,ريكا بريل كة ورة,دانە,1000,1800,2200,5
6212201123011,دييو شوشة 250مل,دانە,1000,100,500,5
6215000321251,فانتازي شربت,دانە,1000,100,500,5
4820156631158,بسكيت ماريا,دانە,1000,0,400,5
6260910101172,تةمةر هندي,دانە,1000,0,400,5
6260414510128,تةمةر هندي,دانە,1000,0,400,5
8681407000613,فاصولى سثى زيَر 700 طرام,دانە,1000,2600,3000,5
0167110013440002,دةرمان كيك حازري,دانە,1000,1200,1600,5
0167110013440001,دةرمان كيك حازري,دانە,1000,1200,1600,5
0167110013440003,دةرمان كيك حازري,دانە,1000,1300,1700,5
9630632000171,جبس حلقة,دانە,1000,0,400,5
144488650101,دوشاف لكة,دانە,1000,500,900,5
3073780984492,ثةنير كيرى اكسترا كاسة 200طرام,دانە,1000,3100,3500,5
6260638700015,قةسثي مريم طويز هندي,دانە,1000,2100,2500,5
6260272801659,زبدة دامداران,دانە,1000,600,1000,5
717273501515,ئاري سوخاري ئةمريكان طاردن 283طرام,دانە,1000,2600,3000,5
6253803000027,ديتول 5لتر,دانە,1000,4350,4750,5
6260406210654,بسكيت كريمالي,دانە,1000,2100,2500,5
8690146108528,جلي,دانە,1000,4600,5000,5
4891460219219,هنطفين 80غرام,دانە,1000,500,900,5
8692981000104,هنطفين بارام 750 غرام,دانە,1000,4100,4500,5
8692981000135,هنطفين بارام 450 غرام,دانە,1000,3100,3500,5
8690632050232,نةستةلة داماك 80غرام,دانە,1000,1350,1750,5
8690632050218,داماك 40غرام,دانە,1000,500,900,5
6221134001068,نةستةلة ساف قهوة 40غرام,دانە,1000,350,750,5
8690632080376,نسكويك نةستةلة,دانە,1000,100,500,5
4823006710218,شةكروك روشن كونجي,دانە,1000,3600,4000,5
6275638564420,تايت ميطاي 3.5كيلو نيف,دانە,1000,4100,4500,5
8690530132016,كلينس سلباك 3ثليت سوثر سوفت,دانە,1000,1100,1500,5
8690530008878,كلينس سلثاك 2ثليت 150عد,دانە,1000,600,1000,5
8901030517747,سابون سائيل ليف بو امريكي,دانە,1000,850,1250,5
8901030517778,سابون سائيل ليف بو امريكي,دانە,1000,850,1250,5
8690511975458,فاس داكس تركي 2500غرام,دانە,1000,2100,2500,5
6251059301202,فلاش سعودى الاصلى 920مل,دانە,1000,2600,3000,5
8690511407423,شامثوي هاير الرجل,دانە,1000,1100,1500,5
8690506028138,سابون دورو قالك,دانە,1000,1100,1500,5
6261939901200,شربت سان ستار 2 لتر,دانە,1000,5100,5500,5
8681270428286,كيك جيكو طو,دانە,1000,4100,4500,5
8690158120228,ثةنير ثيتزا قالب,دانە,1000,1500,1900,5
9000101010138,دةرمان ثرسيل 18000مل,دانە,1000,4100,4500,5
9000100944830,شامثوي فيري نيل,دانە,1000,3100,3500,5
8699182385030,فلاش  مور تركي,دانە,1000,600,1000,5
8690536922819,بينطو جلكي رةش 1كيلو,دانە,1000,1350,1750,5
049000004632,كولا امريكي شوشة 355 مل,دانە,1000,2600,3000,5
8851028001614,ظيتا ميلك شوشة ئينيرذى 300 مل,دانە,1000,1100,1500,5
8851028000631,شير ظيتاميلك شوشة سوجا 300مل,دانە,1000,1100,1500,5
8854419002450,شربت تمرهندي,دانە,1000,600,1000,5
8850228000151,ريدبول زةرد قودى 250مل,دانە,1000,1100,1500,5
6212201012117,بيبسي بتل عيراقى 1.75مل,دانە,1000,600,1000,5
5900334000798,شربت بريتاني,دانە,1000,350,750,5
8695280831202,سودة طازوز,دانە,1000,100,500,5
5900334005625,شربت بريتاني,دانە,1000,350,750,5
0133000052230002,دوي دايتي 1500 مل,دانە,1000,1850,2250,5
5900334000880,شةربةت بريتانى تيمبارك شوشة 250مل,دانە,1000,1600,2000,5
6281034007041,باربيكان شوشة 250 م,دانە,1000,600,1000,5
6212201061016,بيبسي لايت,دانە,1000,100,500,5
6260176820015,شير ميهن ثر ضرب 1 لتر,دانە,1000,1100,1500,5
54492509,كولا شوشة عيراقي,دانە,1000,100,500,5
62900911,مارليبرو رةش و سور عادى,دانە,1000,350,750,5
40329598,وينستون تركي,دانە,1000,3100,3500,5
86916240,مارليبرو تةج تركى,دانە,1000,3600,4000,5
7622100993865,ثاكيت ثةرلةمان,دانە,1000,3100,3500,5
7622100980599,مارليبرو لايت,دانە,1000,1600,2000,5
62901581,مارليبرو طولد,دانە,1000,1600,2000,5
42138112,وينستون تركي,دانە,1000,3100,3500,5
4033100063480,وينستون باريك سةر شين,دانە,1000,1600,2000,5
48741224,وينستون رسم,دانە,1000,1100,1500,5
48743303,وينستون  رةش,دانە,1000,1100,1500,5
48743310,وينستون رةش,دانە,1000,1100,1500,5
84165435,وينستون ستور سةر شين,دانە,1000,1600,2000,5
48741194,وينستون تةبخة,دانە,1000,1100,1500,5
40329574,وينستون تةبخة,دانە,1000,2600,3000,5
30021112,طلواس زةرد طةورة,دانە,1000,350,750,5
30003019,طلواس سور طةورة,دانە,1000,350,750,5
3258173939215,طلواس,دانە,1000,350,750,5
7622100996200,مارليبرو سور,دانە,1000,2100,2500,5
62900737,مارليببرو رةش عةرةبى,دانە,1000,350,750,5
30030008,جيتانس,دانە,1000,600,1000,5
8681407000286,زةيتون زةر مةحشى زير 650 ط,دانە,1000,2600,3000,5
8697924593934,حةفازة كونفى 40عدد رةقةم 2,دانە,1000,5350,5750,5
6281036114006,جيبس ليز سوير,دانە,1000,100,500,5
8680782528408,جيبس ثاتوز طةورة,دانە,1000,600,1000,5
6281036114105,جيبس ليز تماتة,دانە,1000,100,500,5
6281036114808,جيبس ليز,دانە,1000,100,500,5
6281036116307,جيبس ليز طةورة,دانە,1000,600,1000,5
8695350193827,جيبس مينا,دانە,1000,0,400,5
8695350193858,توفكي سثي,دانە,1000,600,1000,5
6260009100147,لةبك طيلان,دانە,1000,600,1000,5
8690562104456,كيك جامبو بيفا سور 24عدد,دانە,1000,4600,5000,5
90087516,شربت راوخ قودي 355 ط,دانە,1000,500,900,5
4823077608537,شةكروك روشن,دانە,1000,600,1000,5
0162300011130011,ساقة تلاي,دانە,1000,100,500,5
8698686924080,ريكاي سيتل,دانە,1000,2100,2500,5
8681407000347,ساظار زيَر 700غرام,دانە,1000,600,1000,5
8690504108023,بسكريم جطارةي,دانە,1000,0,400,5
6260111340189,كريم دار مينو,دانە,1000,0,400,5
8690562004459,بسكيت بيطو جامبو,دانە,1000,0,400,5
8690632048031,نيسكويك كيسة 50طرام,دانە,1000,350,750,5
3800065781572,بسكويت فارنا عائيلي,دانە,1000,1850,2250,5
3800065783415,ثسكيت فارنا 300 ط,دانە,1000,1599,1999,5
3800065781206,بسكويت فارنا عائيلي,دانە,1000,1850,2250,5
7622100982081,ماريليبرو رةش,دانە,1000,2850,3250,5
7622100913160,باكيت مارلبورو,دانە,1000,3100,3500,5
6261886700840,زبدةي نباتي,دانە,1000,100,500,5
8697448854818,سافار هةسثي رةش,دانە,1000,300,700,5
8697924561391,نوك بيل باك,دانە,1000,1600,2000,5
50396238,ثسكيت داجيستف ئورجينال 250طرام,دانە,1000,2100,2500,5
5000396024753,بسكويت دايجستيف ولسن بىَ رون 400طرام,دانە,1000,3350,3750,5
059290500677,ثسكيت هوبنوس شوفان 255طرام,دانە,1000,3100,3500,5
5000396018608,ثسكيت داجيستيف سادة سور 500ط,دانە,1000,3850,4250,5
5000396008784,ثسكيت دايجستيف لايت 250طرام,دانە,1000,2350,2750,5
5000396032925,ثسكيت دايجستيف لايت 500 ط,دانە,1000,4100,4500,5
9310052110680,ثةنير سةقةر قودي 340ط,دانە,1000,4600,5000,5
80001485,ثسكيت لوكةر طاردينا 38طرام,دانە,1000,600,1000,5
80001539,ثسكيت لوكةر كةكةو 45طرام,دانە,1000,600,1000,5
80001461,نةستةلة لوكةر طاردينا 38طرام,دانە,1000,600,1000,5
80001287,نةستةلة لوكةر طاردينا 38طرام,دانە,1000,600,1000,5
80001249,ويفةر لوكةر ئةلمانى 45 ط,دانە,1000,600,1000,5
80001270,ويفةر لوكةر ئةلمانى 45 ط,دانە,1000,600,1000,5
80001218,ويفةر لوكةر ئةلمانى 45 ط,دانە,1000,600,1000,5
4017100124112,ثسكيت ئةلمانى ليبنز زوو 100 ط,دانە,1000,1850,2250,5
4600080501037,بسكيت يتالي  عائيلي,دانە,1000,850,1250,5
8711135484345,طوشت كةلةشيَر طروت 340طرام,دانە,1000,2350,2750,5
6260176820213,شير ميهن كم جرب 1 لتر,دانە,1000,1100,1500,5
86933148,سودةي ليمو ئولوداخ 200مل,دانە,1000,100,500,5
8690885200552,موز سامراي,دانە,1000,600,1000,5
8697449918120,كاثوضينو محمود ثاكةت 20*25 ط,دانە,1000,4350,4750,5
6260453790307,شةكر نةبات زةعفةران بةدارك شهرى 8عدد,دانە,1000,600,1000,5
6262287200144,خيار شور نارذى شوشة 680طرام,دانە,1000,1350,1750,5
59447290,كينت رة ش عةسل,دانە,1000,850,1250,5
8690451709786,كوبة طوزدة 320 ط,دانە,1000,1100,1500,5
8690451709779,سوسيس طوزدة,دانە,1000,500,900,5
8562433324754,قيمة 200 غرام معمل دهوك,دانە,1000,850,1250,5
8690120090023,فىنطة ر,دانە,1000,1600,2000,5
5998067317702,بازليا هشك,دانە,1000,1100,1500,5
8699975540042,شاشي ميرخان,دانە,1000,1850,2250,5
8691225155587,ثنير الحليب 200غ,دانە,1000,2850,3250,5
6281007031233,ثنير مراعى فيتا 200 ط,دانە,1000,1600,2000,5
8695761001155,قة يماغ كوزوجو 150 ط,دانە,1000,1850,2250,5
6212853096015,ماست ئةلسافي,دانە,1000,2100,2500,5
5740900861305,زبدةي لورباك سوير 200 ط,دانە,1000,3600,4000,5
8694962004811,ثةنير ئايناس كةزى 200 ط,دانە,1000,2100,2500,5
8694962004804,ثةنير شعري,دانە,1000,1800,2200,5
8695761001797,ثةنير عنتاب,دانە,1000,1800,2200,5
8681465813514,هنطفين دوبيا,دانە,1000,1100,1500,5
8690351137146,قيماغ تركي,دانە,1000,1350,1750,5
8690351137955,قيماغ نوت ستي,دانە,1000,1600,2000,5
8562433364446,طوشت معمل دهوك 800غرام,دانە,1000,5100,5500,5
6221048210556,شامثوي سان سليك,دانە,1000,1600,2000,5
6281007031240,ثنير مراعى فيتا 200 ط,دانە,1000,1600,2000,5
0111200555420048,برنج كاكا 10كيلو,دانە,1000,13100,13500,5
8690504080893,كيك سوفلي ئولالا ئولكةر 70 ط,دانە,1000,600,1000,5
8690536903528,دةرمان بينطو جلكي رةش,دانە,1000,3350,3750,5
8690536900251,دةرمان كاشي بينطو 1000مل,دانە,1000,1600,2000,5
8690536004287,دةرمان كاشي بينطو 1000مل,دانە,1000,1600,2000,5
8690536903641,معةتةر+نةرمكةرةوةى بينطو 1440مل,دانە,1000,4100,4500,5
8680168341010,ثةنير ثيتزا كيس,دانە,1000,1850,2250,5
8690766950026,كيك كاث كيك,دانە,1000,4100,4500,5
8690562115070,قهوة بجوك,دانە,1000,4100,4500,5
8690766948412,نةستةلة كارسا تورينو 24 عدد,دانە,1000,5600,6000,5
8681038213208,كيك دينا,دانە,1000,4100,4500,5
8681270422161,كيك جيطوت,دانە,1000,4100,4500,5
8690526607238,يتي وان تت,دانە,1000,4350,4750,5
8693029607040,ثسكيت ويفةر تودةى كاكاو 24عدد,دانە,1000,4600,5000,5
4607144734356,بسكيت كوباك,دانە,1000,3100,3500,5
8690504036197,ئةلبةني ئافيشتريمالك 144غرام,دانە,1000,1100,1500,5
8681038213222,كيك دينا,دانە,1000,4100,4500,5
8690351170037,كيك فولامي,دانە,1000,4100,4500,5
8698918010857,ميزي ئوتي عسل,دانە,1000,15600,16000,5
8698918010499,رستوك جلك كيند CC-502,دانە,1000,17600,18000,5
8906041111304,برنجي روبي 5كيلو,دانە,1000,6350,6750,5
8690717012018,برنج بيَستا شةفاف 4.5كغ,دانە,1000,8350,8750,5
8697449908237,برنج محمود 10 كيلو كيس شفاف,دانە,1000,19100,19500,5
2161210147930004,تايت شوف 10كيلو,دانە,1000,7100,7500,5
8690566505105,زبدة ونا 200ط,دانە,1000,350,750,5
8695788005457,رون 1كيلو,دانە,1000,1600,2000,5
8681161010026,قيماغ تركي,دانە,1000,1350,1750,5
8694299020171,زةيتون بي دةنك,دانە,1000,1700,2100,5
6281048103173,ثةنير بوك شوشة 500 ط,دانە,1000,4850,5250,5
6281048097564,ثةنير بوك 240غرام,دانە,1000,1850,2250,5
3073781050684,ثةنير بقرة مربع طةورة,دانە,1000,6600,7000,5
6222016700475,كاكاو توز,دانە,1000,1350,1750,5
8698898443423,معتةر جةو,دانە,1000,1100,1500,5
6291104355651,طولاف كجان,دانە,1000,5600,6000,5
6291104355705,طولاف كجان,دانە,1000,5600,6000,5
6291104355675,طولاف كجان,دانە,1000,5600,6000,5
6291104355668,طولاف كجان,دانە,1000,5600,6000,5
3587925331602,طولاف هندي,دانە,1000,14600,15000,5
6295124018992,طولاف جي جي عسل,دانە,1000,11100,11500,5
8850002006614,ثوتري مندالان كودومو 200طرام,دانە,1000,1350,1750,5
8711600300385,معتةر ريكسونا عسل,دانە,1000,2100,2500,5
8712561534444,معتةر ريكسونا عسل,دانە,1000,2100,2500,5
3607345380049,معتةر ئدي داس عسل,دانە,1000,2600,3000,5
3610400001407,طولاف روسي عسل,دانە,1000,10100,10500,5
3700082500111,معتةر ريم,دانە,1000,1900,2300,5
3700082500210,معتةر ريم,دانە,1000,1600,2000,5
3700082500142,معتةر ماركوس شين 175 مل,دانە,1000,2350,2750,5
6291104861350,معتةر لوفي عسل,دانە,1000,2100,2500,5
6291104861268,معتةر لوفي عسل,دانە,1000,2100,2500,5
6291104861367,معتةر لوفي عسل,دانە,1000,2100,2500,5
5410076965946,شامثو ثان تين دةبل عسل,دانە,1000,4100,4500,5
6291100762088,سابون جون سون  6 عدد,دانە,1000,3350,3750,5
6291100762989,سابون جون سون عسل,دانە,1000,3850,4250,5
6291100763023,سابون جون سون عسل,دانە,1000,2100,2500,5
4084500795860,موكيف ثانتين سعودى 360 مل,دانە,1000,3350,3750,5
5410076652471,شامثو ثانتين سعودى 400 مل,دانە,1000,3350,3750,5
8999999001155,شامثوي جسم لايف بو,دانە,1000,2350,2750,5
8999999005467,شامثوي جسم لايف بو,دانە,1000,2100,2500,5
8999999027247,شامثوي جسم لايف بو,دانە,1000,1850,2250,5
6942267715836,داركي ددان ثلاستيك,دانە,1000,600,1000,5
6281006413146,معجون سينطنال,دانە,1000,850,1250,5
6221048407833,معجون سيطنال عسل 120م,دانە,1000,1350,1750,5
6281006480407,سابون لوكس سعودي اصلى 6ع*170طرام,دانە,1000,5350,5750,5
022400264486,كراتين امريكي 750 ط,دانە,1000,5599,5999,5
6291069716351,موكيف فاتيكا ئيماراتى 400 مل,دانە,1000,2600,3000,5
6291069208238,شامثوي ظاتيكا ئيماراتى 400 مل,دانە,1000,2600,3000,5
6291069208252,شامثو ظاتيكا ئيماراتى 400 مل,دانە,1000,2600,3000,5
8999999001162,شامثوي جسم لايف بو,دانە,1000,2100,2500,5
6291069706420,شامثوي ظاتيكا سير 400مل,دانە,1000,2600,3000,5
2162314794580003,فازلين,دانە,1000,600,1000,5
8850002804760,ثودري مندالان عسل,دانە,1000,1100,1500,5
3574661053882,سابون كلين كلير عسل,دانە,1000,1350,1750,5
6945449300134,سةرةمةموك طةورة عسل,دانە,1000,600,1000,5
6945449302091,مةموك عسل لكة,دانە,1000,1350,1750,5
6221048051067,سابون ليف بو عسل,دانە,1000,600,1000,5
6221048051081,سابون ليف بو عسل,دانە,1000,600,1000,5
6221048051074,سابون ليف بو عسل,دانە,1000,600,1000,5
6221048051050,سابون ليف بو عسل,دانە,1000,600,1000,5
8690555512428,فرجةي مندالان عسل,دانە,1000,600,1000,5
8690555511100,فرضةى ددان بةنات مندالان عسل,دانە,1000,1350,1750,5
3014260777623,فرجةي ددان ئورال عسل,دانە,1000,2100,2500,5
3014260807214,فرضةى ددان ئورال-بىَ 1عدد,دانە,1000,600,1000,5
7702018343492,موزي جليت و جلي جليت,دانە,1000,10600,11000,5
7702018094493,جلي جليت,دانە,1000,3600,4000,5
8690555512442,فرضةى ددان بةنات مندال مقةس,دانە,1000,1350,1750,5
8690529514120,سابون مندالان ديانا 75طرام,دانە,1000,100,500,5
6291055017936,لةثك فالكون ميديةم 100عدد,دانە,1000,3100,3500,5
6291055006152,ورق بن كيك فالكون 10م*30سم,دانە,1000,1350,1750,5
6938529200059,نايلون شفاف فود ثاك 300مم*1300غرام,دانە,1000,5100,5500,5
8711600765672,معتةر ريكسونا عسل,دانە,1000,2100,2500,5
6949777600027,داركي طوجك,دانە,1000,200,600,5
6952316500115,جاثةست 1لتر,دانە,1000,4100,4500,5
6952316500023,جاثةست 2لتر,دانە,1000,8100,8500,5
6952316500061,جاثةست 4لتر,دانە,1000,12100,12500,5
6260140819526,كوب كافي بجوك,دانە,1000,2100,2500,5
6260140801859,كوب كافي طةورة,دانە,1000,2350,2750,5
6260140850215,بةرداخ فالس,دانە,1000,2100,2500,5
6260140800715,بةرداخ بريلان,دانە,1000,1600,2000,5
6927199617052,حةلاقة ديوار 3عدد,دانە,1000,600,1000,5
6956245546428,جةكوج كةتةر,دانە,1000,600,1000,5
8697924594207,سانتي كونفي 8عدد,دانە,1000,600,1000,5
9000100937481,شامبو ثير سيل تركى 1لتر,دانە,1000,2350,2750,5
8697924594061,حفازة ى سقة ت ليديكس,دانە,1000,2850,3250,5
6921968102060,ضةقو طةورة دةسك قاوةى C082,دانە,1000,600,1000,5
6590544563566,جةقة 6عدد,دانە,1000,600,1000,5
4528651223655,جةقوي طةورة,دانە,1000,600,1000,5
4820195090626,شةكروك طويزهندي,دانە,1000,5600,6000,5
6281006436343,شامثوي سان سليك,دانە,1000,1600,2000,5
8680313530825,سابون سائيل 4لتر,دانە,1000,3100,3500,5
8680186800650,دةرمان بيتول 4لتر,دانە,1000,3600,4000,5
8680313530832,سابون سائيل4لتر,دانە,1000,3100,3500,5
8697436917358,باقلى قودى,دانە,1000,350,750,5
8690536900046,معةتةر جلك بينطو سور 3لتر,دانە,1000,4100,4500,5
8698894496300,دةرمان جلك ملون بيتول,دانە,1000,1600,2000,5
5901583404184,نيسكافة طولد هانز,دانە,1000,1350,1750,5
6290050501716,ساس هار,دانە,1000,100,500,5
8690536000043,معةتةر جلك بينطو بنةفشى 3لترى,دانە,1000,3600,4000,5
6260791400111,دوي انوث سةر قةباخ 1400مل,دانە,1000,1100,1500,5
6212201011011,بيبسي قودى 250مل,دانە,1000,100,500,5
6281100327172,شربت واو,دانە,1000,100,500,5
6281100327080,شربت واو,دانە,1000,100,500,5
8699158372354,ئاف طةورة,دانە,1000,0,400,5
87295627,شير موز هولةندي,دانە,1000,600,1000,5
87295603,شير توت فرنطي هولةندي,دانە,1000,600,1000,5
87295610,شير كاكاو هولةندي,دانە,1000,600,1000,5
6260502400393,ثةنير توريس تبريز 230طرام,دانە,1000,600,1000,5
6260502470327,ثةنير خامةي توريس,دانە,1000,600,1000,5
8692922314925,قيماغ بركة,دانە,1000,100,500,5
8692922776679,ماست 2كيلو بةرة كة,دانە,1000,2100,2500,5
8691720001228,بسكيت فينطر ئةني,دانە,1000,1100,1500,5
8680395192119,بسكيت فينطر6عدد,دانە,1000,600,1000,5
8690506026028,سابون دورو بجوك 6عدد,دانە,1000,900,1300,5
6928542907387,قهوة قالك 25 عدد,دانە,1000,100,500,5
6260053185695,جي توز,دانە,1000,0,400,5
6221048700736,جاي ليبتون 100عدد,دانە,1000,3100,3500,5
3387390335750,نسكويك خر كارتون,دانە,1000,3100,3500,5
0167131014470002,شعرية 1كيلو,دانە,1000,600,1000,5
6260322530140,سفرةي نيلطون,دانە,1000,600,1000,5
5601474217601,نوك شوشة,دانە,1000,950,1350,5
8690506026035,سابون دورو 6عدد,دانە,1000,900,1300,5
8690506461676,سابون دورو  90ط  ×6,دانە,1000,1300,1700,5
3073780976466,ثةنير كيري الجرة,دانە,1000,3100,3500,5
80177609,كيندةر ضوكولاتة 4عدد*50غرام,دانە,1000,600,1000,5
80052760,كيندةر بينو 2عدد 43طرام,دانە,1000,600,1000,5
8998666001603,قةهوة تورابيكا ثيرموم 25طرام*20عدد,دانە,1000,4100,4500,5
6210551011019,قهوة بن الحموي,دانە,1000,850,1250,5
7616100498390,سريلاك نةستةلة 7مانطي,دانە,1000,4300,4700,5
7616100046539,سريلاك نةستةلة برنج و شير,دانە,1000,4100,4500,5
7616100831999,سريلاك نةستةلة سيف و شير  7 مانطي,دانە,1000,3850,4250,5
6947325973012,شورت دريز,دانە,1000,4600,5000,5
6942230003274,شورت,دانە,1000,4100,4500,5
6942230002109,شورت,دانە,1000,3600,4000,5
6951539683216,شورت,دانە,1000,3600,4000,5
6933297961621,شورت دريز,دانە,1000,3600,4000,5
6942230001010,شورت دريز,دانە,1000,4100,4500,5
6942230001034,شورت دريز,دانە,1000,3600,4000,5
8694369049422,طورةي ميري,دانە,1000,850,1250,5
8695425469550,طورةي ميرت,دانە,1000,850,1250,5
6939323302994,طورة,دانە,1000,600,1000,5
8697653310017,طوري يليت  تركي,دانە,1000,1100,1500,5
8697653310376,طوري ئورجن عسل,دانە,1000,600,1000,5
6936325961600,طوري,دانە,1000,350,750,5
8698697321045,طوري ميرت,دانە,1000,850,1250,5
8697897453266,طوري ميرت,دانە,1000,850,1250,5
8698712518658,طورةي عسل عسل,دانە,1000,1600,2000,5
8697653310079,طورةي يليت عسل,دانە,1000,600,1000,5
6956821562873,طورة,دانە,1000,600,1000,5
6845221589637,طورةي,دانە,1000,600,1000,5
6295120028261,ديتول بخاخ عسل,دانە,1000,5100,5500,5
6295120022283,ديتول 1لتر عسل,دانە,1000,4850,5250,5
6407508464258,كيك خومالي,دانە,1000,2100,2500,5
6294003560089,شير نيدو كيسة 350طرام,دانە,1000,3350,3750,5
2105465725876,ضثس تورتيَلا 40ط,دانە,1000,0,400,5
6260053183271,ثفك,دانە,1000,0,400,5
6260100108912,ثفك,دانە,1000,0,400,5
6251073000709,ثفك,دانە,1000,0,400,5
6251073001263,ضثس داليا 25طرام,دانە,1000,0,400,5
9647504861907,ثفك,دانە,1000,0,400,5
6253503460664,تايطر شوشة,دانە,1000,100,500,5
7622300121242,ثفك,دانە,1000,0,400,5
8999999045920,سابون ليف بو 4عدد,دانە,1000,1850,2250,5
8692981002665,هنطفين عسل,دانە,1000,4600,5000,5
8692981002467,هنطفين عسل,دانە,1000,4600,5000,5
8696629444336,قةيسي,دانە,1000,1100,1500,5
8698995511452,كونجي نةورةس سثى 500 ط,دانە,1000,1850,2250,5
6260308311046,ساس سحر,دانە,1000,850,1250,5
8691212115211,ساس عيراقي,دانە,1000,250,650,5
9641172000064,ساس عيراقي,دانە,1000,250,650,5
6222016700079,كاكاو توز,دانە,1000,1100,1500,5
6281036560209,جيبس,دانە,1000,0,400,5
6260308311213,ساس سحر,دانە,1000,850,1250,5
6210000123423,سابون حلب,دانە,1000,1600,2000,5
6210078002798,سابون حلب عسل,دانە,1000,1600,2000,5
6260308310070,ماينوس سحر شوشة 600طرام,دانە,1000,1600,2000,5
8680702820025,مرةبا ئالو بالو,دانە,1000,600,1000,5
6262624902175,شيرموز عايس,دانە,1000,350,750,5
6262624902182,شير توت فرنطي,دانە,1000,350,750,5
6262624902168,شير كاكاو عايس,دانە,1000,350,750,5
8999999033194,شامثوي لايف بو كةسك 680مل,دانە,1000,4100,4500,5
8999999033156,شامثوي لايف بو سور 680مل,دانە,1000,4100,4500,5
6260414500761,ترشوك,دانە,1000,0,400,5
6253002435088,كيك تايطر,دانە,1000,3100,3500,5
8697439303899,ملحم مندالان,دانە,1000,4100,4500,5
8698943985571,دان ها نا,دانە,1000,100,500,5
3366351936274,كيك طه ورة,دانە,1000,2100,2500,5
6281036110602,جيبس ليز,دانە,1000,0,400,5
8690526701288,بسكيت ئاليفا,دانە,1000,4100,4500,5
8691066501024,ويفر تيم,دانە,1000,2100,2500,5
6260643310018,دوشاف تري,دانە,1000,2100,2500,5
6260643361010,دوشاف قةسث,دانە,1000,1100,1500,5
6281006480933,سابون لوكس سعودي عسل,دانە,1000,4600,5000,5
8699182380806,شامثوي كونفي مندالان 300 مل,دانە,1000,600,1000,5
8697713831261,دةرمان جابةست  عسل,دانە,1000,1100,1500,5
8698943980705,سافار هانا,دانە,1000,100,500,5
8691901017697,نةستةلة دولار,دانە,1000,0,400,5
6260322530164,سفرةي نيلطون عسل,دانە,1000,600,1000,5
8690351137122,قيماغ تركي,دانە,1000,1350,1750,5
9000100958493,شامثو ثير سيل تركى 1 لتر,دانە,1000,2850,3250,5
8680454460197,ريكا سةيارة,دانە,1000,1350,1750,5
8697713821781,دةرمان ثيروس 1لتر,دانە,1000,1100,1500,5
8697713833142,دةرمان ثيروس ثيفازي,دانە,1000,850,1250,5
8695150002923,طةلمةشامي هةسثي رةش 750ط,دانە,1000,850,1250,5
8697924561421,ماش بيل باك,دانە,1000,850,1250,5
8690506450137,سابون فاكس,دانە,1000,0,400,5
6281006436589,شامثوي سان سليك,دانە,1000,1600,2000,5
8697422636782,خوىَ زير قالك 435طرام,دانە,1000,350,750,5
8680264080233,معتةر جةو شلال هةثى 500 مل,دانە,1000,1350,1750,5
8690511191773,شامثوى ABC جلك 1500مل,دانە,1000,3100,3500,5
8690570530780,فانيش جلكي سثي,دانە,1000,1600,2000,5
8680454460111,دةرمان مافور لوكس,دانە,1000,1099,1499,5
8697713832329,دةرمان ثيروس جلك رةش,دانە,1000,1350,1750,5
8690946107608,شعري هةسثي رةش 2كيلو,دانە,1000,1600,2000,5
8692806516797,نةستةلة ويفةرى شيمشةك 24 عدد,دانە,1000,2350,2750,5
8697449901313,برنج محمود 5كيلو كيس شفاف,دانە,1000,10600,11000,5
9966585426356,شربت خالقي 900مل,دانە,1000,1850,2250,5
8690946108155,شعري,دانە,1000,0,400,5
8690504953197,بسكيت موز ئولكةر,دانە,1000,4100,4500,5
8693029701427,كيك تودةي طوز هند 24عدد,دانە,1000,4600,5000,5
6260910100793,ئالوجة,دانە,1000,100,500,5
6260910100922,ئالوجة,دانە,1000,100,500,5
8697412094066,ثةنير موزاريلا ثيتزا,دانە,1000,1300,1700,5
8697412093847,ثةنير باك راج 500غرام,دانە,1000,3100,3500,5
8697412091430,ثةنير كةزي,دانە,1000,1500,1900,5
8697412092505,لبنة باكراج 180 ط,دانە,1000,600,1000,5
8690347010767,خوشترين ثةنير كانلار,دانە,1000,1600,2000,5
8697412090402,قيماغ باكراج 150 ط,دانە,1000,1850,2250,5
8697713833340,تايت بيروس سيتل 4 كط,دانە,1000,7600,8000,5
8690511191759,شامثوى ABC جلك 1500مل,دانە,1000,3100,3500,5
8690530204485,كلينس متبخ 32 عدد,دانە,1000,11600,12000,5
8680417204752,دةرمان مرافق,دانە,1000,100,500,5
8697713823976,تايت بيروس سيتل,دانە,1000,4600,5000,5
4820008121066,كوكو بوس,دانە,1000,2100,2500,5
4820008126474,كوكوبوس تركي 250 ط,دانە,1000,1350,1750,5
8698995511223,نوك خوش 500طرام,دانە,1000,1600,2000,5
8698995511360,دانةكوت خوش,دانە,1000,600,1000,5
9000100407298,دةرمان مخسل بريف,دانە,1000,2600,3000,5
8690570528794,فانيش توز,دانە,1000,2850,3250,5
8690504100812,كيك ئةلثيلا,دانە,1000,850,1250,5
8690504064107,كيك ئولكةر,دانە,1000,850,1250,5
8690504064176,كيك ئولكةر,دانە,1000,850,1250,5
8690504064190,كيك ئولكةر عايلي,دانە,1000,850,1250,5
8690504064251,كيك عايلي دان كييك,دانە,1000,1600,2000,5
8697924569922,فاسولي سبي 5كيلو,دانە,1000,10100,10500,5
5011321986794,شامثو هيةد شولدةر بايفوك 400مل,دانە,1000,3600,4000,5
5011321361027,شامثوي هيةد شولدةر سعودى 400 مل,دانە,1000,3600,4000,5
8695150004248,شبرمان هةسثي رةش,دانە,1000,1100,1500,5
8697924561209,شبرمان بيبل باك سماق,دانە,1000,600,1000,5
8690504463931,ثوردينك ةلثيلا,دانە,1000,100,500,5
8690504465515,ثوردينك ئولكةر,دانە,1000,100,500,5
6260414501218,ئالوجة,دانە,1000,100,500,5
8697426451053,ماست 2كيلو,دانە,1000,2100,2500,5
8680131202676,حفازةي دارا عسل,دانە,1000,2600,3000,5
8680131202683,حفازةي دارا عسل,دانە,1000,2600,3000,5
8699270014699,نةستةلة,دانە,1000,0,400,5
8690504039365,ميترو,دانە,1000,0,400,5
8693029609679,كيك تودةي طويزهندي,دانە,1000,0,400,5
3800020403631,نةستةلة كيت كات,دانە,1000,350,750,5
3800020456293,نةستةلة كيت كات,دانە,1000,350,750,5
3800020424223,نةستةلة كيت كات,دانە,1000,350,750,5
6281034904456,باربيكان شوشة هنار 335 مل,دانە,1000,600,1000,5
8690575940119,تاميك شربت,دانە,1000,350,750,5
6253507240026,شربت جوان,دانە,1000,0,400,5
3800020423776,نة ستة لة كيت كات,دانە,1000,350,750,5
6260031045287,فاس صحت 750مل,دانە,1000,600,1000,5
0133400050240040,ثةنير توريس   فتا,دانە,1000,1950,2350,5
6528930292141,ماست 2كيلو,دانە,1000,2100,2500,5
5201360796380,كيك سفن  دةى 16 عدد,دانە,1000,3350,3750,5
8693029609686,كيك طويز هندي,دانە,1000,4350,4750,5
8691720152807,بسكيت براو,دانە,1000,4100,4500,5
8690504940739,كيك ئةلثيلا,دانە,1000,4100,4500,5
8690504945970,بسكيت ئةلثيلا,دانە,1000,4100,4500,5
8692806123773,كيك كشمش,دانە,1000,2100,2500,5
8690562171809,بسكيت ئوزمو,دانە,1000,4100,4500,5
8690504940050,كيك ئةلثيلا,دانە,1000,4100,4500,5
8691720106305,بسكويت سةندةويض مينى تروى 24عدد,دانە,1000,4600,5000,5
6260003111620,بسكويت ممتاز مادر ئةصلى 350ط,دانە,1000,600,1000,5
8690504936848,ميترو فتسق عبيد,دانە,1000,4100,4500,5
8690506415341,شامثو  موكةيف دورو,دانە,1000,1100,1500,5
8681407000262,زةيتون زةر شوشة زير 650 ط,دانە,1000,2600,3000,5
5941895900929,نةستةلة موجو,دانە,1000,4100,4500,5
8681270423922,ويفةر كريث ئالديظا 24عدد,دانە,1000,4600,5000,5
8699270014705,نةستةلة بالين,دانە,1000,4100,4500,5
8858718775152,ريكاي ميطاي عسل,دانە,1000,600,1000,5
6261479301096,فاص شوف 4000طرام,دانە,1000,2100,2500,5
6925497688385,كةجي جا سفةري,دانە,1000,100,500,5
6260831100254,كةشك ئايش طةورة,دانە,1000,1600,2000,5
6260831100216,كةشكي ئايش طةورة,دانە,1000,1600,2000,5
6262287200151,خيارشور نارذى شوشة 680طرام,دانە,1000,1600,2000,5
089686120073,اندومى 70ط,دانە,1000,0,400,5
6221050120027,ثةنير مسري,دانە,1000,50,450,5
8690575940911,شةربةت تاميك قودى 330مل,دانە,1000,350,750,5
8690575941413,تاميك شربت,دانە,1000,350,750,5
8695150002886,برنج كوردي هةسثي رةش,دانە,1000,850,1250,5
4002566005372,ثةنير زةلاتة طازى شوشة 300طرام,دانە,1000,4600,5000,5
6281007037396,ثةنير المراعي شوشة,دانە,1000,2100,2500,5
6281007033213,زبدةي مراعي 200ط,دانە,1000,3600,4000,5
5740900861107,زبدةي لورباك بة خوى 100 ط,دانە,1000,1600,2000,5
8692922777744,ماست 2كيلو,دانە,1000,2100,2500,5
8690565003602,ثةنير بنار لبنة تركى 180غ,دانە,1000,1350,1750,5
0133600055200004,خامةي يالود,دانە,1000,600,1000,5
8690158121706,ثةنير ثيتزا تيك سوت,دانە,1000,1550,1950,5
4002566005723,ثةنير ئةلماني طازى 200 ط,دانە,1000,1850,2250,5
5900512200613,ثةنير كودا,دانە,1000,850,1250,5
9066085412511,ثةنير هةبي كو,دانە,1000,1450,1850,5
8680972470715,ثةنير بةرةكة,دانە,1000,1950,2350,5
8680972470739,شاشي بةرةكة,دانە,1000,1600,2000,5
8692259057168,خوشترين بورةكي تركي,دانە,1000,3100,3500,5
8692259053344,بورةكي حازري,دانە,1000,1600,2000,5
9066085411415,ثةنير هةثي كاو 150طرام,دانە,1000,1600,2000,5
9066085411422,ثةنير هةثى كاو 150طرام,دانە,1000,1600,2000,5
9066085413150,ثةنير هةثى كاو 150طرام,دانە,1000,1600,2000,5
9066085411408,ثةنير هةثى كاو 150طرام,دانە,1000,1600,2000,5
6212122061331,شير موز بتل,دانە,1000,0,400,5
7730108002134,ماسي 4عدد,دانە,1000,3100,3500,5
8690451709595,كباب طوزدة,دانە,1000,1850,2250,5
8690451121045,مريشك طوزدة 2كيلو,دانە,1000,7100,7500,5
7891527025941,سينطي كوثيكول 2 كيلو,دانە,1000,11600,12000,5
6260869301937,كشمش فرجام طةورة,دانە,1000,2600,3000,5
8681221510534,مرةبا طيزةر فيث,دانە,1000,850,1250,5
8681221510039,مرةباي هشير فيث,دانە,1000,850,1250,5
6260869300268,زريشك فرجام طةورة 130طرام,دانە,1000,2600,3000,5
6260869302224,بايفوك فرجام رةندة,دانە,1000,2599,2999,5
6260869300879,فستةق هوركرى فرجام 35 ط,دانە,1000,2100,2500,5
6260869300374,جةي ثان كري فرجام 250طرام,دانە,1000,1100,1500,5
8858718775145,ريكاي ميطاي عسل,دانە,1000,600,1000,5
9000100794558,تايت ثيرسل 5كيلو,دانە,1000,7100,7500,5
8695761001490,لور ميرسوت دةرة جة يك,دانە,1000,1850,2250,5
8690506455606,سابون دورو طول بجوك,دانە,1000,850,1250,5
9556023221423,جيثس جاكةر دريذ 90طرام,دانە,1000,1100,1500,5
8697159165302,رون 6 كيلو,دانە,1000,11600,12000,5
8697713821835,تايت بيروس سيتل,دانە,1000,4600,5000,5
8691216027336,جلي هاريبو 80غرام,دانە,1000,600,1000,5
8691216022027,جلي هاريبو 80غرام,دانە,1000,600,1000,5
8691216020689,جلي هاريبو 80غرام,دانە,1000,600,1000,5
8691216027312,جيلى هاريبو كولا 160طرام,دانە,1000,1600,2000,5
4820107353467,شةبيلكي تركي,دانە,1000,2600,3000,5
4823055516939,شانسي   طةورة,دانە,1000,600,1000,5
4600080441104,ثسكيت كروفكا عايلى 150ط,دانە,1000,850,1250,5
4600080441098,ثسكيت كوروفكا كيسة 150 ط,دانە,1000,850,1250,5
8690506404543,كلينس تة ر ئيظى بةيبى 56 عدد,دانە,1000,1100,1500,5
8695150003180,نوك هةسثي رةش 750ط,دانە,1000,2600,3000,5
0163200026820008,سيري رةش شوشة,دانە,1000,1850,2250,5
8695150004057,ئاف ليمو 1لتر هةسثي رةش,دانە,1000,600,1000,5
8692259053368,بورةكي حازر تركي,دانە,1000,1600,2000,5
8004905774464,كيك يتالي,دانە,1000,1600,2000,5
8695150004026,ماسي سيفان هةسثي رةش,دانە,1000,1350,1750,5
8680417202635,فلاش ئايس 1000مل,دانە,1000,600,1000,5
8001100012384,ثسكيت ئيتالي بالوكو 350 ط,دانە,1000,1600,2000,5
8697480061168,شعري ملون بيشلةر,دانە,1000,400,800,5
5449000009869,كولا لايت قودي,دانە,1000,100,500,5
5000198257809,معجون سن سوداين عادي,دانە,1000,1100,1500,5
6932620208075,ثاتري شير 2 عددد,دانە,1000,100,500,5
8697449912173,كاثو جينو 12 عدد,دانە,1000,1600,2000,5
6932620208082,ثاتري 2عدد شير,دانە,1000,100,500,5
9559520316586,لةثك لاتيكس فود باك 100عدد لارج,دانە,1000,3600,4000,5
6253803251184,تايت ئةلوةزير 5 كيلو سيتل,دانە,1000,9600,10000,5
6215000025487,تايت الوةزير كيس,دانە,1000,600,1000,5
6214433738391,توفك ئةزوير كيسة,دانە,1000,600,1000,5
8698686924479,زةيتون رةش لوراس شوشة 1500طرام,دانە,1000,10350,10750,5
6253803250279,ريكاي الوةزيري الاردن,دانە,1000,450,850,5
6253504306053,ريكاي الوةزير,دانە,1000,350,750,5
8690632038209,نسكويك توز,دانە,1000,3850,4250,5
8696521002542,حةلوا فستةق يميك 350 ط,دانە,1000,1100,1500,5
8696521002900,حةلوا قالك 450غرام,دانە,1000,1350,1750,5
8696521002894,حةلوا قالك 450غرام,دانە,1000,1350,1750,5
4823006700882,بسكيت ئوكراني,دانە,1000,100,500,5
8691066112299,ويفر ثيكنك قودى 120 ط,دانە,1000,1600,2000,5
8698686920334,زةيتون لوراس 5 كيلو,دانە,1000,8350,8750,5
6233503990576,كلينس 200عدد لاين,دانە,1000,100,500,5
8697422635273,دان هيرك زير,دانە,1000,100,500,5
8801116001941,يسي رةش جكارة,دانە,1000,850,1250,5
6254000157552,تايطر سثي شوشة,دانە,1000,600,1000,5
80792093,علك مينتنوس 12عدد,دانە,1000,600,1000,5
80783701,علك مينتوس 12عدد,دانە,1000,600,1000,5
80874959,علك مينتوس 12عدد,دانە,1000,600,1000,5
8935001723844,علك مينتوس 5 عد,دانە,1000,0,400,5
8935001723820,علك مينتوس 5 عد,دانە,1000,0,400,5
6260053185831,ثفةك مون ضيس 35طرام,دانە,1000,0,400,5
8697713821736,دةرمان ثيروس 4 لتر,دانە,1000,4100,4500,5
6260552012348,خامةي يالود,دانە,1000,350,750,5
8690705102790,كيك ئوفي تيم,دانە,1000,4350,4750,5
8690705152788,كيك ثورنوت,دانە,1000,4350,4750,5
8691720106206,بسكويت تروى ئةنى 24عدد,دانە,1000,2100,2500,5
8681270427593,بسكيت بيسرول,دانە,1000,2100,2500,5
8681270450485,نةستةلة رووتو,دانە,1000,4100,4500,5
8680876047051,ويفر  تركي,دانە,1000,4100,4500,5
8690562140959,كيك ئةليو سويس رول,دانە,1000,4100,4500,5
8681270422154,بسكيت جيل طود,دانە,1000,4100,4500,5
3800093111037,ويفةر بلغارى كاراملينا 24 عدد,دانە,1000,5100,5500,5
8691720108699,كيك ئةني كشمش,دانە,1000,4100,4500,5
8691720106107,بسكيت كوكو تروي,دانە,1000,4100,4500,5
8691720106176,بسكيت تروي ئةني,دانە,1000,4100,4500,5
8691720112030,بسكيت برو,دانە,1000,4100,4500,5
6260142650554,سركةى سثى قزوين 3 لتر,دانە,1000,1100,1500,5
0162300248460157,ثيتي ثور ايراني,دانە,1000,1850,2250,5
8692971417646,شير كاكاو ئةلثيلا,دانە,1000,100,500,5
6260552012102,ثةنير يالود خامةي,دانە,1000,600,1000,5
0013340055200101,ثةنير يالود تبريز,دانە,1000,600,1000,5
6260007424399,خامةي ثيطا,دانە,1000,550,950,5
6260308330061,خيارشور سحر بجوك,دانە,1000,600,1000,5
8691406000019,ظازةلين سةر سور 80مل,دانە,1000,850,1250,5
8693029607583,شةكروك فون دانت 500غرام,دانە,1000,2600,3000,5
6262484602703,مذمذوكى توثى تاك ترش 816 ط,دانە,1000,2100,2500,5
8697448851312,دان هةسثي رةش 10 كيلو,دانە,1000,6600,7000,5
8851932077699,تايت ميطاي 5 كيلو,دانە,1000,5600,6000,5
6260467400254,تايت ماريا 10 كيلو,دانە,1000,6600,7000,5
8690511170969,تايت 10كيلو غةسالةى عادى ABC,دانە,1000,13100,13500,5
6260838000410,برنج مزدة 10 كيلو,دانە,1000,13100,13500,5
4037719167065,شةكروك ئةلماني قودي 175طرام,دانە,1000,1850,2250,5
6957743397796,شانسي بجوك,دانە,1000,0,400,5
8690562071802,ئوزمو,دانە,1000,0,400,5
6925517978038,بةرداخ سفري,دانە,1000,600,1000,5
6260453723398,زةعفةران شهرى 0.200طرام,دانە,1000,600,1000,5
5449000000996,كوكو كولا بريتانى قودى 330مل,دانە,1000,1100,1500,5
9506000016726,باشترين ئاوي سروشتي ئاوي روفيان 1.5,دانە,1000,850,1250,5
9506000016771,ئاف 60 عدد,دانە,1000,1850,2250,5
80135463,نوتيلا  شوشة 200طرام,دانە,1000,3100,3500,5
9506000016740,باشترين ئاف ئافا روفياني سروشتي كارتون,دانە,1000,1850,2250,5
6260231500289,سركةي طةورة,دانە,1000,1100,1500,5
6281036564108,جيثس دوري توز,دانە,1000,100,500,5
8680181054140,كريم توركو تركية,دانە,1000,1350,1750,5
8690843070920,لبنة ريماس,دانە,1000,850,1250,5
8680181063784,ثةنير توركو 160غرام,دانە,1000,1050,1450,5
8680181064569,لبنة توركو 160غرام,دانە,1000,600,1000,5
5202234141398,ماست يوناني 1كط,دانە,1000,3100,3500,5
8681221510824,مرةبا فراولة,دانە,1000,850,1250,5
8681221510794,مرةبا مشش,دانە,1000,850,1250,5
8681465811275,مرةبا هشير,دانە,1000,850,1250,5
8681221510817,مرةبا ئالوبا لو ليزيز,دانە,1000,850,1250,5
5601474342013,فاسولي شوشة,دانە,1000,600,1000,5
8690527110102,ثيتزا ثينار 4 عدد,دانە,1000,5350,5750,5
2815259009005,ستوكري مريشك,دانە,1000,1600,2000,5
8690632032122,نةستةلة كلاسيك,دانە,1000,100,500,5
6945449389740,مةموك شوشة عسل بجوك,دانە,1000,1100,1500,5
8697820273855,حفازةي سقةت 30 عدد عسل,دانە,1000,13600,14000,5
4820008124760,كوكوبوس,دانە,1000,2100,2500,5
7622100971931,ثاكيت لارك,دانە,1000,1600,2000,5
8888077101224,يان يان نةستةلة,دانە,1000,600,1000,5
8888077101200,يان يان نةستةلة,دانە,1000,600,1000,5
8888077101101,يان يان نةستةلة,دانە,1000,600,1000,5
8888077101125,يان يان نةستةلة,دانە,1000,600,1000,5
8888077101378,يان يان نةستةلة,دانە,1000,600,1000,5
8690717189994,جاي بيتا رةش,دانە,1000,4600,5000,5
8690717260006,ضاى بيتا معةتةر 450 ط,دانە,1000,5100,5500,5
9557062321136,ضثس مستةر ثوتاتو 42طرام,دانە,1000,600,1000,5
6425783225565,ماست 2كيلو,دانە,1000,2100,2500,5
8691483018525,ثنير تراكيا,دانە,1000,850,1250,5
3800001105882,m m طةورة,دانە,1000,350,750,5
8690529133000,سابون فريش 6 عدد,دانە,1000,1100,1500,5
6920572879108,طورة عسل زنان,دانە,1000,1600,2000,5
8690351170310,كيك ميني فولامي,دانە,1000,2100,2500,5
8698995510882,دان خوش 500غرام,دانە,1000,600,1000,5
8698995510608,ساظار خوش 500ط,دانە,1000,350,750,5
8697924569892,كونجي سثي,دانە,1000,1100,1500,5
022400264493,شامثو امريكي سثي,دانە,1000,4600,5000,5
8857101114882,سابون سه رو ضاظ عسل,دانە,1000,1600,2000,5
8696870010328,داركى طوضك سيميا 200عدد,دانە,1000,600,1000,5
6291069706437,شامثو ظاتيكا ئيماراتى 400 مل,دانە,1000,2600,3000,5
6291069208214,شامثو ظاتيكا ئيماراتى 400 مل,دانە,1000,2850,3250,5
5904277113331,قهوة طولد شوشة باريك,دانە,1000,3100,3500,5
8851932262460,شامثوي كلير عسل,دانە,1000,3100,3500,5
8410207100052,زةيت جون سون سعودى 200طرام,دانە,1000,2600,3000,5
1299001272144,فازلين عسل,دانە,1000,1100,1500,5
8906037622166,فازلين عسل,دانە,1000,1100,1500,5
6291069712186,شامثوي  ظاتيكا هيلك 400مل,دانە,1000,2600,3000,5
8690555511759,فرجة بةنات عسل,دانە,1000,1350,1750,5
3014260806262,فرضةى ددان ئورال بى 3دى فريش,دانە,1000,600,1000,5
5904277111412,قهوة طولد شوشة,دانە,1000,3100,3500,5
5000347027147,معجون ددان ئةكوا فريش بخاخ 100 مل,دانە,1000,3100,3500,5
6210551031048,قهوة بن حموي,دانە,1000,1850,2250,5
6210551011040,قهوة بن الحموي,دانە,1000,2100,2500,5
8697456422214,نيسكافة نانا دةبة,دانە,1000,4350,4750,5
8697456422450,كابو جينو نانا دةبة,دانە,1000,4600,5000,5
6281002456192,نيسكافةي دةبة,دانە,1000,4350,4750,5
5410076652341,شامثوي ثان تين دةبل عسل,دانە,1000,5600,6000,5
5011321362529,شامثوي شولدةر دةبل,دانە,1000,7600,8000,5
5011321362444,شامثوي شولدةر دةبل,دانە,1000,7600,8000,5
6291069701029,حمامزةيت فاتيكا عسل,دانە,1000,6600,7000,5
6291069704082,حمام زةيت فاتيكا عسل,دانە,1000,6600,7000,5
4084500807457,شامثو ثانتين دةبل سعودى 600مل,دانە,1000,5600,6000,5
8886467020131,نيفيا دوف عسل,دانە,1000,2100,2500,5
42097464,كريم نيفيا عسل,دانە,1000,2100,2500,5
7891024132173,معجون كول طاتي 100 ط  طةورة,دانە,1000,1000,1400,5
6912345564687,جلي توز,دانە,1000,100,500,5
5284567788839,جلي توز,دانە,1000,100,500,5
5284567788877,جلي توز,دانە,1000,100,500,5
5284567788815,جلي توز,دانە,1000,100,500,5
5284567788853,جلي توز,دانە,1000,100,500,5
5284567788860,جلي توز,دانە,1000,100,500,5
5284567788914,جلي توز,دانە,1000,100,500,5
737052517667,طولاف تيمساح,دانە,1000,7600,8000,5
2016082300240,سةيارة رةنج,دانە,1000,6600,7000,5
2016082300127,سةيارة ليكسز شحن,دانە,1000,6600,7000,5
2016082300172,وةنةو شةي شحن,دانە,1000,6600,7000,5
2016082300820,سةيارة ميك زةميني شحن,دانە,1000,8100,8500,5
2016082300929,سةيارة مرزي شحن,دانە,1000,8100,8500,5
2016082300653,بوك ئانا مندالان,دانە,1000,3600,4000,5
2016082300073,طيتار مندالان,دانە,1000,4600,5000,5
6291061060780,ئاتاري كوم ثيتةر,دانە,1000,9600,10000,5
2016082300912,ميك زةميني شحن,دانە,1000,8100,8500,5
2016082300080,مكينة خياتي,دانە,1000,4600,5000,5
2016082301094,بو كو زافاي طةورة,دانە,1000,4600,5000,5
6947684732008,دةرمان ميشك عسل 2عدد,دانە,1000,2600,3000,5
6926599006091,مةكينةى ردين دينط لينط 699,دانە,1000,17600,18000,5
6955549305809,مةكينة كيمي 4دةف عسل,دانە,1000,13600,14000,5
6955549305656,مةكينة ردين عسل,دانە,1000,13600,14000,5
6955549300873,ئوتي برج كيمي عسل,دانە,1000,9600,10000,5
6930529100421,ثةروك سور طةورة,دانە,1000,1600,2000,5
6260235300069,سير شوشة,دانە,1000,2600,3000,5
2602353558,موسير شوشة,دانە,1000,2600,3000,5
548214,موسير شوشة,دانە,1000,2600,3000,5
5760466730464,قشتة بوك قودى 170 ط,دانە,1000,600,1000,5
6281048103104,قشتة بوك 250غرام,دانە,1000,600,1000,5
6281048105108,قشتة بوك 125غرام,دانە,1000,350,750,5
5285002360597,جلي ثرج عسل 961,دانە,1000,2600,3000,5
8001100011868,بيسكويت بالوكو ئيتالى 350طرام,دانە,1000,2100,2500,5
6941335060021,لايت 6002,دانە,1000,4600,5000,5
6930416004009,لايت 400,دانە,1000,6100,6500,5
8698623900238,سبوق بيلاو,دانە,1000,350,750,5
8690526625355,ثسكيت ويفةر ئاث بندةق 24 عدد,دانە,1000,5100,5500,5
05301001002204,كونجي عائيلي,دانە,1000,1600,2000,5
05301001002181,كيك عائيلي,دانە,1000,2100,2500,5
6334457899905,ثةقلافةى قاب فستةقى,دانە,1000,2600,3000,5
8698848002366,دةرمان كاشي كةيلون,دانە,1000,1100,1500,5
8680487180529,ثول بيبةر,دانە,1000,599,999,5
8696521002528,حة لوا سادة,دانە,1000,1350,1750,5
8696521002535,حة لوا قهوة,دانە,1000,850,1250,5
8697449912623,قهوة بن محمود هيل 200 ط,دانە,1000,3350,3750,5
8697449913156,كاثوجينو محود 40عدد,دانە,1000,5850,6250,5
8697449913811,شوكلاتة محمود 24عدد*24 ط,دانە,1000,3100,3500,5
8690603060024,خوي تركي,دانە,1000,0,400,5
8699182380530,سابون سائيل 400غرام,دانە,1000,3100,3500,5
6217000425151,فازيلين بضوك,دانە,1000,100,500,5
3014260243531,دةفةموز جيليت ماج سرى 4 عدد,دانە,1000,8600,9000,5
7702018877591,دةظ ثاوةر جيليت 4عدد,دانە,1000,14600,15000,5
5013405654032,دة ظةموز سوثةر ماكس 4دةظى 4عدد,دانە,1000,3100,3500,5
2824030009004,رانك تركى,دانە,1000,2600,3000,5
8697924590698,زةيت ئالتون سا 1لتر,دانە,1000,1850,2250,5
6260503300500,قورمة سبزى طوشت كامضين قودى 480ط,دانە,1000,3350,3750,5
6261905100040,ماسى شيرجة,دانە,1000,600,1000,5
7793433000589,شة كر  سوكة رى جينسر 200 عدد,دانە,1000,11350,11750,5
6294003567125,شير نيدو كيس 900غرام,دانە,1000,9600,10000,5
4823077616075,شةكروك روشن,دانە,1000,4600,5000,5
8690506451707,شامثو دورو,دانە,1000,1100,1500,5
6260374101657,فازلين,دانە,1000,600,1000,5
5285002360610,جلي 961,دانە,1000,2600,3000,5
3073781050677,ثةنير بةقةرة 6 عدد مربع,دانە,1000,5100,5500,5
8698881450438,قةيماغ تركى ميلكاش 100طرام,دانە,1000,2100,2500,5
8690843070890,ثنير ريماس ثيتزا,دانە,1000,1850,2250,5
8690504434733,لبنة تركي بريزدنت 180 ط,دانە,1000,1100,1500,5
6217000104018,ثةروكي كاشي,دانە,1000,1100,1500,5
4068400112026,ثةروكي سةيارة ششتن,دانە,1000,600,1000,5
8692806122691,كيك ينفينيت تركي,دانە,1000,4100,4500,5
6940267750567,فرجة يسفةنج,دانە,1000,600,1000,5
6950869600030,فرجة ددان لاستيك,دانە,1000,600,1000,5
8690451705443,سينطي 1 كيلو طوزدة,دانە,1000,3850,4250,5
6927200436726,كاغةزي بن كيك فود باك 30سم*10م,دانە,1000,1100,1500,5
6253803251061,تايت الوةزير 4 كيلو,دانە,1000,4100,4500,5
8695150004309,نيسك 5 كيلو هةسثي رةش,دانە,1000,9600,10000,5
8697924560509,برنج كوردي 5كيلو,دانە,1000,7600,8000,5
8697924560479,نيسك 5كيلو بيل باك,دانە,1000,9600,10000,5
8690239031092,دةرمان بوري رةش,دانە,1000,2350,2750,5
6260643361133,دوشاف قودي,دانە,1000,1600,2000,5
3800001111616,mm بجوك,دانە,1000,0,400,5
4823077604515,شةكروك روشن,دانە,1000,4850,5250,5
8697422933928,شةكروك شوراي قهوة 900 ط,دانە,1000,2600,3000,5
4600495529770,شةكروك تركي,دانە,1000,3100,3500,5
8697422930170,شةكروك ثرينسيس قالك 650طرام,دانە,1000,5350,5750,5
76178245,كينت عربي,دانە,1000,1100,1500,5
2161240147930002,ريكاي فوكا,دانە,1000,100,500,5
6219445095357,ثفك,دانە,1000,0,400,5
8690504010104,ثسكيت يكرام ضوكولاتة 84طرام,دانە,1000,100,500,5
8690506028145,سابون دورو قالك,دانە,1000,1100,1500,5
8698686924127,زةيتون لوراس قودى 430ط,دانە,1000,1600,2000,5
6260142610039,سركة قزوين سور 1 لتر,دانە,1000,600,1000,5
8695150003753,فاصولى سثى هةسثى رةش 5 كيلو,دانە,1000,13100,13500,5
8680596640198,جةسثي ثةمثة طةورة,دانە,1000,2850,3250,5
8698995511230,طةنمةشامي خوش 500ط,دانە,1000,600,1000,5
8698995510820,برنج كوردي خوش 500طرام,دانە,1000,600,1000,5
9556092106973,كاثوجينو حازر,دانە,1000,600,1000,5
9556092106966,مو جا كوفي حازر,دانە,1000,600,1000,5
6936624266888,طورة 4عدد عسل,دانە,1000,1600,2000,5
8690766300609,دولار,دانە,1000,0,400,5
6260869301111,توفك فرجام,دانە,1000,600,1000,5
7591295091406,طورة مندالان,دانە,1000,1100,1500,5
6946848700075,سةرة مةموك,دانە,1000,0,400,5
8690536063284,كلينس بضوك فاميليا,دانە,1000,850,1250,5
8697970052485,سابون سائيل 5 لتر,دانە,1000,4100,4500,5
8690536011117,باشترين كلينس ثاثياي 4عدد,دانە,1000,2600,3000,5
8690536011087,كلينس ثاثيا 4عدد متبخ,دانە,1000,2600,3000,5
8690536011131,كلينس ثاثيا مةتبةخ 2 رول,دانە,1000,1100,1500,5
8690536010011,كلينس ثاثيا تةواليت 4 رول,دانە,1000,1350,1750,5
8690536010851,باشترين كلينس ثاثيا معتةر حمام,دانە,1000,1100,1500,5
8690536840038,سانتي مولثيد 16 عدد عسل,دانە,1000,2100,2500,5
6260246890351,بسكيت سولار عايلي,دانە,1000,1100,1500,5
0162300024680039,بسكيت سولار عايلي,دانە,1000,1100,1500,5
6210546572587,ثفةك كاثتن بذار 30غرام,دانە,1000,0,400,5
6254000083028,ثفةك كيكو فيل,دانە,1000,0,400,5
8698683780122,كلينس لوكسس ثاريز,دانە,1000,350,750,5
8690766948863,كيك كشمش,دانە,1000,4100,4500,5
8690766947613,كيك 2عدد كاث كيك,دانە,1000,4100,4500,5
6260246801258,كيك كومبو 250ى,دانە,1000,4100,4500,5
8690526623764,ثوث كيك 40 عدد,دانە,1000,7600,8000,5
8690526723754,ثوث كيك 40عدد,دانە,1000,7600,8000,5
8690705512711,كيك ضوكو ليبس 24 عدد,دانە,1000,4850,5250,5
8691720131512,كيك فيلانى,دانە,1000,4100,4500,5
8690562107068,كيك جامبوزة ر,دانە,1000,4100,4500,5
8690536812561,حفازةي مولفيكس 54 عدد,دانە,1000,6600,7000,5
8690536805266,مولفيكس 40 عدد,دانە,1000,4350,4750,5
8690536805273,مولفيكس 42 عدد,دانە,1000,5600,6000,5
6261149125151,شةكروك ميلانو,دانە,1000,1600,2000,5
8690536802128,مولفيكس 0  50 عدد,دانە,1000,4100,4500,5
8690506405069,حفازة ى ايظى 27عدد,دانە,1000,2600,3000,5
05301001002150,بةقلافة,دانە,1000,2600,3000,5
8691216020627,جلى هاريبو 80غرام,دانە,1000,600,1000,5
80759355,علك مينتوس مشةكل قالك 18غرام,دانە,1000,3100,3500,5
80756842,علك مينتوس 56غرام,دانە,1000,2100,2500,5
8691216014909,جلى هاريبو 70غرام,دانە,1000,600,1000,5
8691216014916,مارشمالو هاريبو 150غرام,دانە,1000,1600,2000,5
8680782528347,ثاتوز,دانە,1000,0,400,5
8690536076185,دةرمان كاشي بينطو,دانە,1000,1800,2200,5
6875571822221,طلوث طةورة,دانە,1000,2600,3000,5
6260003113013,ثسكيت مادةر ميكا,دانە,1000,850,1250,5
6260003113037,ثسكيت نيكا,دانە,1000,850,1250,5
6260003113006,ثسكيت نيكا,دانە,1000,100,500,5
6260003112573,بيسكويت مادةرى مندالان 70غرام,دانە,1000,0,400,5
6260003111828,مادةرى مندالان 146غرام,دانە,1000,100,500,5
8691901010667,هيلك قيماغ,دانە,1000,0,400,5
9506000016702,ئاف,دانە,1000,0,400,5
9556023909369,جيثس قودي,دانە,1000,1600,2000,5
6253002435231,كيك,دانە,1000,0,400,5
8699965895640,بهارات ضاي ئالين 40طرام,دانە,1000,850,1250,5
8699965894728,هيل دةنك ئالين 20ط,دانە,1000,1600,2000,5
8699965894643,هيل ئالين ثاكةت 20طرام,دانە,1000,1600,2000,5
8699965894599,دارضين كوتاى ئالين,دانە,1000,600,1000,5
8695504165335,ويفر تودةي عائلي,دانە,1000,1100,1500,5
8001100059266,ويفر بالكو عائيلي,دانە,1000,1600,2000,5
8001100059242,ويفر بالكو عائيلي,دانە,1000,1600,2000,5
7410853692148,سينيكي سةفةري,دانە,1000,350,750,5
8690632047867,نسكويك 23غرام,دانە,1000,0,400,5
8697449902037,خوي التونسا,دانە,1000,0,400,5
8698848002588,دةرمان طيسكي كارةبا كاليون 1 لتر,دانە,1000,2600,3000,5
8699909730600,شةكروك قودي تركي,دانە,1000,4600,5000,5
8690835102196,نةستةلة فستةق كاكاو,دانە,1000,600,1000,5
6260272801192,شير موز طة ورة دامداران,دانە,1000,850,1250,5
8697449917369,كابو جينو كاكاو,دانە,1000,1350,1750,5
8690555511773,فرجة ددان بةنات دوكاري,دانە,1000,1350,1750,5
6934985780012,فرجة مندالان بوك,دانە,1000,600,1000,5
8693029699465,كيك كب كيك,دانە,1000,2100,2500,5
8693029400207,ويفر طوفريت,دانە,1000,2100,2500,5
8697431466028,نةستةلة تركي,دانە,1000,2100,2500,5
5941895901179,نةستةلة موجو,دانە,1000,4350,4750,5
3800213971008,كيك ئانيل,دانە,1000,4350,4750,5
6944768280301,دارك ددان لاستيك,دانە,1000,350,750,5
7898344448472,شةبيلك تركي,دانە,1000,2600,3000,5
6260272800461,شير كاكاو دامداران,دانە,1000,850,1250,5
8697512332600,كاثوجينو ستنطو,دانە,1000,4600,5000,5
8690717008554,كريم بندةق بينوتا شوشة 350غرام,دانە,1000,2100,2500,5
8690717012025,برنج بيَستا شةفاف 9كغ,دانە,1000,15600,16000,5
8690562040952,كيك تركى,دانە,1000,0,400,5
1180210211590005,عةلاطةي كرش,دانە,1000,500,900,5
8699965894896,بهارات بريانى قاوةيى 35طرام,دانە,1000,600,1000,5
8699965895602,بهارات تةشريب طوشت ئالين,دانە,1000,600,1000,5
8699965894865,بهارات ثيزا ئالين,دانە,1000,600,1000,5
8699965894803,بيبةر رةش كوتراو ئالين 35ط,دانە,1000,600,1000,5
8699965894872,بهارات ئالين بتاتة 45طرام,دانە,1000,600,1000,5
8699965894667,بهارات دارى دارضين ئالين,دانە,1000,600,1000,5
8699965894841,بهارات طةلاى غار ئالين,دانە,1000,600,1000,5
8699965894902,بهارات دولمة ئالين كارتون 35ط,دانە,1000,600,1000,5
8699965894926,ليموندزى ئالين,دانە,1000,600,1000,5
8699965895022,فلفل سوور ئالين,دانە,1000,600,1000,5
8699965894834,بهارات كارى ئالين 35طرام,دانە,1000,600,1000,5
8699965894810,رةشكة ئالين ثاكةت,دانە,1000,600,1000,5
8699965894605,بهارات طةس مريشك ئالين,دانە,1000,600,1000,5
8699965894735,بهارات ئالين كوليجة,دانە,1000,600,1000,5
8699965895671,بهارات زةردةضةوة كوتراو ئالين 35طرام,دانە,1000,600,1000,5
8699965895688,بهارات بريانى زةرد ئالين 35طرام,دانە,1000,600,1000,5
8699965894704,بهارات 7دةرمان ئالين 35ط,دانە,1000,600,1000,5
8699965895572,بهارات ئالين,دانە,1000,600,1000,5
8699965894612,بهارات نوكاو ئالين,دانە,1000,600,1000,5
8699965895619,صودة ئالين 100طرام,دانە,1000,600,1000,5
8699965894995,بهارات فلافل ئالين,دانە,1000,600,1000,5
8699965894933,بهارات كبة ئالين,دانە,1000,600,1000,5
8699965894773,بهارات ئالين,دانە,1000,600,1000,5
8699965894582,بهارات عمبة ئالين 60ط,دانە,1000,600,1000,5
6927142900057,طورةي مندالان عسل,دانە,1000,600,1000,5
8680264080059,ئاف جام هاثى 500 مل,دانە,1000,600,1000,5
6260171523188,شعري مانا بورى 500طرام,دانە,1000,600,1000,5
5412584921018,كلينس 600عدد,دانە,1000,50,450,5
8690506344733,باشترين كريم دةست,دانە,1000,1100,1500,5
8690506483531,شامثوي دورو 2 عددد,دانە,1000,2350,2750,5
8690526005416,نةستةلة يتي,دانە,1000,100,500,5
9557062321396,جيثس مستةر ثةتاتو قودى 35طرام,دانە,1000,600,1000,5
9000100514149,تايت ثيرسيل غةسالةى ئوتوماتيك 10كيلو,دانە,1000,12600,13000,5
6260100109674,ثفك مينو,دانە,1000,0,400,5
8697426451862,ثنير سوزمى يوروك سوت 300ط,دانە,1000,1600,2000,5
8697426450896,لبنةيوروكسوت,دانە,1000,600,1000,5
8690506011833,صابون دورو 180غرام,دانە,1000,350,750,5
8690506011826,صابون دورو 180غرام,دانە,1000,350,750,5
8690506006143,صابون دورو 180غرام,دانە,1000,350,750,5
8690506011840,صابون دورو 180غرام,دانە,1000,350,750,5
8693029700833,كيك جوستو 24عدد,دانە,1000,4350,4750,5
4798810011502,توفضاى دورو 400غرام,دانە,1000,2850,3250,5
6260488300236,بةرداخ سةفةري,دانە,1000,100,500,5
8690347020711,ثنير استنبولى,دانە,1000,1600,2000,5
8697713829435,تايت 10 كيلو تركي,دانە,1000,9600,10000,5
4015600679705,تايت ئاريال كيس,دانە,1000,8100,8500,5
6495741519241,لايت فانوس بضوك,دانە,1000,5600,6000,5
6948870500401,لايت ثوليسي,دانە,1000,11600,12000,5
8431166071580,طورة بةلةم,دانە,1000,1600,2000,5
8697448360760,ضاثةست عسل تاخمة,دانە,1000,17600,18000,5
6260543502803,ثفك,دانە,1000,0,400,5
8680694016772,ئوتي نيوال عسل,دانە,1000,16600,17000,5
8690504114468,بسكريم ئولكةر 24 عدد,دانە,1000,4850,5250,5
3574661069449,شامثوي جون سون ئيتالى 750 مل,دانە,1000,3100,3500,5
6121003645099,ماستى هةولير,دانە,1000,1100,1500,5
8991991161332,معجون ددان سنسوداين فريَش مينت تايلةندى 100ط,دانە,1000,4600,5000,5
9000101017649,ريكاي ثريل 5كيلو,دانە,1000,4600,5000,5
8698995511445,الينوك خوش,دانە,1000,1100,1500,5
8698995512176,كونجي نةورةس رةش 500 ط,دانە,1000,2100,2500,5
6251059562665,جل سبلاش ئوردنى كاشى 1500طرام,دانە,1000,5100,5500,5
6251059561668,جل سبلاش ئوردنى كاشى 1500طرام,دانە,1000,5100,5500,5
6998516890007,طورةى ماركة RB,دانە,1000,600,1000,5
6291100762941,سابون جونسون,دانە,1000,3850,4250,5
6291100762903,سابون جون سون عسل,دانە,1000,2600,3000,5
8697449917550,قهوة محمود سثى,دانە,1000,2300,2700,5
8690530214095,كلينس سلثاك100عدد 2ثليت,دانە,1000,600,1000,5
8698995510523,سافار خوش رذدة 500ط,دانە,1000,600,1000,5
6956931012008,شاحينة  طةورة,دانە,1000,2100,2500,5
2016092000482,سةيارة كونترول,دانە,1000,4600,5000,5
2016092000611,سةيارة كونترول,دانە,1000,4600,5000,5
2016092000277,سةيارة طولد شحن,دانە,1000,8100,8500,5
2016092000505,سةيارةي كونترول,دانە,1000,4600,5000,5
2016082300646,دةبا بةي شحن و كونترول,دانە,1000,7600,8000,5
2016092000284,لاثتوب مندالان,دانە,1000,4600,5000,5
2016092000499,سةيارةي كونترول,دانە,1000,4600,5000,5
2016092000048,سةيارةي كونترول,دانە,1000,4600,5000,5
2016062101751,فيشةي عسل,دانە,1000,16600,17000,5
8699182380516,سابون سائيل بيفي,دانە,1000,350,750,5
9000100859004,ريكاي ثريل طولد,دانە,1000,500,900,5
8690766338862,كاكاو طويز هندي,دانە,1000,4100,4500,5
8680417207708,كيك كشمش,دانە,1000,4100,4500,5
8690766947675,فيطارو  24 عدد   تركي,دانە,1000,4100,4500,5
8690766949181,نةستةلة فيطارو,دانە,1000,4100,4500,5
8690766948153,نةستةلة ئةلبيلا,دانە,1000,4350,4750,5
8690146651116,جلي  بيبي تو,دانە,1000,0,400,5
6121300645099,ماست هةولير,دانە,1000,1100,1500,5
4013197767027,شةكروك ئةلماني قودي 175 ط,دانە,1000,1600,2000,5
4013197767140,شةكروك ئةلماني قودي,دانە,1000,1600,2000,5
6260007424092,خامةي ثيطا,دانە,1000,500,900,5
0160610041450112,تةمةر هندي,دانە,1000,0,400,5
6923483700202,جاثةست ئاف طةرم كرن عسل,دانە,1000,11100,11500,5
8698995512848,ماجي نةورةس قالب 20*30 عدد,دانە,1000,3100,3500,5
8690530015012,كلينس سيَلثاك مةتبةخ 4 رول,دانە,1000,3100,3500,5
6254000260085,شير الوةحة,دانە,1000,600,1000,5
8690536922208,تايت بينطو 5كيلو,دانە,1000,8350,8750,5
8906000591826,برنج سوكةري ماهارانى 1كيلو,دانە,1000,3350,3750,5
8886467020100,كريم دوف ثيفازى 150 مل,دانە,1000,2600,3000,5
8696521001910,حةلوا,دانە,1000,0,400,5
5011321361119,شامثوي شولدةر عسل,دانە,1000,4100,4500,5
0161320297890007,هةمبةرطر10عدد,دانە,1000,2350,2750,5
6924184338381,لايت بجوك عسل,دانە,1000,600,1000,5
6281036114303,جيثس ليز,دانە,1000,100,500,5
8680694015744,مجةفةي نيوال عسل 1800وات,دانە,1000,21600,22000,5
8698995513579,ماجي نةوراس توز 40عدد,دانە,1000,1500,1900,5
8690547010543,ثوردينك توز كينتون ضوكولاتة بندةق 100ط,دانە,1000,350,750,5
8690547100039,ثوردينك توز كينتون 100ط,دانە,1000,350,750,5
8690547100015,ثوردينك موز توز كينتون 100ط,دانە,1000,600,1000,5
4017100248214,ثسكيت ثيك ئةث 28طرام,دانە,1000,600,1000,5
8690511184140,دةرمان ABC كاشي 900مل,دانە,1000,1350,1750,5
8690527110539,ثيتزا ثينار 4 عدد,دانە,1000,5350,5750,5
8692922400239,دوى بةرةكة,دانە,1000,100,500,5
8697449918779,ماجى توز ئالتونسا 20عدد,دانە,1000,600,1000,5
8680417207364,ماجى قالب,دانە,1000,2100,2500,5
6281007037419,ثنير مراعى,دانە,1000,2100,2500,5
8690565130773,ثةنير ثينار 8عدد*20طرام,دانە,1000,2100,2500,5
6281057050024,ثنير نادك,دانە,1000,1850,2250,5
8690565006665,سوت كريم ثينار 160ط,دانە,1000,1350,1750,5
5701638132969,ثنير دانيماركى,دانە,1000,3100,3500,5
8691483021013,ثنير ليزيتا 6عدد,دانە,1000,350,750,5
8697426451077,كريم يوروكسوت,دانە,1000,100,500,5
8694962006464,ثنير ايناس دريز,دانە,1000,1800,2200,5
6281007023955,ثةنير المراعي ضوار كوشة 6 عدد,دانە,1000,1100,1500,5
8697418280258,نان تركي,دانە,1000,1600,2000,5
8681465812371,مرةبا طيزةر زيو,دانە,1000,850,1250,5
6935689826105,طظارك شوشة,دانە,1000,1850,2250,5
8001090028556,تايت اريال كارتون 2.5 كط,دانە,1000,9100,9500,5
8699234200090,ماست يوساش,دانە,1000,1600,2000,5
8993560025069,سابون ديتول,دانە,1000,3100,3500,5
8690506045838,صابون فاكس,دانە,1000,600,1000,5
7898506320653,شةبيلكي تركي,دانە,1000,3100,3500,5
2016062102666,سة يارة طةورة شحن,دانە,1000,17600,18000,5
2016082300943,سةيارة طةورة كونترول,دانە,1000,17600,18000,5
2016062101942,سةيارة طةورة كونترول,دانە,1000,17600,18000,5
8697853092256,كاغةزي بن كيك,دانە,1000,400,800,5
8887290101165,قةهوةى ماكوفى ئورجينال دةبة 35 عدد,دانە,1000,6350,6750,5
8698686923359,زةيتون لوراس زةر قودى 1300طرام,دانە,1000,6350,6750,5
8887290102155,ضوكلاتة ماكولاتة كيس 400ط,دانە,1000,3600,4000,5
8694587124802,ئاري سوخاري كيس,دانە,1000,600,1000,5
8694587105863,كريمى سةركيَك كينت ثاكةت 150طرام,دانە,1000,1100,1500,5
4820156630038,ثسكيت طرونا كرينديلوك 250طرام,دانە,1000,1100,1500,5
8002720001864,بسكيت يتالي 135 غرام,دانە,1000,1100,1500,5
8002720001901,بسكيت يتالي 200 غرام,دانە,1000,1100,1500,5
5000174549058,معجون كريست طةورة,دانە,1000,850,1250,5
6281006413160,معجون سيطنال  تقليد,دانە,1000,950,1350,5
8694587130292,ماجي قالك تركي 48 عدد,دانە,1000,1100,1500,5
8680313531549,كلينس تةر طول محمدي تركي,دانە,1000,600,1000,5
4820008120465,كوكوبوس تركي 250 ط,دانە,1000,1350,1750,5
2164231000910043,لةثكي عسل عمةلة,دانە,1000,1100,1500,5
6930793589984,لةثكي عادي ئامان,دانە,1000,350,750,5
8680313531594,سابون سائيل مور,دانە,1000,350,750,5
8697040109408,شامثوي مندالان مور,دانە,1000,600,1000,5
8694587115589,ماجي مريشك كينت,دانە,1000,2100,2500,5
8694587124055,نيشاستة كينت,دانە,1000,600,1000,5
6925497688279,كةجي جا سفةري,دانە,1000,100,500,5
6278722017338,شير موز بتل,دانە,1000,100,500,5
8699114720083,زةيت 1لتر غزال,دانە,1000,1000,1400,5
8680313531563,سابون سائيل مور,دانە,1000,350,750,5
8858718775138,ريكا ميطا,دانە,1000,600,1000,5
8693323013202,علك مام عزو كةسك 100 عدد,دانە,1000,2100,2500,5
8680417207715,كيك ئالتون سان,دانە,1000,4100,4500,5
4005808166190,نيفياي شين قودى طةورة 150مل,دانە,1000,3600,4000,5
8680492155406,كيك كشمش,دانە,1000,4100,4500,5
4823090300012,بسكيت ئوكراني 24عدد,دانە,1000,2100,2500,5
5011417537787,فانيش 800 غرام,دانە,1000,4600,5000,5
62900683,ماربرو,دانە,1000,1600,2000,5
8680782528859,ثاتوز 200غرام,دانە,1000,100,500,5
00813360218,كارت500,دانە,1000,5600,6000,5
16515100070193,كارت ريبر10000,دانە,1000,9600,10000,5
16042650060788,كارت ريبر 5000,دانە,1000,4600,5000,5
1617050100122897,كارت فورجى 10000,دانە,1000,9600,10000,5
1618050150788674,فاستلينك 15,دانە,1000,14600,15000,5
8694587129272,قهوة كينت قالك,دانە,1000,4350,4750,5
8690547100022,ثوردينك توز كينتون فراولة 125طرام,دانە,1000,350,750,5
5000396035087,بسكيت دايجيستف دارك شوكلاتة 250طرام,دانە,1000,3100,3500,5
4017100107214,ثسكيت ئةلمانى ليبنز زوو كةكةو 100 ط,دانە,1000,2100,2500,5
5901414201210,ثسكيت ئةلماني زوو 100 ط,دانە,1000,2100,2500,5
4017100379451,بسكيت ئةلماني 120 غرام,دانە,1000,1350,1750,5
4017100210105,خوشترين بسكيت ئةلماني 100غرام,دانە,1000,2100,2500,5
4017100290008,خوشترين بسكيت ئةلماني 125 غرام,دانە,1000,2850,3250,5
4017100131004,بسكيت ئةلماني ABC,دانە,1000,2100,2500,5
8000380156832,نةستةلة لواكر87 غرام,دانە,1000,2100,2500,5
8000380156856,نةستةلة لواكر87 غرام,دانە,1000,2100,2500,5
8000380156825,نةستةلة لواكر87 غرام,دانە,1000,2100,2500,5
80001256,نةستة لواكر 54 غرام,دانە,1000,1100,1500,5
80001737,نةستةلة لواكر 54 غرام,دانە,1000,1100,1500,5
80001980,نةستةلة لواكر 54 غرام,دانە,1000,1100,1500,5
80001751,نةستة لواكر 54 غرام,دانە,1000,1100,1500,5
6253002434418,مينى كيك جوردينا 24 عدد,دانە,1000,2100,2500,5
4014400910155,خوشترين شةكروك ئةلماني 125غرام,دانە,1000,2100,2500,5
4014400911244,شةكروك ئةلماني 75غرام,دانە,1000,1100,1500,5
6253002474216,كيك جوردينا شين,دانە,1000,2100,2500,5
6253002446022,ثاوند كيك 24عدد,دانە,1000,4850,5250,5
8690351141723,كيك بازنةى,دانە,1000,4100,4500,5
4823090300036,كيك ئوكرانى24عدد,دانە,1000,2100,2500,5
4823090300050,كيك ئوكرانى24عدد,دانە,1000,2100,2500,5
8690451083527,مريشك طوزدة 1800 ط,دانە,1000,6600,7000,5
4015400874133,تايت اريال 4كيلو,دانە,1000,8100,8500,5
8693029040441,شةكروك يلفان كوفيكس قةهوة 900طرام,دانە,1000,5100,5500,5
6275638564536,تايت ميكا9كيلو,دانە,1000,11600,12000,5
8691477100229,جيبس 250,دانە,1000,0,400,5
8690504037286,نةستةلة ئةلبةني بيتيس عايلى 144طرام,دانە,1000,1600,2000,5
6260171525151,اسباكى مانا250غرام,دانە,1000,100,500,5
8699965894957,فلفل سور ئالين 35طرام,دانە,1000,600,1000,5
8693298020519,باشترين طويز امريكي 1 كيلو,دانە,1000,5600,6000,5
8698995513036,فاسولي سثي خوش 5 كيلو,دانە,1000,10600,11000,5
6925162500332,جرك مشك,دانە,1000,0,400,5
6261845714512,كشمش طليارة 150غرام,دانە,1000,550,950,5
6261845700386,فاسولي سور طليارة,دانە,1000,2100,2500,5
8694587110553,سوث كينت 68طرام,دانە,1000,100,500,5
8053323159933,شامبوى يتالى عة سل,دانە,1000,7600,8000,5
8053323159940,شامبوى يتالى عة سل,دانە,1000,7600,8000,5
8033524832873,شامبوى يتالى عة سل,دانە,1000,7600,8000,5
48209748,كينت باريك,دانە,1000,850,1250,5
9000100753074,تايت ثيرسيل ملةون غةسالةى ئوتوماتيك 10كيلو,دانە,1000,12600,13000,5
8680313530801,سايل مور4 ليتر,دانە,1000,3100,3500,5
6260869300343,قةند فةرجام 2.5كيلو,دانە,1000,6100,6500,5
0162240013800449,عللك ونى كوم بال كولا 100عدد,دانە,1000,1600,2000,5
6260308332546,فلفل بجوك,دانە,1000,500,900,5
6260308332478,فلفل سحر شوشة طةورة 600غرام,دانە,1000,1350,1750,5
8691216022010,جلى هاريبو 80 ط,دانە,1000,600,1000,5
8690536011056,كلينس ثاثيا 3عدد متبخ,دانە,1000,1850,2250,5
8690536901142,دةرمان كاشى بينطو 1000مل,دانە,1000,1600,2000,5
8698995511971,طةلمة شاني نوراس  1كيلو,دانە,1000,600,1000,5
8697426451848,ثةنير يورسان 125غرام,دانە,1000,350,750,5
8697449908459,شيرمحمود350غرام,دانە,1000,1500,1900,5
8699847070233,هةفير بورةك ALY,دانە,1000,900,1300,5
80001362,ويفةر لوكةر ئةلمانى 25طرام,دانە,1000,100,500,5
80001447,ويفةر لوكةر ئةلمانى 25طرام,دانە,1000,350,750,5
8690526003399,كومبو 62غرام,دانە,1000,100,500,5
6933464500011,لةثكي ناف ثةروك عةسل,دانە,1000,500,900,5
8694587133347,دةرمان كيك فانيلين 10عدد,دانە,1000,350,750,5
8697924560622,نوك 5كيلو,دانە,1000,9600,10000,5
8698995510875,سافار خوش,دانە,1000,200,600,5
8681038207009,كيك,دانە,1000,0,400,5
8690158120846,ثةنير ثيتزا 1كيلو,دانە,1000,8100,8500,5
8690158121621,ثةنير السان 200غرام,دانە,1000,1350,1750,5
8680168340341,ثةنير كةزي شريف,دانە,1000,1700,2100,5
8680168340334,ثةنير شعري 200غرام,دانە,1000,1700,2100,5
8695543003407,ثةنير نابلسى مورادبى 200 ط,دانە,1000,3600,4000,5
8690347080401,كريم كانلار 180ط,دانە,1000,850,1250,5
8690347210518,ثةنير سودة كانلار,دانە,1000,1600,2000,5
8690347082191,ثةنير ثيتزا قالب كانلار,دانە,1000,1799,2199,5
8690347210914,ثةنير سودا 300غرام كانلار,دانە,1000,3300,3700,5
8690347070204,ثةنير 250 ط   قشقوان كانلار,دانە,1000,2050,2450,5
8697415311054,خوشترين ثةنير سيتل تركي,دانە,1000,3500,3900,5
8680168340457,حة لواى توركى 250 غرام,دانە,1000,1400,1800,5
8963674185850,دووشاوى برايان,دانە,1000,500,900,5
6922238100113,ثيتزا مندالان,دانە,1000,0,400,5
6957743397611,شةكروك مندالان,دانە,1000,0,400,5
8699414120040,ئاوى مندالان مازى 12عدد,دانە,1000,2350,2750,5
6297000730035,شير ارينا كيس,دانە,1000,850,1250,5
5011321257702,شامثوي ثيرت بجوك,دانە,1000,1600,2000,5
9559520922077,لةثكي 100عدد الزهرء,دانە,1000,8100,8500,5
6291055002239,لةثك فالكون لاتيكس بى ثودر 100عدد سمول,دانە,1000,4600,5000,5
8698881450643,ثةنير ميلكاش بة رةشك سيطوشة 300طرام,دانە,1000,3350,3750,5
8698881450254,ثوردينك  تركي,دانە,1000,100,500,5
8698881450650,ثةنير ميلكاش ناو ئاو سىَ طوشة 450طرام,دانە,1000,2600,3000,5
8698686923977,زةيتون رةش لوراس ثيتزا قودى 800طرام,دانە,1000,3350,3750,5
8865656825665,برنج طالاك سي 5 كيلو,دانە,1000,12100,12500,5
8906034671587,برنج مام شوكر 4.5كيلو,دانە,1000,12600,13000,5
5014176007591,جاى جيهان 500 غرام,دانە,1000,4599,4999,5
005425128254,خورمة ى مريم,دانە,1000,1600,2000,5
8699182382268,دةرمان كاشي بيفي,دانە,1000,850,1250,5
8699182382244,دةرمان كاشي بيفي,دانە,1000,850,1250,5
8699182382251,دةرمان كاشي بيفي,دانە,1000,850,1250,5
8697449901108,ئاف ليمو ئالتون سا 500 مل,دانە,1000,350,750,5
9001456001666,قة سبى بة سراى1كيلو,دانە,1000,3100,3500,5
8697405343737,حفازةي ئونلم,دانە,1000,4350,4750,5
8697820270175,حفازةي سقةت 30 عدد عسل,دانە,1000,13600,14000,5
8697713800533,حفازةي لين بةبي,دانە,1000,4350,4750,5
8690511184287,دةرمان كاشي ئ ب س,دانە,1000,1100,1500,5
8697449917376,كاثو جينو 12 عدد,دانە,1000,1600,2000,5
8697970050771,ريكاي ئامان ثور سيتل 1200طرام,دانە,1000,2100,2500,5
9000100944717,دةرمان فيرنال 3لتر,دانە,1000,3100,3500,5
6281006422162,شامثوي كلير,دانە,1000,1600,2000,5
4796000558783,ضاى محمود خشن ممتاز 900 ط,دانە,1000,9600,10000,5
8906124000112,برنج كوباني 10 كيلو,دانە,1000,16600,17000,5
8906124000105,برنج كوبانىَ كنتر 5 كيلو,دانە,1000,10350,10750,5
6260138062361,عللك ونى كوم بال شمتى 100عدد,دانە,1000,1600,2000,5
8693029607996,شة كروك فيقى 800 غرام,دانە,1000,3100,3500,5
9066085415284,ثةنير هةثى كاو 8 عدد,دانە,1000,1350,1750,5
8697449911510,يسثاكيتي ئالتون سا 200 طرام,دانە,1000,100,500,5
6260138062378,عللك ونى كوم بال ثرتةقال 100عدد,دانە,1000,1600,2000,5
6260138062392,علك طومبال 100 عدد,دانە,1000,1600,2000,5
6261332700189,ئالينوك زرثسند يراني,دانە,1000,2350,2750,5
6254000260900,شير هانا كيس,دانە,1000,600,1000,5
8699965895756,نيشاستة ئالين 150طرام,دانە,1000,600,1000,5
6980682926413,هةندةسة عسل,دانە,1000,1350,1750,5
6260171540185,لازانيا مانا 200غرام,دانە,1000,1600,2000,5
6260171540086,لازانيا مانا 500 طرام,دانە,1000,3100,3500,5
8680313531792,ثول بيبةر تركى,دانە,1000,600,1000,5
6266628700010,باشتترين سفري سةفةري ايراني,دانە,1000,600,1000,5
8695504165342,ثسكيت ويفةر تودةى عايلى 200طرام,دانە,1000,1350,1750,5
8690983035964,زةيت هانا 1لتر,دانە,1000,2100,2500,5
8693029030930,جلي جليكس,دانە,1000,0,400,5
6922438880228,حةلاقةى ديوار 2عدد,دانە,1000,850,1250,5
6260715600078,سينطي مريشك قودي,دانە,1000,1350,1750,5
6260171520323,رذدةي ثةثولة مانا 500 ط,دانە,1000,600,1000,5
2819262005504,ميلاك تركي,دانە,1000,1600,2000,5
6260128700914,شربت دنيا,دانە,1000,0,400,5
8698995510844,فاصولى سثى خوش 500طرام,دانە,1000,1600,2000,5
0113212216750035,فستةق,دانە,1000,100,500,5
8680492155260,كيك بازنةي تركي,دانە,1000,4100,4500,5
8690146053804,جلي 30غرام,دانە,1000,0,400,5
2285000170214,ثفك,دانە,1000,0,400,5
6260543503640,ثفك,دانە,1000,0,400,5
8698829380124,نان تركي,دانە,1000,1600,2000,5
8697713833357,تايت بيروزسيتل 4كيلو,دانە,1000,7600,8000,5
8697449912357,سوب ئالتون سا 60 ط,دانە,1000,100,500,5
8005533010504,شةربةتى ئيتالى ترينكيتو,دانە,1000,0,400,5
4791021907183,جاي هةسثي رةش 200غرام,دانە,1000,850,1250,5
5145132154155,كلينس ميري كيس,دانە,1000,600,1000,5
8690526003115,بسكويت مارشيميلو ثوف ئيتى 18طرام,دانە,1000,0,400,5
8690526003412,بسكويت مارشيميلو ثوف ئيتى 18طرام,دانە,1000,0,400,5
8690146652311,جلي بيبيتو 30غرا,دانە,1000,0,400,5
8693029030817,جلي جيليكس,دانە,1000,0,400,5
8693029030794,جلي جليكس,دانە,1000,0,400,5
8693029031326,جلي جليكس,دانە,1000,0,400,5
8680782528835,جيثس ثاتوز,دانە,1000,0,400,5
5410076965816,شامثوي ثيرت بجوك,دانە,1000,1600,2000,5
3600521922880,موكةيف ئيثةك 600 مل,دانە,1000,1350,1750,5
0113212216759526,فستةق,دانە,1000,500,900,5
8695876202805,دنك توفك,دانە,1000,0,400,5
8690526003139,بسكويت مارشيميلو ثوف ئيتى 18طرام,دانە,1000,0,400,5
8690526003122,بسكويت مارشيميلو ثوف ئيتى 18طرام,دانە,1000,0,400,5
4823077605215,جكليت رةوشةن مشةكل جييط 1كيلو,دانە,1000,3850,4250,5
4823077604492,جكليت رة وشة ن,دانە,1000,3600,4000,5
8693029040434,شةكروك كوفيكس قةهوة 800 ط,دانە,1000,4100,4500,5
8695867014202,هة نكوين قوة ت420 غرام,دانە,1000,2600,3000,5
8695867017203,هطظين مكسرات تاقة ثيدا 720 ط,دانە,1000,3350,3750,5
4015400783282,فيرى 1350 غرام وحة ب,دانە,1000,3600,4000,5
4015600323707,فيرى رساسى 970 مليم,دانە,1000,2100,2500,5
8690562141222,كيك طويز هندي,دانە,1000,4100,4500,5
8690351141709,بسكيت كيرولي,دانە,1000,4100,4500,5
8695504166165,بسكيت ويفر تودة ي,دانە,1000,4100,4500,5
8693029300279,ويفر تركي,دانە,1000,2100,2500,5
8698686923984,زةيت زةيتون لوراس,دانە,1000,1000,1400,5
8690504034209,نةستةلة ئةلبةنى عايلى 8 عدد,دانە,1000,3100,3500,5
86935258,ماربرو تةج طرةى تركى,دانە,1000,3600,4000,5
6261994400144,كة وسيسك 800 غرام,دانە,1000,4350,4750,5
8690717011080,ضاى ضةكوش بيتا 450 غرام,دانە,1000,7100,7500,5
8697447605169,كلينس فروتى 200 عدد,دانە,1000,1000,1400,5
8690506406776,سابون سايل فوكس 400مل,دانە,1000,600,1000,5
260235355885,موسيرترشى,دانە,1000,2600,3000,5
8562433325416,قيممة 400غرام معمل دهوك,دانە,1000,2100,2500,5
8698995511179,ماش خوش 500ط,دانە,1000,1100,1500,5
8697449910957,معجون تةماتة ئالتون سا 400غرام,دانە,1000,850,1250,5
8690451044795,مريشك طوزدة 1700غرام,دانە,1000,6100,6500,5
6933583666780,مساحة,دانە,1000,0,400,5
6921506707733,لايت 773 تاقة شمسي,دانە,1000,6100,6500,5
6921506802889,لايت 288,دانە,1000,2100,2500,5
6921506800045,لايت 688,دانە,1000,3600,4000,5
8690504468707,ثودينط ئولكةر,دانە,1000,100,500,5
6948032592688,طورة,دانە,1000,600,1000,5
6957743320138,شةكروك مندالان,دانە,1000,0,400,5
8699187180272,حةلوا فستةق لوراس 350غرام,دانە,1000,1100,1500,5
8699187180074,حةلوا سادة لوراس 350غرام,دانە,1000,1000,1400,5
4820026703152,حلوا,دانە,1000,0,400,5
8690146650812,جلي بيبي تو 30غرام,دانە,1000,0,400,5
8690705552786,كيك ئوكراني,دانە,1000,4600,5000,5
8690506406530,سابون سائيل فاكس 400مل,دانە,1000,600,1000,5
0162240013800446,عللك ونى كوم بال ليمو 100عدد,دانە,1000,1600,2000,5
0162240013800453,عللك ونى كوم بال ثرتةقال 100عدد,دانە,1000,1600,2000,5
9557062321129,ضيثس ماستير قودى 42طرام,دانە,1000,600,1000,5
8680417201645,ريكاى ئالتون سان,دانە,1000,500,900,5
8690506395049,شامثوي دورو600مل,دانە,1000,1100,1500,5
8690506415051,شامثوي دووروى 600 مليم,دانە,1000,1100,1500,5
7502464040019,سفري سةفةري عسل,دانە,1000,350,750,5
7592603108526,توث لاستيك,دانە,1000,350,750,5
6948951265328,مةموك ميز رةقةم 4,دانە,1000,350,750,5
6221048207884,شامبوسونسليك,دانە,1000,1600,2000,5
8693323010201,علك مام عةزو رةش 100 عدد,دانە,1000,2100,2500,5
8697449908725,كةضةث ئالتونسا سادة 520طرام,دانە,1000,850,1250,5
6260543559005,ثفك,دانە,1000,0,400,5
5449000030245,كولا بتل 750 مل,دانە,1000,100,500,5
6260053185671,ثفك,دانە,1000,0,400,5
6921590799287,لةثكي عملة يراني,دانە,1000,350,750,5
671860013921,بهارات قالك,دانە,1000,350,750,5
9640001021591,بهارات قالك,دانە,1000,350,750,5
9640001021331,بهارات قالك,دانە,1000,350,750,5
9640001021522,بهارات قالك,دانە,1000,350,750,5
9640001021362,بهارات قالك,دانە,1000,350,750,5
8699965897880,بهارات زةرضوثة طولَى رؤذ 50طرام,دانە,1000,350,750,5
9640001021423,بهارات قالك,دانە,1000,350,750,5
6262917100561,دارضين هوركرى قالك دلنام,دانە,1000,350,750,5
9640001021348,بهارات قالك,دانە,1000,350,750,5
01234565,بهارات قالك,دانە,1000,350,750,5
6262917100530,بهارات قالك,دانە,1000,350,750,5
6262917100226,بهارات حةوت مشةكل دلنام قالك 80ط,دانە,1000,350,750,5
9640001021782,بهارات قالك,دانە,1000,350,750,5
9640001021584,بهارات قالك,دانە,1000,350,750,5
9640001021447,بهارات قالك,دانە,1000,350,750,5
9781234567897,فاص صحت 4لتر,دانە,1000,1600,2000,5
9640001021799,بهارات قالك,دانە,1000,350,750,5
8680313531570,سابون سائل مور,دانە,1000,350,750,5
8693029607330,جكليت فوندانيت 100 غرام,دانە,1000,2600,3000,5
8690536903658,معةتةر+نةرمكةرةوةى بينطو 1440مل,دانە,1000,4100,4500,5
6251059312208,ريكا سةيارة لينول ئوردنى 1 لتر,دانە,1000,2600,3000,5
8697449908732,كةضةث ئالتونسا فلفل 520 ط,دانە,1000,600,1000,5
4791003969086,نيسك هانا,دانە,1000,1000,1400,5
8690351113706,شةكروك تركي قالك,دانە,1000,3600,4000,5
8690351113713,شةكروك قالك تركي,دانە,1000,3600,4000,5
6260128702628,شةكروك 2كيلو تركي,دانە,1000,5600,6000,5
6291100731404,دةرمان نيرطيلة,دانە,1000,600,1000,5
8691216020894,جلى هاريبوى خرى 80 غرام,دانە,1000,600,1000,5
8691216022515,جلى هاريبوئة نة ناس 80 غرام,دانە,1000,600,1000,5
5000159461580,سة نيكرس 1كارتون,دانە,1000,10100,10500,5
8691216018839,جلى هاريبوى 150 غرام,دانە,1000,1100,1500,5
8697512334413,ماجي هةسث رةش 40 عدد,دانە,1000,1600,2000,5
8691216017016,جلى هاريبو80 غرام,دانە,1000,600,1000,5
8695150003326,فسولي سور هةسثي رةش,دانە,1000,1600,2000,5
8698613380095,توفكى بيشلةر كوندك 15ط,دانە,1000,0,400,5
6253803251214,تايت 5كيلو الوةزير,دانە,1000,9600,10000,5
8697924593378,رون ئالتون سا 6لتر,دانە,1000,15600,16000,5
8693593133471,سودةى ئةكمينا 250مل,دانە,1000,100,500,5
6212201012124,بيبسي بتل 750 مل,دانە,1000,100,500,5
8690504944485,ميترو كراميل,دانە,1000,4100,4500,5
8690705122774,كيك 4ستارة,دانە,1000,4100,4500,5
6260007450404,شير كاكاو ثيطا 1 لتر,دانە,1000,1600,2000,5
8680618402629,جكوبيرى,دانە,1000,0,400,5
6261880800126,ترشوك 20ط,دانە,1000,0,400,5
8690646383289,كيك ويلومو,دانە,1000,4100,4500,5
8697422635808,زةيت زير 825 ط,دانە,1000,1600,2000,5
8695761001964,لور 350غرام تركي,دانە,1000,1450,1850,5
9008700154215,شربت راوخ 1لتر,دانە,1000,3350,3750,5
8697422634108,خيارشور زير,دانە,1000,1300,1700,5
8697422639639,رذدةي زير هيركرى 2كيلو,دانە,1000,2100,2500,5
8697422634696,فلفل شوشةي هار زير 330ط,دانە,1000,1600,2000,5
8697422631428,بةنطة ميو شوشةي 700غرام,دانە,1000,1599,1999,5
4017100219900,خوشترين بسكيت ئةلماني 100غرام,دانە,1000,2100,2500,5
8698613388862,توفك بيشلةر هار 220 ط,دانە,1000,1350,1750,5
8698613380293,موميش رةش بيشلير 120ط,دانە,1000,600,1000,5
8698613380309,موميش رةش بيشلير 120ط,دانە,1000,600,1000,5
8698613381184,ضةرةزات مشكل بيشلةر 80ط,دانە,1000,600,1000,5
8690635300747,ماينوس تركي تات 415ط,دانە,1000,100,500,5
089686122169,يندومي قالك كةسك,دانە,1000,350,750,5
6260007455409,شير موز ثيطا 1 لتر,دانە,1000,1600,2000,5
8690705112775,كيك ئستيرة,دانە,1000,4100,4500,5
4760037603716,نةستةلةتانطو 36عدد,دانە,1000,6600,7000,5
4760037603761,نةستةلة تانطو 36عدد,دانە,1000,6600,7000,5
8690562115735,كيك بيسكوفيرى,دانە,1000,4100,4500,5
8690562140133,كيك بيفا,دانە,1000,4100,4500,5
8690766948573,كاب كيك كولد,دانە,1000,4100,4500,5
8690351170006,كيك فولوم,دانە,1000,4100,4500,5
8887290110112,قةهوةى سترونط ماك كوفى دةبة 35 عدد,دانە,1000,6350,6750,5
0162810344880003,سوهان زعفران بضوك,دانە,1000,2600,3000,5
0162810344880002,سوهان زعفران طةورة,دانە,1000,5100,5500,5
3574660723342,كلينس تةر جونسون,دانە,1000,1350,1750,5
6406194981561,ثفك,دانە,1000,0,400,5
8690536014378,كلينس ثايثا 150عدد,دانە,1000,600,1000,5
8690536825325,سانتي مولثيد 16عدد كارتون,دانە,1000,1100,1500,5
8697449912364,سوث ئالتونسا 60 ط,دانە,1000,100,500,5
8690536855582,كلينس مولفيكس 20عدد,دانە,1000,300,700,5
8694587110546,سوث كفارك,دانە,1000,0,400,5
8694587110577,سوث كينت 68طرام,دانە,1000,100,500,5
8695504166226,شةكروك فوندانت ثرتةقالى 1 كط,دانە,1000,5600,6000,5
8693029040199,شةكروك دن ميلك ئيلفان 800 ط,دانە,1000,4100,4500,5
5011321525832,شامثوي هيةد شولدةر سعودى 400 مل,دانە,1000,4100,4500,5
8690536014385,عرص خاص        كلينس ثاثيا 150×5,دانە,1000,3600,4000,5
4636241241252,ايبابفلتيلاثغث,دانە,1000,1600,2000,5
8801038116181,موزى دوركو4دة ف,دانە,1000,2100,2500,5
6945449302169,سة رمة موكى 3عدد عسل,دانە,1000,600,1000,5
5281009568714,كاستانياى مور مشةكل كيسة 250طرام,دانە,1000,3100,3500,5
5281009568349,كاستانياى كةسك كيسة 250طرام,دانە,1000,4600,5000,5
5281009561555,كاستيناى 500ط كودى,دانە,1000,3600,4000,5
5281009128345,كاستيناى شين 300طرام كودى بجوك,دانە,1000,4600,5000,5
5281009568219,كاستينا طولة بةروذ 250طرام,دانە,1000,2600,3000,5
8690536019021,باشترين كلينس ثاثيا 2عدد متبخ,دانە,1000,1100,1500,5
0162300031980042,كريمدار مينو عائيلي,دانە,1000,1100,1500,5
6260319800225,كريم دار مينو عائيلي,دانە,1000,1100,1500,5
9556023785635,جيثس قودي 160ط,دانە,1000,1500,1900,5
6260414502079,ترشوك لولةي,دانە,1000,0,400,5
8690555511766,فرجة ددان بةنات دوكار,دانە,1000,1350,1750,5
6251059570660,جل سبلاش ئوردنى كاشى 1500طرام,دانە,1000,5100,5500,5
8690536011278,كلينس فاميلي 6×1   6 رول,دانە,1000,2850,3250,5
6925515866443,بةرداخ ئاو فود باك 50عدد 6ئونز,دانە,1000,350,750,5
8699971794081,عةلاطةي كرش كةبس معتةر,دانە,1000,2250,2650,5
8697416110458,جرةزات سولتان,دانە,1000,0,400,5
5281009531602,توفك كاستينا,دانە,1000,0,400,5
6260003113181,ويفردووميكا عايلى,دانە,1000,850,1250,5
6260003113150,ويفردووميكاى عايلى,دانە,1000,850,1250,5
0162300000310258,ويفردووميكاى عايلى,دانە,1000,850,1250,5
0162300040620043,ثسكيت تونتابى عائيلي,دانە,1000,1100,1500,5
0162300040620044,ثسكيت تونتابى عائيلي,دانە,1000,1100,1500,5
8690536016426,كلينس ثاثياى 300عددكيس,دانە,1000,1000,1400,5
6260910101042,ترشوك رولي,دانە,1000,0,400,5
8690351003557,قيماغ تركي بجوك,دانە,1000,0,400,5
8690351038207,قيماغ تركي بجوك,دانە,1000,0,400,5
6924074237954,طورةي زنان,دانە,1000,600,1000,5
6939323307661,طورةي ثياوان 4عدد,دانە,1000,1100,1500,5
6958540500358,طورةي زنان 4عدد,دانە,1000,1100,1500,5
6935070622125,طورةي 6عدد,دانە,1000,1100,1500,5
6933344632177,طورةي زنان,دانە,1000,350,750,5
6951275900035,طورة,دانە,1000,350,750,5
6951991461230,طورة ثياوان,دانە,1000,600,1000,5
645872011008,داركى كوجك عادى,دانە,1000,0,400,5
8691206060312,سبوق ثيلاو سيتيل سةفةرى,دانە,1000,600,1000,5
8691206060114,سبوق ثيلاو سيتيل سةفةرى 80مل,دانە,1000,600,1000,5
3014260214692,جلى ردين جليت 200 مل,دانە,1000,3100,3500,5
8680908054200,كيك,دانە,1000,0,400,5
8680908054217,كيك,دانە,1000,0,400,5
8690705022777,كيك,دانە,1000,0,400,5
8690526017297,نةستةلة,دانە,1000,0,400,5
8690562007061,كيك,دانە,1000,0,400,5
8690504067009,كيك ولكةر كيكسترا ثرتةقال 40طرام,دانە,1000,0,400,5
8690351041726,كيك,دانە,1000,0,400,5
8690646383210,كيك,دانە,1000,0,400,5
6253002435620,مينى ثاوةند كيك 42طرام,دانە,1000,0,400,5
8680492055409,كيك,دانە,1000,0,400,5
8693029603165,كيك دونات تودةى 35طرام,دانە,1000,0,400,5
4760037603709,نةستةلة,دانە,1000,0,400,5
4820146144286,كيك,دانە,1000,0,400,5
8681270415941,نةستةلة,دانە,1000,0,400,5
8680979216200,نةستةلة,دانە,1000,0,400,5
8681270413602,نةستةلة,دانە,1000,0,400,5
8690504039464,ميترو,دانە,1000,0,400,5
8690766338855,نةستةلة,دانە,1000,0,400,5
8690705002793,نةستةلة,دانە,1000,0,400,5
8690504015802,نةستةلة,دانە,1000,0,400,5
8690504089278,نةستةلة,دانە,1000,0,400,5
8680492055263,كيك,دانە,1000,0,400,5
5201360795192,كيك,دانە,1000,0,400,5
8690705065682,كيك,دانە,1000,0,400,5
8690351070009,كيك,دانە,1000,0,400,5
8690562041225,كيك,دانە,1000,0,400,5
8681371230481,كيك,دانە,1000,0,400,5
8681371230580,كيك,دانە,1000,0,400,5
8690504088981,كيك,دانە,1000,0,400,5
8690562015738,كيك,دانە,1000,0,400,5
8681038203209,كيك,دانە,1000,0,400,5
6253002400024,كيك,دانە,1000,0,400,5
6211022761013,كيك,دانە,1000,0,400,5
8693029699298,كيك سويس رول تودةى 35ط,دانە,1000,0,400,5
5310119003911,كيك,دانە,1000,0,400,5
6260545911849,كيك,دانە,1000,0,400,5
8680908054194,كيك,دانە,1000,0,400,5
8680417207616,كيك,دانە,1000,0,400,5
8690766323707,كيك,دانە,1000,0,400,5
8680782523755,ثفك,دانە,1000,0,400,5
0162900054350345,ثفك,دانە,1000,0,400,5
6260543560520,ثفك,دانە,1000,0,400,5
0162900054350120,ثفك,دانە,1000,0,400,5
6260543502810,ثفك,دانە,1000,0,400,5
0162900054350512,ثفك,دانە,1000,0,400,5
0162900054350605,ثفك,دانە,1000,0,400,5
6260543503190,ثفك,دانە,1000,0,400,5
6210005555113,شةكر تاك كيسة 500طرام,دانە,1000,600,1000,5
8691066501031,كيك,دانە,1000,0,400,5
8690526023755,كيك,دانە,1000,0,400,5
5013965322655,معجون ددان كريست مينت فريش 100مل,دانە,1000,1600,2000,5
8690504135555,ميترو 30طرام,دانە,1000,0,400,5
8690504034438,بسكويت ئةلبةنى 31طرام,دانە,1000,0,400,5
8693855003948,شربت فريش,دانە,1000,100,500,5
6281100327103,شة ربة ت واو,دانە,1000,100,500,5
4033100040153,فينستون كيس,دانە,1000,1100,1500,5
6260176502041,ويفةر رانا بندةق كاكاو 24عدد,دانە,1000,1850,2250,5
8695280618100,شة ربة ت فروتى,دانە,1000,0,400,5
6281100327165,شة ربة ت واو,دانە,1000,50,450,5
8695280330903,شة ربة ت تازج شوشة 330 مل,دانە,1000,100,500,5
8695280330118,شة ربة ت تازج,دانە,1000,100,500,5
8680057215798,سودة ى زة نجبيل,دانە,1000,100,500,5
8693593118768,سودةي ئةكميني,دانە,1000,100,500,5
3800001112583,م م رة ش,دانە,1000,100,500,5
88011929,يسى كةسك,دانە,1000,850,1250,5
88011127,ثاكةت ثاين 20عدد,دانە,1000,850,1250,5
8680530320117,لايلونىناوكةونتةر,دانە,1000,350,750,5
8690949000357,كونجى تيمثو 25طرام,دانە,1000,0,400,5
6253002478269,كيك سوبررل,دانە,1000,2100,2500,5
054251282548,قةسثي مريم,دانە,1000,2100,2500,5
6291100730254,دةرمان نيرطيلة,دانە,1000,850,1250,5
6291100732883,دةرمان نيرطيل,دانە,1000,850,1250,5
6291100732876,دةرمان نيرطيلة,دانە,1000,600,1000,5
6291100730285,دةرمان نيرطيلة,دانە,1000,850,1250,5
8801062230013,مساس سورافي مندالان,دانە,1000,0,400,5
0133800052510001,كةشكي ئاش دهكدة خرم شوشة 400طرام,دانە,1000,1600,2000,5
6260687301553,ثةنير صباح 100غرام,دانە,1000,100,500,5
6260176502034,ثسكيت رانا,دانە,1000,0,400,5
6260168110087,ثةنير ثيتزا متهر 500 ط,دانە,1000,4600,5000,5
281656501400,مريشكى غريب 1600ط,دانە,1000,3200,3600,5
9640001021454,بهارات قالك,دانە,1000,350,750,5
8699965897774,بهارات قالك,دانە,1000,350,750,5
012345678905,بهارات قالك,دانە,1000,350,750,5
9640001021812,بهارات قالك,دانە,1000,350,750,5
8699965897736,بهارات قالك,دانە,1000,350,750,5
8699965897804,بهارات قالك,دانە,1000,350,750,5
9640001021430,بهارات قالك,دانە,1000,350,750,5
8699965897873,هيل قالك طول روز,دانە,1000,600,1000,5
8904150313909,قةلةم جاف,دانە,1000,0,400,5
6260007406432,شير موز ثيطا 125ط,دانە,1000,0,400,5
6260007450299,شير كاكاو ثيطا 125ط,دانە,1000,0,400,5
776992031055,كيك,دانە,1000,0,400,5
6251059451426,دةرمان كاشى ئيزى1لتر+ثةروك,دانە,1000,3600,4000,5
8693029699540,كيك بار كيك,دانە,1000,2100,2500,5
8693029699564,كيك بار كيك,دانە,1000,2100,2500,5
8691720153057,بسكريم ئةني,دانە,1000,2100,2500,5
8695820007418,قهوة كةسكان 200 ط,دانە,1000,2500,2900,5
7616100030583,قةهوة طولد شريكة نيسافي 100 ط,دانە,1000,5600,6000,5
8699182386051,كلينس تةر رويال 120 عدد,دانە,1000,800,1200,5
90417313,ثاوةرسيل م  تاقة,دانە,1000,350,750,5
6251059295259,ديتول لينول 3585 ط,دانە,1000,5100,5500,5
4037719068195,شةكروك ئةلماني قودي 175 ط,دانە,1000,2350,2750,5
8690637068768,كريم تةباخ جيف 500 مل,دانە,1000,1600,2000,5
8699872970102,ماست 1750 ط,دانە,1000,2100,2500,5
8801116001927,يسي رساسي,دانە,1000,1100,1500,5
8697449912371,سوث ئالتونسا 60 ط,دانە,1000,100,500,5
6904150313901,قةلةم جاف,دانە,1000,0,400,5
8902442205772,قةلةم رساس عسل,دانە,1000,600,1000,5
2015000396051,قةلةم رةنط بجوك,دانە,1000,0,400,5
6938556826680,قةلةم رةنط طةورة,دانە,1000,100,500,5
6926853485075,قةلةم دمك,دانە,1000,0,400,5
6930346810824,قةلةم موشيك 12 عد,دانە,1000,600,1000,5
6922141010004,قةلةم موشيك,دانە,1000,0,400,5
6920211051001,دةفتةر 100 ثةر,دانە,1000,100,500,5
6920152121283,دةفتةر 28 ثةر,دانە,1000,0,400,5
6985201551305,دةفتةر 30 ثةر,دانە,1000,0,400,5
6932121415217,دةفتةر 60ثةر,دانە,1000,100,500,5
6954566520219,قةلةم دمك ئاسن عسل,دانە,1000,100,500,5
6260272803035,ماستى سونةتى,دانە,1000,1600,2000,5
8681285101617,لةزطةي برين,دانە,1000,0,400,5
6260543501028,ثفك,دانە,1000,0,400,5
8693029604209,كيك,دانە,1000,0,400,5
6211022763017,كيك,دانە,1000,0,400,5
8690120060170,نةستةلة نةمبةر وان 30ط,دانە,1000,0,400,5
8699164634705,نةستةلة,دانە,1000,0,400,5
6262484604080,كيك,دانە,1000,0,400,5
0162300248460168,كيك,دانە,1000,0,400,5
8691720003048,بسكويت بالسمسم سوساملى 70طرام,دانە,1000,0,400,5
8693029700598,كيك,دانە,1000,0,400,5
8690766295134,كيك,دانە,1000,0,400,5
4800888149336,شامثو ظازلين 275ط,دانە,1000,2599,2999,5
8999999045913,سابون ليف بو 4عدد,دانە,1000,1600,2000,5
8999999009595,شامثوي ليف بو جسم 500 ط,دانە,1000,3100,3500,5
6937518800010,شةكروك دزوار,دانە,1000,0,400,5
8690146680215,جيلى بيبيتو 30طرام,دانە,1000,0,400,5
7622100852124,ماربرورةش عادى,دانە,1000,3100,3500,5
4796000556666,جاي محمود كيس معةتةر 400طرام,دانە,1000,3600,4000,5
4796000556673,جاي محمود كيس هيل 400طرام,دانە,1000,3600,4000,5
4796000556680,ضاي محمود كيس رةش 400طرام,دانە,1000,4100,4500,5
4796000556659,جاي محمود كيس رةش 400طرام,دانە,1000,3600,4000,5
4796000551166,ضاي محمود هيل 450ط,دانە,1000,5100,5500,5
8693029699533,كيك,دانە,1000,0,400,5
8690526023861,ثوث كيك موز 45ط,دانە,1000,0,400,5
8695150003234,برنج هةسثى رةش 4.5كيلو,دانە,1000,8600,9000,5
6935685436582,سيمى ئامانى 3 عدد,دانە,1000,350,750,5
8690239031610,ئةسفةنيك مشك250ط,دانە,1000,2350,2750,5
6260138062408,عللك ونى كوم بال كوندور 100عدد,دانە,1000,1600,2000,5
4820107352873,مريشك ئوكرانى2200ط,دانە,1000,4600,5000,5
3073781068610,ثةنير كريمي 200 ط بقرة,دانە,1000,2350,2750,5
8697409090651,كلينش مارماريس,دانە,1000,400,800,5
3426374747452,كلينس 200عدد لاين,دانە,1000,100,500,5
4815488451475,كلينس 200عدد لاين,دانە,1000,100,500,5
8697159165296,روين 12 كيلو هةسثي رةش,دانە,1000,16600,17000,5
8690547021419,جيلى فراولة كينتون 80طرام,دانە,1000,350,750,5
8690536013289,كلينس,دانە,1000,0,400,5
8697924592005,كلينس تةر كونفي 90عدد,دانە,1000,850,1250,5
80001355,ويفةر لوكةر ئةلمانى 25طرام,دانە,1000,100,500,5
8693029605770,كيك سةموني,دانە,1000,3850,4250,5
8693029605008,كيك,دانە,1000,0,400,5
9557062321440,جيثس مستر ثوتاتو قودي 40طرام,دانە,1000,600,1000,5
5011321360945,شامثوي هيةد شولدةر سعودى 400 مل,دانە,1000,3600,4000,5
5011321361058,شامثوي هيةد شولدةر سعودى 400 مل,دانە,1000,3600,4000,5
6260552012140,ثةنير ثاليود 300ط,دانە,1000,600,1000,5
0133100010140001,موتة زستانى,دانە,1000,0,400,5
6281642500545,بسكيت عائيلي مار,دانە,1000,600,1000,5
6260467400445,تايت 10كط,دانە,1000,6100,6500,5
5281009158229,فستةق عبيد كاستينا,دانە,1000,1500,1900,5
8680945412957,شانسىتوركى,دانە,1000,100,500,5
6221048062247,شامثوي جسم لوكس 250 ط,دانە,1000,1600,2000,5
6221048062209,شامثوي جسم لوكس 250 ط,دانە,1000,1600,2000,5
6221048062193,شامثوي جسم لوكس 250 ط,دانە,1000,1600,2000,5
6281006437944,شامثو دوف عسل 400 ط,دانە,1000,3600,4000,5
6281006437821,شامثوي دوف عسل 400 ط,دانە,1000,3600,4000,5
6221048236280,شامثوي كلير عسل 400 ط,دانە,1000,3100,3500,5
6221155010865,شامثوي كلير عسل 400 ط,دانە,1000,3100,3500,5
6221155010858,شامثوي كلير عسل 400 ط,دانە,1000,3100,3500,5
6221155010889,شامثوي كلير عسل 400 ط,دانە,1000,3100,3500,5
6260751900057,كيك,دانە,1000,0,400,5
6260191501852,كيك,دانە,1000,0,400,5
6260003113679,كيك,دانە,1000,0,400,5
8690451219902,مريشك 2300 طوزدة,دانە,1000,7100,7500,5
6979464320358,دةفتةر رسم وست,دانە,1000,100,500,5
8693029600874,ميني نةستةلة طويز هند,دانە,1000,2100,2500,5
089686122015,يندومي قالك مريشك,دانە,1000,350,750,5
8690766681906,بسكيت موتة,دانە,1000,0,400,5
6917554713314,جيثس تانطو,دانە,1000,350,750,5
6917554713062,جيثس تانطو,دانە,1000,350,750,5
6260171523058,رذدةى مانا برغى 500طرام,دانە,1000,600,1000,5
8690347084133,ثةنير كةزي كانلار 200 ط,دانە,1000,2100,2500,5
8690347070136,ثةنير مشللة كانلار 200 ط,دانە,1000,2100,2500,5
8695543003391,ثةنير كةزي مورادبى 200طرام,دانە,1000,3600,4000,5
4820156632551,بسكيت ئةكميناى عايلى384ط,دانە,1000,1100,1500,5
8691356323022,فينطر 1كيلو تركي,دانە,1000,1600,2000,5
7730108002110,ماسىبئ داسى,دانە,1000,2600,3000,5
6260644100403,موسيربامادا700ط,دانە,1000,2600,3000,5
8681270412827,كيك,دانە,1000,0,400,5
8681270422826,كيك تركي,دانە,1000,4100,4500,5
8692809372109,كيك 2 قلو تركي,دانە,1000,4350,4750,5
4823090300074,كيك ئوكراني,دانە,1000,2100,2500,5
8690526001197,ثسكيت ثيتي ثور يتى كاكاو 370طرام,دانە,1000,1350,1750,5
3600521900918,شامثو يثك تركي,دانە,1000,1350,1750,5
8681270451895,كيك تركي 24عدد,دانە,1000,2100,2500,5
8681270427173,كيك تركي 24عدد,دانە,1000,4100,4500,5
6281006709812,جاي ليبتون كةسك 25 عدد,دانە,1000,1600,2000,5
8690533001357,بسكيت يتي مندالان 190 ط,دانە,1000,600,1000,5
6263236800040,كوليجةساواس,دانە,1000,0,400,5
5000174422306,معجون كريست كومبليت 125مل,دانە,1000,1100,1500,5
8697449913248,سوث ئالتون سان كفارك,دانە,1000,3600,4000,5
8697449913255,سوث ئالتون سان,دانە,1000,3600,4000,5
8697449913286,سوث ئالتون سان,دانە,1000,3100,3500,5
8699462604141,قيماغ شانسي,دانە,1000,0,400,5
8699462604165,قيماغ شانسي,دانە,1000,0,400,5
8690351003571,ملحم مندالان قيماغ,دانە,1000,0,400,5
0162300248460162,بيسكويت ئادرين 38طرام,دانە,1000,0,400,5
8697288305051,نةستةلة,دانە,1000,0,400,5
6260707800424,كيك,دانە,1000,0,400,5
8697449901436,ئاف ليمو ئالتون سا 1000مل,دانە,1000,600,1000,5
6260525100027,كةشكي ئاش دهكدة خرم شوشة 400طرام,دانە,1000,1600,2000,5
7215312145711,طةنمةشامى وردة قودى 400طرام,دانە,1000,600,1000,5
6260308310100,ماينوس سحر بجوك شوشة,دانە,1000,1000,1400,5
0162900054350089,ثفك جاكليز,دانە,1000,0,400,5
8680215011897,نوك سيرفيس,دانە,1000,2100,2500,5
6281100327110,شربت واو,دانە,1000,100,500,5
8693029607606,شةكروك 2 يلو فون دان,دانە,1000,8600,9000,5
8690562115896,شةكروك 2كيلو فستةق,دانە,1000,6600,7000,5
6904542109136,تايت وليف3.25كط,دانە,1000,3600,4000,5
4820012683031,شير الفجر قودي,دانە,1000,600,1000,5
8420701103053,زةيت زةيتون ئيسثاني 175مل,دانە,1000,2850,3250,5
4891460219318,هنطفين 125 ط  عسل,دانە,1000,1200,1600,5
8858808982071,كةمثوت ئاناناس 500 ط,دانە,1000,1350,1750,5
032894010339,فاسولي قودي كاليفورني,دانە,1000,700,1100,5
8699965896357,تةحيني ئالين 1000 ط,دانە,1000,3100,3500,5
6212853117062,ثةنير سمايل 100 ط,دانە,1000,100,500,5
6212853052011,ثةنير سمايل 200 ط بلو,دانە,1000,1100,1500,5
6260267400386,ماست ثازن 1كيلو,دانە,1000,2000,2400,5
5410076932573,شامثوي شولدةر عسل,دانە,1000,4100,4500,5
4015600835149,شامثو ثانتين سعودى 400 مل,دانە,1000,3350,3750,5
6281100021100,سركة سيو بيدر شوشة 473 مل,دانە,1000,1100,1500,5
8692971481920,كةضةث فلفل بيزيم ئولكةر 420 ط,دانە,1000,1350,1750,5
8692971481944,كةضةث تةماتة بيزيم ئولكةر 420 ط,دانە,1000,1350,1750,5
717273501508,ئاري سوخاري ئةمريكان طاردن قودى 425طرام,دانە,1000,3350,3750,5
8699965897477,ساس ئالين شرين,دانە,1000,350,750,5
8699965897514,ساس ئالين هار,دانە,1000,350,750,5
6294002401512,ساس تماتة 340 ط هيرمان,دانە,1000,600,1000,5
6294002405022,ماينوس هرمان 500 ط,دانە,1000,1600,2000,5
8436540820723,نوك شوشة القبرس,دانە,1000,950,1350,5
8681407000224,نةستةلة كاكا و شير   زير,دانە,1000,1350,1750,5
7613031513093,نيسكوك توز موزى بريتانى 300 ط,دانە,1000,4600,5000,5
8712561224086,معترريكسونى عسل,دانە,1000,2100,2500,5
8718114202334,معترريكسونى سثورت,دانە,1000,2100,2500,5
6214439403064,سابون حلب لودانا اسل 6 عدد,دانە,1000,8600,9000,5
8695504166356,عرص خاص  شةكروك فون دانت 500غرام,دانە,1000,1600,2000,5
6260007411757,ثةنير ثيطا  400 ط,دانە,1000,850,1250,5
8695761001124,ثةنير ثيتزا كوزو كو رةندة 200 ط,دانە,1000,1850,2250,5
8697420535186,جلي عيملاق 1كيلو,دانە,1000,1350,1750,5
9310052089511,ثةنير سةقةر قودى 113غ,دانە,1000,1600,2000,5
8690555512381,فرضةى ددان بةنات ترى-ئةكشن مولتى كار,دانە,1000,2100,2500,5
8690632760285,نسكويك خر رقائق 700 طرام,دانە,1000,3850,4250,5
8690632047423,نسكويك خر كيسة 150ط,دانە,1000,1600,2000,5
8410376000146,ثسكيت طولون اسثانى 800طرام,دانە,1000,4100,4500,5
8410376008371,ثسكيت يسثاني طولون دورادا 800 ط,دانە,1000,3100,3500,5
8410376045611,ثسكيت يسثاني 600 ط,دانە,1000,2600,3000,5
8410376000726,ثسكيت يسثاني طولون تروبيكال 800 ط,دانە,1000,3600,4000,5
4017100110016,ثسكيت ليبنز كةكةو ئةلمانى 200ط,دانە,1000,2600,3000,5
4017100116216,خوشترين ثسكيت ئةلماني 200 ط,دانە,1000,1600,2000,5
072417153143,خوشترين ثسكيت فينطةري 114ط,دانە,1000,2100,2500,5
072417138515,خوشترين ثسكيت فينطةري 110 ط,دانە,1000,2100,2500,5
80177180,نةستةلة كيندةر 23.5غرام,دانە,1000,600,1000,5
4017100216800,خوشترين ثسكيت  شوكلاتةي ويفري 100 ط,دانە,1000,2100,2500,5
4014400914412,شةكروك ئةلماني كريم كوفى 125 ط,دانە,1000,3100,3500,5
4014400900880,شةكروك ئةلمانى كريم كاندى 150 ط,دانە,1000,3100,3500,5
5000396022315,ثسكيت هوبنوس شوفان وضوكولاتة 300طرام,دانە,1000,3350,3750,5
5000396019193,ثسكيت داجيس تف كراميل 300 ط,دانە,1000,3100,3500,5
5000396035032,ثسكيت دايجستيف ضوكولاتة 250طرام,دانە,1000,3100,3500,5
5907471400160,ثسكيت ثولةندي دكتور جيرارد 36.6طرام,دانە,1000,0,400,5
80001911,نةستةلة لوكةر طاردينا 38طرام,دانە,1000,600,1000,5
6291100607020,كيك بروفن 100ط,دانە,1000,100,500,5
009800800056,نوتيلاكاسة52ط,دانە,1000,1100,1500,5
5000159020312,حةبى مالتيرس 37طرام,دانە,1000,600,1000,5
6294001821670,نةستةلة طالاكسى كارميل40ط,دانە,1000,600,1000,5
8681270441896,كيك روتو,دانە,1000,0,400,5
806796013374,ثيتي ثور ئولكةر 1000 ط,دانە,1000,2100,2500,5
8699965894698,بهاراتى ئالين زةنجةفيل كوتراو 30طرام,دانە,1000,600,1000,5
6260007411856,ثةنير ثيطا 90ط,دانە,1000,100,500,5
8690451709588,كينتاكى طوزدة500ط,دانە,1000,2600,3000,5
8693029608191,كيك تودة ىسثى,دانە,1000,4100,4500,5
8693029600645,نةستةلةى ثاوةر,دانە,1000,2100,2500,5
8696540185066,ئارىبرنج توركى250ط,دانە,1000,1350,1750,5
8696540185097,ئارىبرنج توركى250ط,دانە,1000,1350,1750,5
8696540185103,ئارىبرنج توركى250ط,دانە,1000,1350,1750,5
8699965894971,بهارات مريشك ئالين 35طرام,دانە,1000,600,1000,5
4017100373114,ثسكيت ليبينز كةكةو ئةلمانى 100طرام,دانە,1000,2100,2500,5
8691216024533,جلي هاريبو طيلاس 160 ط,دانە,1000,1600,2000,5
4800318407739,معجون ددان سن سوداين تايلندى 100 ط,دانە,1000,3100,3500,5
8690572400548,ريكاي ثريل سثي 720 ط,دانە,1000,600,1000,5
8697924561865,ئاف ليمو بيل باك 500 ط,دانە,1000,250,650,5
4791021918783,جاي الكيف سةفةري 25 عدد,دانە,1000,100,500,5
6950869600023,فرجة ددان م 200,دانە,1000,600,1000,5
8690555512152,فرجةى ددان بةنات ريلاكشن,دانە,1000,1600,2000,5
8690555512060,فرجةى ددان بةنات سموكيرس اصل,دانە,1000,1600,2000,5
80177616,كيندةر 8عدد*100طرام,دانە,1000,1600,2000,5
4823077605352,ثسكيت روشةن 500ط,دانە,1000,3100,3500,5
4823077613005,لوقمة روشةن 800ط,دانە,1000,4600,5000,5
8695463330072,زةيت 1لتر رةز,دانە,1000,1000,1400,5
6260501001201,كيك رولت نادرى,دانە,1000,0,400,5
8935001721529,علك مينتوس وايت 8عدد,دانە,1000,100,500,5
8935001722472,علك مينتوس مشةكل 8عدد,دانە,1000,100,500,5
8935001722496,علك مينتوس فريَش 8عدد,دانە,1000,100,500,5
8935001721505,علك مينتوس وايت 8عدد,دانە,1000,100,500,5
8680417201652,ريكاى ئالتون سان,دانە,1000,450,850,5
6260872500082,كيك,دانە,1000,0,400,5
6260467401893,ريكاىتاز 730ط,دانە,1000,400,800,5
6260467402395,دةرمانى قةنةفة و مافور,دانە,1000,1350,1750,5
6260913800157,فاس دوسى 4 لتر,دانە,1000,1850,2250,5
6260913800232,معجزةى دوسى رساسى 4 لتر,دانە,1000,2600,3000,5
2016092000437,ميكزة مين طةورة ىشحن,دانە,1000,14600,15000,5
2016092000222,هةمةرىطةورةىشحن,دانە,1000,12600,13000,5
8690146120575,جلىببيتوىشةكر,دانە,1000,0,400,5
8680861069044,علك,دانە,1000,0,400,5
6915782003689,نةسوس,دانە,1000,1100,1500,5
6260100109377,ثفك مينو نمكي,دانە,1000,100,500,5
8681270417174,كيك,دانە,1000,0,400,5
8691720022100,كيك هاى واى زةر 50ط,دانە,1000,0,400,5
8698509291023,كيك,دانە,1000,0,400,5
8697413290153,سابون سائيل 5 لتر دوريكس,دانە,1000,4100,4500,5
8690570534825,فانيش 2700 ط,دانە,1000,6350,6750,5
8698995511995,لوبك نةورس,دانە,1000,1100,1500,5
4897067495841,معتةر كريم ريكسونا,دانە,1000,1850,2250,5
5000112621778,كولا 250 مل بتل,دانە,1000,600,1000,5
6254587165681,موم و رةقةم hapy new,دانە,1000,600,1000,5
6682838968765,hapy birthday موم,دانە,1000,600,1000,5
6946169120590,موم 4 رةنط,دانە,1000,600,1000,5
2016092000444,ميك زةميني طةورة طةورة,دانە,1000,14600,15000,5
2016092000413,مةريزي طةورة طةورة شحن,دانە,1000,14600,15000,5
8697924561810,شةبرمان بيل باك 350 ط,دانە,1000,600,1000,5
6941057446691,ماسي هةواوي,دانە,1000,3100,3500,5
6941057402697,مروف هةواوى ئينتيكس,دانە,1000,4600,5000,5
8699120445703,تاييطر جوست ثووير,دانە,1000,100,500,5
9556023985578,ضيثس جاكةر قودي 60ط,دانە,1000,600,1000,5
9556023107697,ضيثس جاكةر قودي 60ط,دانە,1000,600,1000,5
8691988004382,جلى برج طومى رةش 220 مل,دانە,1000,2100,2500,5
6260751900231,ثةتى بورى فنجان,دانە,1000,1600,2000,5
3073781062946,ثةنير كيري 6عدد,دانە,1000,1100,1500,5
6933815511246,جةسث قةترةي,دانە,1000,0,400,5
4820156632544,ثسكيت دووكوت 244ط   ئوكراني,دانە,1000,1100,1500,5
6260869300862,فستةق فرجام 350 ط,دانە,1000,5600,6000,5
6260869301883,فستةق 350 ط فرجام ترش,دانە,1000,5600,6000,5
6262712300418,موتو يراني,دانە,1000,0,400,5
5289000008444,فحم,دانە,1000,600,1000,5
8690526023762,ثوث كيك ليمو 45ط,دانە,1000,0,400,5
6260812000146,كيك,دانە,1000,0,400,5
8681465813651,هةنطوين توركى 240غرام,دانە,1000,1100,1500,5
8680407872237,هةنطوين توركى 240غرام,دانە,1000,1100,1500,5
2821521009000,سوطرمريشك 900غ,دانە,1000,1600,2000,5
8697415310996,ثةنيرتازج 150غرام,دانە,1000,1200,1600,5
8697415311061,ثةنير بة ياز250غرام,دانە,1000,1300,1700,5
8680181051392,لورتوركى 500ط,دانە,1000,2100,2500,5
8697418620856,قةيماغ تازة 150ط,دانە,1000,2000,2400,5
8691707036694,وزموكريم35ط,دانە,1000,100,500,5
8691707140117,ئوزمو هوكسي ثوكسي 36 ط,دانە,1000,100,500,5
8691707190440,وزموسثاك30ط,دانە,1000,100,500,5
8699141157104,بسكويت ئوزمو هوثو 40طرام,دانە,1000,100,500,5
0162300019150111,ثسكيتيرانى35ط,دانە,1000,0,400,5
8692173300791,برنج تات 700 ط,دانە,1000,700,1100,5
8710679000363,بازليا 400 ط كيس,دانە,1000,1600,2000,5
8692259000904,طةلمة شامي 450ط  كيس,دانە,1000,1850,2250,5
8690612507275,ثيتزا 4عدد تركي كيس,دانە,1000,4600,5000,5
8690451709496,سوسيس طوزدة 340طرام,دانە,1000,1100,1500,5
8697449917949,ماجى توز ئالتونسا 40عدد,دانە,1000,1600,2000,5
8680417207098,زةيتون رةش بةلةم ئالتونسا 170 ط,دانە,1000,600,1000,5
8681270412544,ملحم مندالان,دانە,1000,0,400,5
6260869302118,كشمش فرجام 350 ط,دانە,1000,2100,2500,5
6921771957475,ثاترى طة ورة,دانە,1000,600,1000,5
6926643020790,حةب مندالان,دانە,1000,0,400,5
6957743300048,جيلى تكة 50عدد,دانە,1000,4600,5000,5
6938425000319,مارشمالو مندالان,دانە,1000,0,400,5
3600521900383,شامثو يثك تركي,دانە,1000,1100,1500,5
8690536000562,دةرمان كاشى بينطو 1000مل,دانە,1000,1600,2000,5
8681270452205,كيك تركي 24عدد,دانە,1000,2100,2500,5
8690536903894,تايت بينطو 4كيلو   + هدية,دانە,1000,7100,7500,5
4037719066986,شةكروك ئةلماني قودي 200طرام,دانە,1000,2350,2750,5
996486,وزموهةثو25ط,دانە,1000,0,400,5
8699141057152,بسكويت ئوزمو هوثو 25طرام,دانە,1000,0,400,5
6253803002229,كلينس ميلودى 300عدد,دانە,1000,850,1250,5
80751151,نوتيلا 15طرام,دانە,1000,100,500,5
8681282303298,طوشت بودرون 800ط,دانە,1000,2100,2500,5
8690120160184,نة مبةروة ن بندةق,دانە,1000,4600,5000,5
8697413290290,دةرمان طيرة دوريكس 900طرام,دانە,1000,850,1250,5
8410505272017,نوك شوشة 570ط,دانە,1000,950,1350,5
6294003567224,شير نيدو 2500غرام,دانە,1000,21600,22000,5
8936030125401,ماسي سيبلو طولد 160طرام,دانە,1000,1100,1500,5
7896041142242,طوشت مريشك رويال 320ط,دانە,1000,850,1250,5
8994420199838,ماسي ميلو 160ط,دانە,1000,450,850,5
8936081780086,ماسي سافكول 350 ط,دانە,1000,1500,1900,5
8690506442118,شامثوي يفي مندالان 400 ط,دانە,1000,1350,1750,5
8690120519234,نةستةلة نةمبةر وةن,دانە,1000,4600,5000,5
8680713013010,شير وةلد المودهيش,دانە,1000,850,1250,5
9557152600059,ومي ثو 85 ط جيثس,دانە,1000,600,1000,5
9557152600042,ومي ثو 85 ط  جيثس,دانە,1000,600,1000,5
9557152600080,ومي ثو 85 ط  جيثس,دانە,1000,600,1000,5
9557152600097,ومي ثو 85 ط  جيثس,دانە,1000,600,1000,5
5053990107346,جيثس برنجليس 40 ط,دانە,1000,600,1000,5
5053990107377,جيثس برنجليس 40 ط,دانە,1000,600,1000,5
5053990107360,جيثس برنجليس 40 ط,دانە,1000,600,1000,5
5907471400061,ثسكيت ايتالى,دانە,1000,0,400,5
9559520922084,لةثك100عددلاستيك,دانە,1000,7100,7500,5
7622100983446,ثاكت موراتى,دانە,1000,1600,2000,5
6294001820017,نةستةلة طةلاسي 120 ط,دانە,1000,600,1000,5
5907471400184,ثسكيت ماجيك ثولةندي 24 عدد,دانە,1000,5100,5500,5
5907471400207,ثسكيت ماجيك ثولةندي 24 عدد,دانە,1000,5100,5500,5
5907471400078,كيك ثولةندي 24 عدد,دانە,1000,4350,4750,5
5907471441897,نةستةلة ثولةندي 30عدد,دانە,1000,5600,6000,5
5907471404595,نةستةلة ثولةندي 30عدد,دانە,1000,6100,6500,5
8005380050098,كيك ثولوندي,دانە,1000,0,400,5
8005380030137,كيك ثولةندي,دانە,1000,0,400,5
8005380030038,خوشترين كيك ثولةندي,دانە,1000,1600,2000,5
7622300166793,ضيثس ضيثسو ماست وكةرةفس 56طرام,دانە,1000,600,1000,5
8680782525810,جيثس   ماستير,دانە,1000,0,400,5
6260575900097,جيثس يليت 30طرام,دانە,1000,0,400,5
5907471400146,ثسكيت ماجيك ثولةندي 36.6ط,دانە,1000,0,400,5
59054771,نةستةلة ثولةندي,دانە,1000,0,400,5
59072003,نستةلة ثولةندي,دانە,1000,0,400,5
8681317580472,شربت ئالوبالو 200ط,دانە,1000,0,400,5
6955051101036,مةموك لكة,دانە,1000,600,1000,5
6260910100250,ئالوجة قاث,دانە,1000,100,500,5
6261107007475,فستةق ثةرديس 65 ط,دانە,1000,100,500,5
8005380050081,خوشترين ثسكيت ثولةندي 10عدد,دانە,1000,1600,2000,5
0162240013800451,عللك ونى كوم بال فراولة 100عدد,دانە,1000,1600,2000,5
6957743396553,جلى دل,دانە,1000,0,400,5
4017100107412,ثسكيت ئةلمانى ليبنز زوو 100 ط,دانە,1000,2100,2500,5
6261178013016,ضوكليت ئاناتا استايل قالك 250طرام,دانە,1000,1600,2000,5
8005380030144,كيك ثولةندى,دانە,1000,0,400,5
8005380030113,كيك ثولةندى,دانە,1000,0,400,5
8697422634313,صابون ليا 6عدد,دانە,1000,600,1000,5
8005380030014,خوشترين كيك ثولةندي,دانە,1000,1600,2000,5
8005380030045,خوشترين كيك ثولةندي,دانە,1000,1600,2000,5
6281100021131,صاصى هارى بيدر شوشة 88 مل,دانە,1000,350,750,5
8690511405962,شامثوى هاير 650غرام,دانە,1000,1350,1750,5
8690511405986,شامثوى هاير نعناع 650ط,دانە,1000,1350,1750,5
8690511407829,شامثوى هاير سير 650مل,دانە,1000,1350,1750,5
8690511407744,موكةيف هاير 625مل,دانە,1000,1350,1750,5
8690511000211,شامثو موكةيف هاير 2عدد,دانە,1000,3100,3500,5
8901030515200,صابون لوكس90×6 ط,دانە,1000,1350,1750,5
8697422630469,سركةي سيو زير 500 مل,دانە,1000,850,1250,5
1536854367253,توفك زير,دانە,1000,600,1000,5
8690511184102,دةرمان ABC كاشي 900مل,دانە,1000,1350,1750,5
8690511184188,دةرمان ABC كاشي 900مل,دانە,1000,1350,1750,5
8690351041702,كيك,دانە,1000,0,400,5
6945449389061,مة موك شوشة طة ورة,دانە,1000,1600,2000,5
0162510269920003,كيك,دانە,1000,0,400,5
6260812001785,كيك شوكلات,دانە,1000,0,400,5
8680313531587,سابون سائيل مور,دانە,1000,350,750,5
6260575900233,ضيثس يليت 25ط,دانە,1000,0,400,5
6260575900110,ضيثس يليت 25ط,دانە,1000,0,400,5
6260575900066,ضيثس يليت 25ط,دانە,1000,0,400,5
6260575900189,ضيثس يليت 25ط,دانە,1000,0,400,5
6260575900103,ضيثس يليت 25ط,دانە,1000,0,400,5
6262484600747,شةكروك ديقل خروس,دانە,1000,600,1000,5
8695371972012,فاس داكس 880ملم,دانە,1000,850,1250,5
9550000982123,دةست كيش10عدد,دانە,1000,350,750,5
8690511000617,شامثو ABC جلك 3لتر,دانە,1000,5100,5500,5
8690511000624,دةرمان 3لتر جلك رةش ABC,دانە,1000,5100,5500,5
8693357033726,يستسكاني 12عدد تركي عسل,دانە,1000,2350,2750,5
4791003258043,جاي هانا 200 ط كيس,دانە,1000,1350,1750,5
4823077609022,نةستةلة رةوشةن 500 ط,دانە,1000,3100,3500,5
6260246020314,علك بوبى 100عدد,دانە,1000,1600,2000,5
6260751900279,ثسكيت داجيستو,دانە,1000,0,400,5
6260751900194,ثسكيت ويفرى ثردةقال,دانە,1000,0,400,5
5941895901162,نةستةلة ى موجو,دانە,1000,0,400,5
8690526605593,ويفر ئاب تركي 24 عدد,دانە,1000,4350,4750,5
8690526605609,ويفر ئاب تركي 24 عدد,دانە,1000,4600,5000,5
8690504953753,ثسكيت ئولكةر 24عدد  ويفر,دانە,1000,4350,4750,5
6291001001149,كلينس مسافي ملةون 150 عدد,دانە,1000,1100,1500,5
6970081490110,جةسث مشك دةفتةر,دانە,1000,100,500,5
8850155000866,شير فراولة سى-لايت 240مل,دانە,1000,600,1000,5
8850155000873,شير ضوكولاتة سى-لايت 240مل,دانە,1000,600,1000,5
239921856001,كلينس بيروز  250 عدد,دانە,1000,50,450,5
6260000222114,بادى ئافك سةفةرى الزهراء 20عدد,دانە,1000,100,500,5
6925497688286,كةجكى سفرى جاى50عدد,دانە,1000,100,500,5
6291055002260,داركىكةبابى فالكون100عدد,دانە,1000,600,1000,5
8697422634580,شعرى زير بورى 200 ط,دانە,1000,100,500,5
6271100360507,بازليا قودي 400ط تاون,دانە,1000,350,750,5
8697449901924,باقلي ئالتون سان قودي 400ط,دانە,1000,350,750,5
6930744074637,كةجك جاي سةفةري سلفةر 25 عدد,دانە,1000,350,750,5
6930744074576,ضةنطال سلفةر سةفةري 20عدد,دانە,1000,600,1000,5
8680731000207,سينيكي سةفةري فلينة 100عدد,دانە,1000,3600,4000,5
8680834602315,برنج كوردي لوراس 700ط,دانە,1000,600,1000,5
8697690804425,نوك رونى 700ط,دانە,1000,2100,2500,5
8690766958039,كيك ئةلثيلا28عدد,دانە,1000,4600,5000,5
8697422635396,رون زير تةنةكة  6 كيلو,دانە,1000,13100,13500,5
6260100103450,ثسكيت مينو عايلى 720ط,دانە,1000,1600,2000,5
6281034007171,باربيكان شوشة سيف 355 مل,دانە,1000,600,1000,5
6970451630108,دةفتةر 1بةش,دانە,1000,600,1000,5
6260601210022,قةسثي مةليكا,دانە,1000,1600,2000,5
6950869608067,فرجة م 2000,دانە,1000,600,1000,5
8690766942625,كلاس كيك 24عدد,دانە,1000,4100,4500,5
5281009258417,فستق كاستانيا350ط,دانە,1000,4600,5000,5
7891024128923,معجون كولطاتي 50 ط,دانە,1000,500,900,5
7622100852933,ماربروطولد عسل,دانە,1000,2850,3250,5
8681270442206,بار كيك,دانە,1000,0,400,5
6262287200496,سير سثى نارذى شوشة 680غرام,دانە,1000,1600,2000,5
6262917100349,ئالينوك دلنام 600ط,دانە,1000,2350,2750,5
0161320145290001,هةمبةرطر ئيرانى ئارزين 10 عدد,دانە,1000,2600,3000,5
6260003111798,مادةرى مندالان 70غرام,دانە,1000,0,400,5
6260003112566,بيسكويت مادةرى مندالان 70غرام,دانە,1000,0,400,5
8697460640659,شاشي 300 ط مرليف,دانە,1000,2350,2750,5
8697460640642,شاشي 300 ط رةشك,دانە,1000,2350,2750,5
9641234111660,قيماغ لزيز  100 ط,دانە,1000,100,500,5
8697412091522,ثةنير شعري رةشك 250 ط,دانە,1000,2000,2400,5
6260272803424,ثةنيردامداران 520ط,دانە,1000,1350,1750,5
4823077612732,شةكروك رةوشة ن200ط,دانە,1000,600,1000,5
4823077614019,شةكروك روشن طويز هند,دانە,1000,4600,5000,5
4823077604294,شةكروك رةوشةن بيم بوم ترشوشرين 1كيلو,دانە,1000,4100,4500,5
6260990500223,خيار شور سالي هورد 859 ط,دانە,1000,1300,1700,5
8801116005574,يسى شين كةورة,دانە,1000,850,1250,5
8906001056867,كارى قودى مازرز 250 ط,دانە,1000,2350,2750,5
6262917100356,ليموهشك دل نام100ط,دانە,1000,850,1250,5
6260272803011,دوى دامدالان 360مل,دانە,1000,100,500,5
5901583401213,قةهوة هانز طولد شوشة 100طرام,دانە,1000,3600,4000,5
0162240013800049,علك ونيا سثيرامينت 14غرام*5عدد,دانە,1000,0,400,5
8681002386051,علك نيكس,دانە,1000,0,400,5
8690766942595,كيك تركي 24عدد,دانە,1000,4100,4500,5
6935448689880,ضةخماخ,دانە,1000,0,400,5
6261107033801,فستةق 28ط,دانە,1000,100,500,5
5000159035767,ثفك,دانە,1000,0,400,5
6959463900126,مساس مارشميلو,دانە,1000,0,400,5
6931187000023,جلي مندالان,دانە,1000,0,400,5
6957743301083,ثيتزا مندالان,دانە,1000,0,400,5
6261567600032,نوشمةك 10 عدد,دانە,1000,600,1000,5
8695280820107,سودةي تال 200ط,دانە,1000,100,500,5
8695280318109,شربت تازج,دانە,1000,0,400,5
8690547040021,دةرمان كيك دانة,دانە,1000,0,400,5
8690547030022,دةرمان كيك دانة,دانە,1000,0,400,5
8693029600713,نةستة لةى توركى24عدد,دانە,1000,2100,2500,5
8690504016526,كيك ئةلبيلا24عدد,دانە,1000,4100,4500,5
6285000569267,تحين طةليى شكةفت,دانە,1000,4100,4500,5
6261744700333,كيك,دانە,1000,0,400,5
8690766293697,كيك,دانە,1000,0,400,5
8690120060187,نةستةلة,دانە,1000,0,400,5
6261429901550,كيك,دانە,1000,0,400,5
8690526021034,نةستةلة,دانە,1000,0,400,5
0162240013800452,عللك ونى كوم بال شمتى 100عدد,دانە,1000,1600,2000,5
6214006535464,ثفةك ئينستطرام,دانە,1000,0,400,5
6910769030528,دةرمان ميشك تارومار,دانە,1000,1350,1750,5
8690536590605,دةرمان بينطو توز 500 ط,دانە,1000,600,1000,5
3800213931002,كيك بولطارى,دانە,1000,0,400,5
6739225235815,جة رخ,دانە,1000,0,400,5
8697422630483,دةرمان كيك دانة 50غرام,دانە,1000,0,400,5
6260138061883,علك طومبال 100 عدد,دانە,1000,1600,2000,5
8680261013036,دةرمان كاشى كارميل,دانە,1000,1100,1500,5
2824030109001,ران قالك تركي,دانە,1000,2600,3000,5
8697970052492,سابون سائيل 5 لتر ثور,دانە,1000,4100,4500,5
8697970052461,سابون سائيل 5لتر ثور,دانە,1000,4100,4500,5
6251077996435,ئاف زةلال330مليم,دانە,1000,0,400,5
6923364600522,مة موك لكة بجوك,دانە,1000,600,1000,5
8698995515238,ئاف ليمو نةورةس 500ط,دانە,1000,350,750,5
8690504108504,ثسكيت زلك 45ط,دانە,1000,0,400,5
6414301000661,باشترين كلينس تركي بيف 300عدد,دانە,1000,700,1100,5
8699996641650,كيك روكي 24 عدد,دانە,1000,3100,3500,5
8693029701618,كيك سنوبال تودةي,دانە,1000,4350,4750,5
8692095162026,شير موز تركي 200ط,دانە,1000,100,500,5
8692095337509,شير كاكاو 200 ط  تركي,دانە,1000,100,500,5
4084500573611,دةرمان ئاريال 2200 ط,دانە,1000,7100,7500,5
8697413290207,دةرمان طيرةغسالةى جلك طالطوم 500طرام,دانە,1000,1350,1750,5
8690570540253,حةبي فينيش غةسالة ئامان  27عدد,دانە,1000,4600,5000,5
9000100937511,ثرسيل 2300 ط,دانە,1000,6100,6500,5
8680492157011,نةستةلة بيين,دانە,1000,2100,2500,5
6221048600418,دةرمان كوم فورت جلك 2 لتر,دانە,1000,4100,4500,5
8690562115766,كيك تركي 24عدد  د ج,دانە,1000,2100,2500,5
4823055521520,بسكيت ئوكراني دومينك 24 عدد,دانە,1000,4100,4500,5
4823055521735,بسكيت ماريا ئوكراني 24 عدد,دانە,1000,4100,4500,5
6922903301746,قةهوة دةنك ئاوديسل قودى 35طرام,دانە,1000,1100,1500,5
4820002300467,بسكيت,دانە,1000,0,400,5
8698995511858,برنجى نةورةس 1كيلو,دانە,1000,1350,1750,5
8680454460401,ئاف جام لوكس,دانە,1000,300,700,5
6260142620045,ماينوس بييدستان 300 ط,دانە,1000,500,900,5
4820026703299,دنكي توفك روسي,دانە,1000,0,400,5
8690547010956,شةكري ورد 250ط,دانە,1000,600,1000,5
5413149635197,تايت ئاريل غةسالةى ئوتوماتيك 6 كيلو,دانە,1000,8350,8750,5
4823055518872,كيك2مينو53ط,دانە,1000,0,400,5
8693029701601,كيك تودةى,دانە,1000,0,400,5
8690705012716,كيك ضوكو ليثس 35طرام,دانە,1000,0,400,5
8690526027234,كيك فانتت كريم,دانە,1000,0,400,5
8690536010592,كلينسى فاميلياى1رول,دانە,1000,200,600,5
5907471401150,ويفرثولندى180ط,دانە,1000,850,1250,5
5907471412033,ثسكيت كريم ئالوباو د.جيرارد 235طرام,دانە,1000,2350,2750,5
8005380070041,كيك ثكنيك ثولندى200ط,دانە,1000,850,1250,5
8005380070027,كيك ثكنيك ثولندى200ط,دانە,1000,850,1250,5
8005380070058,كيك ثكنيك ثولندى200ط,دانە,1000,850,1250,5
8005380070034,كيك ثكنيك ثولندى200ط,دانە,1000,850,1250,5
8005380070010,كيك ثكنيك ثولندى200ط,دانە,1000,850,1250,5
4006529002156,ثسكيت ثولندى200ط,دانە,1000,1600,2000,5
5907471401037,ويفر ثولةندي 180 ط,دانە,1000,850,1250,5
8698463949855,نةستةلة فستةق 24 عدد,دانە,1000,4100,4500,5
5908234807660,نةستةلة بندةق ثولةندي 24 عدد,دانە,1000,4350,4750,5
6260543502605,ثفك,دانە,1000,0,400,5
8690536016419,كلينس ثاثيا 200 عدد,دانە,1000,500,900,5
4820026703329,كونجى روسى 70ط,دانە,1000,100,500,5
5941895900912,نةستةلة,دانە,1000,0,400,5
5908234807653,كيك,دانە,1000,0,400,5
8690504059844,كيك,دانە,1000,0,400,5
8693029608146,كيك,دانە,1000,0,400,5
5907471443075,شوكلاتة مالتي كيس 75 ط,دانە,1000,600,1000,5
5907471430525,شوكلاتة ثولةندي 75 ط,دانە,1000,600,1000,5
8690547100046,ثوردينكي توز كينتون كاكاو 120 ط,دانە,1000,350,750,5
8690146085782,علك سثورت30ط,دانە,1000,0,400,5
8851932088725,تايت ميطاى ئوتوماتيك 3ط عسل,دانە,1000,5600,6000,5
6291055017912,لةثكى فالكون قايش 100 عدد ميديةم,دانە,1000,4600,5000,5
8680417207609,كيك,دانە,1000,0,400,5
3800093101090,ويفةر بلغارى كاراملينا 45طرام,دانە,1000,0,400,5
4252660015979,ثفك تام تام,دانە,1000,0,400,5
4823077603945,جكليت رة وشة ن خال خالوك,دانە,1000,3600,4000,5
8690547100084,ثودينط توز كينون ضوكولاتة 100ط,دانە,1000,600,1000,5
6291001001118,كلينس مسافى سادة 150 عدد,دانە,1000,1100,1500,5
8697447650381,كلينس فروتى 100عدد,دانە,1000,350,750,5
6261744700357,كيك,دانە,1000,0,400,5
6211061108053,شير موز بتل,دانە,1000,100,500,5
8690632039183,نةستةلة نيسكويك توز 420طرام,دانە,1000,2850,3250,5
4820002300559,ثسكيت بندة ق,دانە,1000,0,400,5
9687548438390,لايت هاكو A390,دانە,1000,9600,10000,5
2122016301396,لايت بضوك,دانە,1000,1600,2000,5
6985437789008,لايت ثوليسى عسل,دانە,1000,9600,10000,5
8690766304133,نةستةلة كارسا تورينو 42طرام,دانە,1000,0,400,5
8681270417143,بسكويت روتو ئالديظا 57طرام,دانە,1000,0,400,5
4796000550015,جاى محمودطولد450ط عسل,دانە,1000,6600,7000,5
8690511170853,تايت 5كيلو  ABC,دانە,1000,10100,10500,5
4823077614644,شة كروك رةوشةن 1ط,دانە,1000,3100,3500,5
0162810229870004,نةسوس عسل,دانە,1000,600,1000,5
8690536903900,تايت بينطو 4كيلو   + هدية,دانە,1000,7100,7500,5
6260167301110,معجيزة,دانە,1000,350,750,5
4017100239120,ثيك ئاب كاكاوي,دانە,1000,100,500,5
8693855000152,فريش فراولة,دانە,1000,100,500,5
8690575941116,تاميك ئة نةناس,دانە,1000,350,750,5
6285000569250,تحين طة لى,دانە,1000,3600,4000,5
6261552201725,ثفك,دانە,1000,0,400,5
8680945412896,هيلك شانسي,دانە,1000,0,400,5
8681002386105,علك نيكست,دانە,1000,0,400,5
7164444,ماست 1750 ط,دانە,1000,389,789,5
8697297010045,جاي جيهان كارتون,دانە,1000,4100,4500,5
3800001107886,ئم ئم طةورة 10 عدد تةكة,دانە,1000,5600,6000,5
0160620041450021,تةمةر هندي,دانە,1000,0,400,5
8693323417291,علك تركي خر,دانە,1000,1600,2000,5
8693323417000,علك,دانە,1000,0,400,5
9000100958554,ثيرسل 2400 مل,دانە,1000,6600,7000,5
200101,ثة نيريالود350ط,دانە,1000,600,1000,5
42138105,ثاكيت فينستون روسى اسل,دانە,1000,2350,2750,5
8697448851220,دان هةسثي رةش 5 كيلو,دانە,1000,6600,7000,5
6261552200933,ثفك,دانە,1000,0,400,5
8004482012737,موم,دانە,1000,600,1000,5
6261552201886,ثفك,دانە,1000,0,400,5
6951173800956,كيظارك هورد روبال 400طرام,دانە,1000,600,1000,5
6261552200926,ثفك,دانە,1000,0,400,5
6261552200964,ثفك,دانە,1000,0,400,5
8690526733173,ETI جن 24 عدد,دانە,1000,4600,5000,5
8693323278199,علك 100 عدد,دانە,1000,1600,2000,5
8693323276195,علك 100 عدد,دانە,1000,1600,2000,5
8693323277192,علك 100 عدد,دانە,1000,1600,2000,5
8851028002505,قهوة  ظيتا ميلك شوشة 300مل,دانە,1000,1100,1500,5
6260869300275,زريشك فرجام 130طرام,دانە,1000,2600,3000,5
8690158120198,ثةنير تيك سوت 2 كيلو  ثيتزا,دانە,1000,15100,15500,5
8697428191261,رةندة,دانە,1000,100,500,5
4823077608193,شةكروك روشن بونبونيتا 1كط,دانە,1000,3100,3500,5
4823077615009,شةكروك روشةن ثيثنيز 900 ط,دانە,1000,4850,5250,5
8690511125075,معةتةر ABC جلك 4 لتر,دانە,1000,5100,5500,5
6212203162124,بيبسى طةورة 750مل,دانە,1000,100,500,5
8690425003650,زةيتون 370 ط  تركي,دانە,1000,600,1000,5
6212853033010,ثةنير سمايل قودي 200ط,دانە,1000,1500,1900,5
6260423800142,هيفن ثةنير 25ط,دانە,1000,2100,2500,5
5053990101818,جيثس ثرنجليس 190 ط,دانە,1000,1950,2350,5
5053990106981,ضيثس ثرنطليس قودى 165 ط,دانە,1000,2100,2500,5
5053990101771,جيثس ثرنجليس 190 ط,دانە,1000,1950,2350,5
7616100005079,سريلاك نةستةلة 6مانطي,دانە,1000,3599,3999,5
8695280327408,شربت تازج باكةت 200مل,دانە,1000,0,400,5
6260007406463,شير موز,دانە,1000,100,500,5
6926599006077,مةكينة ردين ئةوروثي,دانە,1000,8600,9000,5
6926599036067,مةكينة ردين ئةوروثي,دانە,1000,8600,9000,5
8697422826893,فلامينكو شلال عسل معتةر,دانە,1000,1850,2250,5
80761761,كيندةر بينو سثي 39 ط,دانە,1000,600,1000,5
6260405201097,ثةنير صباح 250 ط,دانە,1000,1100,1500,5
6936625810110,موم,دانە,1000,600,1000,5
922921,جكليت فون دات 1000 ط,دانە,1000,4100,4500,5
6221134001129,نةستةلة كالاسي,دانە,1000,350,750,5
6271001370452,جيثس زلك قودي 45 ط,دانە,1000,600,1000,5
6271001320501,جيثس زلك قودي 45 ط,دانە,1000,600,1000,5
6271001310502,جيثس زلك قودي 45 ط,دانە,1000,600,1000,5
8693593118263,سودةي ئةكميني تركي,دانە,1000,100,500,5
8680923309781,جلي ثرج نيو واكس,دانە,1000,1600,2000,5
8680923309774,جلي ثرج نيو واكس,دانە,1000,1600,2000,5
8680923309767,جلي ثرج نيو ويل 150مل,دانە,1000,1600,2000,5
8681212008507,طوشت مريشك 380 ط,دانە,1000,1100,1500,5
6260007406487,شير كاكاو ثيطا  200 ط,دانە,1000,100,500,5
6846658788334,ليفك ئامان 4عدد ملةون,دانە,1000,600,1000,5
8410014987525,هنطوين دوبيا125ط,دانە,1000,1350,1750,5
6959275510162,معجون بيل باك 400ط,دانە,1000,150,550,5
3700082500128,معتةر ريم فةرةنسى 200 مل,دانە,1000,2350,2750,5
6291103660749,معتةر ئوربان فرةنسي 200مل,دانە,1000,3100,3500,5
6291103661166,معتةر سةلطا فرنسي 200 مل,دانە,1000,3100,3500,5
6291103660596,معتةر لالا فرنسي,دانە,1000,2600,3000,5
6291103660534,معتةر جي فون فرنسي 200 مل,دانە,1000,3100,3500,5
6291103660145,معتةر ميموريس فرنسي,دانە,1000,3100,3500,5
3614221205099,معتةر ئاديداس عسل,دانە,1000,2600,3000,5
3607342735699,معتةر ئاديداس عسل,دانە,1000,2600,3000,5
3607340898907,معتةر ئدي داس عسل,دانە,1000,2600,3000,5
8697405604326,معتةر جةو طولف عالمي,دانە,1000,2600,3000,5
8697405604265,معتةر جةو طولف عالمي,دانە,1000,2600,3000,5
8697405604302,معتةر جةو طولف عالمي,دانە,1000,2600,3000,5
8697405604418,معتةر جةو طولف عالمي,دانە,1000,2600,3000,5
6946357110037,فرجةي مندالان  كيدس,دانە,1000,550,950,5
6944466483028,فرجةي كاسيل,دانە,1000,600,1000,5
058000004498,فرجةي كول طاتي ماكس فريش 6*,دانە,1000,2600,3000,5
8690506402921,معجون كيدس مندالان عسل,دانە,1000,600,1000,5
8697417441124,معجون توز ددان,دانە,1000,850,1250,5
8697417441131,معجون توز ددان,دانە,1000,850,1250,5
8697417441100,معجون توز ددان,دانە,1000,850,1250,5
8992805010143,معجون سيواك سعودي عسل,دانە,1000,2100,2500,5
8690530201507,كلينس سلثاك سةيارة 6عدد,دانە,1000,4400,4800,5
8697425880090,فرضةى سةر مةخسةلة فلورا F009,دانە,1000,600,1000,5
8850002006553,ثوترى مندالان كودومو 200طرام,دانە,1000,1100,1500,5
6291069701272,شامثو ظاتيكا ئيماراتى 400 مل,دانە,1000,2850,3250,5
5022496103091,شامثوي ظاتيكا زةيتون 400مل,دانە,1000,2600,3000,5
4084500807426,شامثو ثانتين دةبل سعودى 600مل,دانە,1000,5600,6000,5
5410076932627,شامثوي شولدةر دةبل,دانە,1000,7600,8000,5
8999999001131,شامثوي جسم لايف بو,دانە,1000,2100,2500,5
4084500807570,شامثو ثانتين دةبل سعودى 600مل,دانە,1000,5600,6000,5
5410076881802,شامثو ثانتين سعودى 400 مل,دانە,1000,3350,3750,5
8999999001148,شامثوي جسم لايف بو,دانە,1000,1850,2250,5
4084500140547,شامثوي هيةد شولدةر 400مل,دانە,1000,3600,4000,5
8857101148108,صابون تةضمى ثرتةقال 135طرام,دانە,1000,1600,2000,5
8681270452212,بيسكريمى بيسطوت,دانە,1000,4100,4500,5
8680492155413,كيك طويز هندى 24عدد,دانە,1000,4100,4500,5
6940191903367,حةلاقةي كاشي 3عدد,دانە,1000,450,850,5
8697512624248,كاغةزي بن كيك تركي,دانە,1000,600,1000,5
6682838965955,موم,دانە,1000,600,1000,5
8680945412599,هيلك شانسى,دانە,1000,100,500,5
8695280330156,شربت تازج شوشة,دانە,1000,50,450,5
5413149798885,ريكاي فيري 1440غرام,دانە,1000,2350,2750,5
6970451630153,دةفتةر رسم,دانە,1000,0,400,5
8690575941017,شربت تاميك,دانە,1000,350,750,5
8690533771021,ثسكيت فينطةر ئيتى 900طرام,دانە,1000,3600,4000,5
90357725,كولا شوشة تركي سوكةري,دانە,1000,600,1000,5
8698758280168,سوسيس تركي ئوزينشيل 100 ط,دانە,1000,100,500,5
852363006126,بومبة ى شوشة,دانە,1000,600,1000,5
9002349038325,بومبا شين شوشة 250 مل,دانە,1000,1100,1500,5
9002349038738,بومبا ثرتةقالى شوشة 250 مل,دانە,1000,1100,1500,5
852363006157,بوم با شوشة,دانە,1000,600,1000,5
6291069651072,زةيتى ظاتيكا بايظوك 200 مل,دانە,1000,3100,3500,5
2800000309626,هرج  عاشق,دانە,1000,5600,6000,5
8692136541209,شربت طيلاس,دانە,1000,0,400,5
8681153913007,شربت ثردقال,دانە,1000,0,400,5
9697970052255,فلاش تركي عسل,دانە,1000,600,1000,5
6983576982151,عةينةك ماتريكس,دانە,1000,4100,4500,5
4823077613487,مساس روشن ئوكراني,دانە,1000,3100,3500,5
4823077618338,شةكروك روشن شوكلاتة,دانە,1000,4850,5250,5
3700134406415,معتةر داميا عسل,دانە,1000,2600,3000,5
3700134405722,معتةر لاليا,دانە,1000,2600,3000,5
6221134004922,نةستةلة طالاكسى ميلك 36غرام,دانە,1000,600,1000,5
8697459293002,تايطر رةش250ملم,دانە,1000,100,500,5
6941057402680,كورسي مندالان,دانە,1000,5600,6000,5
6941057465562,كورسي منالان باليف,دانە,1000,6600,7000,5
8695876200023,فستةق عبيد 25ط,دانە,1000,0,400,5
6924251456765,عةسارةي بوكسيا,دانە,1000,15600,16000,5
6912365488116,كاسكى جطارةى ستيل عسل,دانە,1000,1600,2000,5
6260360004382,ثسكيت,دانە,1000,0,400,5
6262864300205,جيثس كيكو,دانە,1000,0,400,5
6260100103276,بسكيت تورد 76طرام,دانە,1000,0,400,5
0162510174470033,كيك,دانە,1000,0,400,5
8681270417136,كيك,دانە,1000,0,400,5
6262699200084,كيك روزينا,دانە,1000,0,400,5
0162510269920008,كيك,دانە,1000,0,400,5
6921817802202,تاخم كوثوبنكى 6عددعسل,دانە,1000,7600,8000,5
6210921089167,شةكردان شوشة سةر ملةون,دانە,1000,1850,2250,5
6261552200940,ثفك لوسى,دانە,1000,0,400,5
0160610091010014,ترشوك,دانە,1000,0,400,5
8695761002107,شاشي تركي قالك,دانە,1000,2000,2400,5
6262917100103,بهارات,دانە,1000,350,750,5
8690530002944,كلينس جودي عسل 300 عدد,دانە,1000,100,500,5
6260414502024,ترشوك,دانە,1000,0,400,5
8693730001526,هةظير بورةك ميرسين 360ط,دانە,1000,2100,2500,5
6260111310137,كرمدار مينو 66ط,دانە,1000,0,400,5
6260319801727,ثسكيت كريمدارمينو عايلى,دانە,1000,1100,1500,5
4014400400007,نةستةلةى توفى بندةق ئةلمانى 125طرام,دانە,1000,3600,4000,5
6281024110096,ثنير برزدينى شيدار10عدد,دانە,1000,1550,1950,5
6281024110102,ثنير برزدينى شيدار10عدد,دانە,1000,1550,1950,5
6281024110089,ثنير برزدينى شيدار10عدد,دانە,1000,1550,1950,5
6260322530096,سفرى سفرى,دانە,1000,600,1000,5
6261567600186,شربت ئالوبالو 200ط,دانە,1000,0,400,5
6261452900162,هةمبةرطةى ئارزين 10عدد,دانە,1000,2600,3000,5
4014400913910,شةكروك كريم فيلينط ئةلمانى 125 ط,دانە,1000,3100,3500,5
9000100794664,شامثوى جلك ثيرسيل 2.31ل,دانە,1000,5600,6000,5
4014400912593,شةكروك ئيكلايرس ئةلمانى 100 ط,دانە,1000,3100,3500,5
4014400902495,ضوكليت رايسن ئةلمانى كةكةو 150 ط,دانە,1000,3100,3500,5
4014400916591,شةكروك سوفت كاراميل ئةلمانى 100 ط,دانە,1000,3100,3500,5
8690530454781,كلينس سلثاك مرةبع 3 ثليت 200 عدد,دانە,1000,850,1250,5
6291069201406,حمام زةيت فاتيكا عسل,دانە,1000,6600,7000,5
6291069201437,حمام زةيت فاتيكا عسل,دانە,1000,6600,7000,5
072417123535,ميني فينطر ئةلماني,دانە,1000,100,500,5
9008700149082,شربت راوخ %100 تري,دانە,1000,2100,2500,5
3228021060040,ثةنير برزدين 240 ط,دانە,1000,1599,1999,5
6923481806890,ئةسفةنيك نافتالين 225ط,دانە,1000,2100,2500,5
815082008468,ميلانو رةش,دانە,1000,350,750,5
8681116800139,شامثوى مندالى دارو,دانە,1000,350,750,5
8906136214507,برنج هانا5ط,دانە,1000,7600,8000,5
4017100101700,ثسكيت ليبنيز مينيس زبدة 100 ط,دانە,1000,1600,2000,5
8000380005949,ويفةر لوكةر شين 125ط,دانە,1000,3600,4000,5
8000380140541,ويفر لواكر زةر 110 ط,دانە,1000,3600,4000,5
8690562015073,ثسكيت جيكوبوى,دانە,1000,0,400,5
004727980515,ثفك,دانە,1000,0,400,5
6262917101360,عةلاطةي كرش 120,دانە,1000,1350,1750,5
8690632500737,نةستةلة داماك 80غرام,دانە,1000,1600,2000,5
8697409841079,فرجةي مال  خانم تةمبةل,دانە,1000,350,750,5
6262790500052,نقل دارجين كيسة ميلاخ,دانە,1000,350,750,5
0162810086520001,نوقل ميلاخ كيسة 300طرام,دانە,1000,350,750,5
6260865200074,نوقل ميلاخ كيسة 300طرام,دانە,1000,350,750,5
0168100065670002,ليمو ئاسايش 50غرام,دانە,1000,600,1000,5
6291100605262,كيك سناك ئيماراتي 250ط,دانە,1000,1100,1500,5
6291100605279,كيك سناك ئيماراتي 250ط,دانە,1000,1100,1500,5
5907471431225,بسكيت شوكلاتةو ئالوبالو,دانە,1000,1600,2000,5
6221024010125,مرةباي فيتراك 340ط,دانە,1000,950,1350,5
6221024010019,مرةباي فيتراك 340ط,دانە,1000,950,1350,5
6221024010033,مرةباي فيتراك 340ط,دانە,1000,950,1350,5
8693029605787,كيك سةموني,دانە,1000,3850,4250,5
6260654400395,فستق كارين بةرداخ,دانە,1000,1100,1500,5
6262790500069,نوقل ثنيرطول محمدى ميلاخ كيسة,دانە,1000,350,750,5
631583101039,رون نباتي اسيل يماراتي 2000 ط,دانە,1000,8600,9000,5
631583101022,رون نةباتي اسيل ئيماراتي 1كيلو,دانە,1000,7600,8000,5
5281112042231,جل ثيرسل عسل ئة لمانى,دانە,1000,4100,4500,5
5281112042217,جل ثيرسل عسل ئة لمانى,دانە,1000,4100,4500,5
5281112041326,جل ثرسيل ئةلماني 1لتر,دانە,1000,3100,3500,5
5281112044648,باشترين تايت ثيرسيل ئةلمانى  + جل هدية,دانە,1000,11350,11750,5
5281112050489,باشترين تايت ثيرسيل ئةلمانى سيتل 4كيلو,دانە,1000,11350,11750,5
8693029605015,كيك,دانە,1000,0,400,5
8690120075921,فينطر 1كيلو تركي,دانە,1000,1350,1750,5
8696425015013,كنتاكى تركى 260ط,دانە,1000,850,1250,5
8691958000734,ثةنير طوني تركي 500 ط,دانە,1000,2950,3350,5
8680181055994,ثةنير توركو 200 ط,دانە,1000,1100,1500,5
6223003771737,ثةنير برايد 125ط زةيتون,دانە,1000,1000,1400,5
8697424140355,ثةنير تركي 1كيلو,دانە,1000,4599,4999,5
8690570532739,فانيش  1 لتر,دانە,1000,2600,3000,5
8000500193396,نوتيلا  200 غرام,دانە,1000,2350,2750,5
8699495831675,تايت نيو وايت400ط,دانە,1000,350,750,5
7891164087661,سينط ئةوروا 2 كط,دانە,1000,10100,10500,5
6260170901352,ثسكيت ويفةر نادرى 60عدد,دانە,1000,6100,6500,5
2816585015005,مريشك1500توركى,دانە,1000,3350,3750,5
8697423131262,علك فريش,دانە,1000,0,400,5
6260308355330,كةمثوت هشير شوشة 900ط,دانە,1000,1950,2350,5
6260308355507,كةمثوت مشمش شوشة سحر 900ط,دانە,1000,1600,2000,5
6260308330993,زةيتون زةر سحر شوشة 640طرام,دانە,1000,2100,2500,5
4791021933588,توفضاى هةسثي رةش 450ط,دانە,1000,3100,3500,5
8695424300243,شربت ليرة بضوك,دانە,1000,550,950,5
4791003949033,شةكر 5كيلو هانا,دانە,1000,4600,5000,5
5907471405622,كيك ثولةندي,دانە,1000,0,400,5
8696540001410,نيشاستة ئالتن تركي 200ط,دانە,1000,600,1000,5
8697459293033,تايطر رة ش ليون,دانە,1000,100,500,5
58956155,شير توت فرنطي فرنسي 500 ط,دانە,1000,1000,1400,5
3700263600258,شير فانيلا فرنسي 500 ط,دانە,1000,1000,1400,5
6946358012569,قةلةم رةنط بجوك,دانە,1000,0,400,5
6922141030088,قةلةم موشيك,دانە,1000,0,400,5
6920106006185,قةلةم جاف,دانە,1000,0,400,5
6958898100040,قةلةم موشيك,دانە,1000,0,400,5
5000396042474,داجستيف نةستةلة 5عد,دانە,1000,600,1000,5
8690931007432,قيماغ 150ط,دانە,1000,1100,1500,5
6261945500527,ثنيرثشتاز100ط,دانە,1000,0,400,5
8690931009566,ثنيرجدايل كة زى200ط,دانە,1000,1600,2000,5
8690931009542,ثنيريوروك ئوغلو200ط,دانە,1000,1600,2000,5
8691216020672,جلى هاريبو برى 80غرام,دانە,1000,600,1000,5
8691216081925,جلى هاريبو80 غرام,دانە,1000,600,1000,5
8691216025080,جلى هاريبو برى 160طرام,دانە,1000,1600,2000,5
8695150004323,سركةي سيو 500 ط هةسثي رةش,دانە,1000,600,1000,5
8695150003517,نيسك رةش هةسثي رةش 750ط,دانە,1000,2100,2500,5
3902634650026,ضيثس ظيثا 40ط,دانە,1000,100,500,5
3902634650231,ضيثس ظيثا 40ط,دانە,1000,100,500,5
3902634650477,ثفك ظيثا 20ط,دانە,1000,0,400,5
3902634650187,ضيثس ظيثا 20ط,دانە,1000,0,400,5
3902634650392,ضيثس ظيثا 40 ط,دانە,1000,100,500,5
8697415311016,ثنير ثيتزا كيلينج 200ط,دانە,1000,1600,2000,5
8697415310934,ثنير اصابح كيلينج 200ط,دانە,1000,1600,2000,5
8690566507857,زبدة ئونا 200طرام,دانە,1000,350,750,5
8697415310514,ثةنير كلينج هةمبةرطة,دانە,1000,1500,1900,5
8697415311009,شاشي كلينج 200ط,دانە,1000,1300,1700,5
8690158000506,ثةنير بةياز 500ط تيك سوت,دانە,1000,2600,3000,5
8680202110824,هةفير ترش 125ط يروثان,دانە,1000,500,900,5
8690158121911,ثةنير مسةلس تيك سوت 100ط,دانە,1000,600,1000,5
3902634650194,ضيثس ظيثا 40ط,دانە,1000,100,500,5
8691422217675,بازليا 340ط  شوشة تركي,دانە,1000,600,1000,5
8693029701717,كيك,دانە,1000,0,400,5
8693029605077,كيك سةموني عائيلي,دانە,1000,500,900,5
8690347020964,قشتةي كانلار 100ط,دانە,1000,599,999,5
8698758280182,كالباس تركى ئوزينشيل 300 ط,دانە,1000,850,1250,5
6938425200368,مارشميلو,دانە,1000,0,400,5
6251059818205,دةرمان تةباخى رامبو 1لتر,دانە,1000,2850,3250,5
8680313531297,زيتون مور1كيلو,دانە,1000,1350,1750,5
4823077609732,شةكروك روشن رةنطةو رةنط,دانە,1000,3600,4000,5
8699905722081,شكروك فيقى توركى 800غرام,دانە,1000,2100,2500,5
6260360021020,سوث جو يليت يراني 68غ,دانە,1000,100,500,5
5281112050465,باشترين تايت ثيرسيل ئةلماني سيتل 4 كيو,دانە,1000,11350,11750,5
5281112055705,عرص خاص           باشترين تايت ئةلماني 4 كيلو,دانە,1000,9599,9999,5
5281112055729,باشترين تايت ثيرسل ئةلماني 4كيلو ملةون,دانە,1000,9599,9999,5
5281112055712,تايت ثيرسل ئةلماني 4كيلو,دانە,1000,9600,10000,5
5281112036759,ثيرسلى جلى رة ش1ليتر,دانە,1000,2850,3250,5
8690555510011,فرجةى ددان بةناتى قالك كوم باكت,دانە,1000,600,1000,5
8690555510530,فرجة ى بناتى نة رم عسل,دانە,1000,600,1000,5
8695150003159,نوك هةسثى رةش 5كيلو,دانە,1000,16100,16500,5
6938108180130,حلاقة,دانە,1000,2600,3000,5
6231688000103,ماست سيلو,دانە,1000,1850,2250,5
2016082300691,ميكزمين شحن طةورة,دانە,1000,16600,17000,5
2016082300936,ميك زةميني شحن,دانە,1000,16600,17000,5
2016082301049,ميكزمينى 4دة رك,دانە,1000,9600,10000,5
2016082300707,ميكزمين شحن طةورة,دانە,1000,16600,17000,5
2016120602916,سيارة ىبهبهان,دانە,1000,5600,6000,5
2016120602909,سيارة ىبهبهان,دانە,1000,5600,6000,5
2016120600189,سةيارة ثورش سيباق,دانە,1000,7100,7500,5
2016120600752,سةيارة سيباق,دانە,1000,4600,5000,5
6260360022034,سوث ئةليت 61طرام,دانە,1000,100,500,5
2016082300998,ميك زةميني شحن,دانە,1000,8600,9000,5
8698995513173,ماجي مريشك توز 20عدد نةورةس,دانە,1000,850,1250,5
8690547010888,ئاري برنج فيتامين 250ط,دانە,1000,600,1000,5
8680313532645,زةيتون مور شوشة 720ط,دانە,1000,1500,1900,5
022400336718,موكةيف كراتين امريكي 750 ط,دانە,1000,7600,8000,5
6253803251160,تايت جزيرة 5كيلو  سيتل,دانە,1000,9600,10000,5
6253803251177,تايت جزيرة 5كيلو  سيتل,دانە,1000,9600,10000,5
6930643600319,طورة,دانە,1000,350,750,5
8695280325107,شربت تازج 250 مل,دانە,1000,0,400,5
3700263600265,شير توت فرنطي فرنسي 500 ط,دانە,1000,1000,1400,5
6923513602056,ثاترى تيث توث,دانە,1000,0,400,5
8693029608177,كيك تودةي بازنةي ميني 24عدد,دانە,1000,2100,2500,5
5907471405646,كيك ثولةندي 24 عدد,دانە,1000,4350,4750,5
5201360797585,كيك سفن دةيس 16 عدد,دانە,1000,3350,3750,5
8681270452397,بسكيت خورما ميني 24عدد,دانە,1000,2100,2500,5
8691720121025,كيك ئةني ميني 24عدد,دانە,1000,2100,2500,5
8693029701724,كيك تودةي قهوة 24 عدد,دانە,1000,4600,5000,5
5201360725076,كيك سفن دةيس,دانە,1000,3350,3750,5
8691720120363,ميني كيك كاكاو 24عدد,دانە,1000,2100,2500,5
8004905550273,كيك يتالي 10عدد,دانە,1000,1350,1750,5
8004905550259,كيك يتالي 10عدد,دانە,1000,1350,1750,5
8004905774389,كيك يتالي 10عدد,دانە,1000,1350,1750,5
4820000531474,فينستون روسى,دانە,1000,1100,1500,5
6930616308013,حلاقة 3عدد,دانە,1000,450,850,5
8690814205207,نوك توركى كيس,دانە,1000,2100,2500,5
8690506453787,سابون فوكس,دانە,1000,0,400,5
4013197767010,شةكروك ئةلماني قودي 200ط,دانە,1000,2350,2750,5
4013197767034,شةكروك ئةلماني قودي 175 ط,دانە,1000,2350,2750,5
4037719067471,شةكروك ئةلماني قودي 175طرام,دانە,1000,1850,2250,5
6291100608935,كيك يورو جامبو 44طرام,دانە,1000,0,400,5
6291100606689,كيك يورو رول شوكولاتة 4*44طرام,دانە,1000,0,400,5
8004905550266,كيك يتالى,دانە,1000,0,400,5
8004905774396,كيك يتالى,دانە,1000,0,400,5
6291100606672,كيك 2 قلو تركي,دانە,1000,0,400,5
6212203031017,ميرندا قودى 250مل,دانە,1000,100,500,5
8691720021028,كيك,دانە,1000,0,400,5
8692809435309,نةستةلة سويت ستار,دانە,1000,0,400,5
8690603170020,خوي سالينا 750 ط,دانە,1000,0,400,5
8695280722500,بيبسى يومى طة ورة,دانە,1000,350,750,5
8887290522021,ضيثس قودى كراكس 160ط,دانە,1000,1600,2000,5
8887290523028,ضيثس قودى كراكس 160ط,دانە,1000,1600,2000,5
8887290527026,ضيثس قودى كراكس 160ط,دانە,1000,1600,2000,5
8887290526029,ضيثس قودى كراكس 160ط,دانە,1000,1600,2000,5
8699141054526,بسكويت ئوزمو هةثي 37.5طرام,دانە,1000,0,400,5
8691707090597,ئوزمو زلك 17ط,دانە,1000,0,400,5
8691707090122,ئوزمو موتة 25ط,دانە,1000,0,400,5
6281048106211,ثةنير بوك 140ط  شوشة,دانە,1000,1100,1500,5
8690536011261,كلينس فاميلي 1رول,دانە,1000,400,800,5
59471974,كينت عرة بى,دانە,1000,1350,1750,5
9556006000502,شامثو جون سون 800 غرام,دانە,1000,3600,4000,5
6970104070060,قلم تراشى طةورة,دانە,1000,1600,2000,5
8690536080267,دةرمانى غة سالةى طيرة,دانە,1000,2600,3000,5
80001263,ويفةر لوكةر ئةلمانى 45 ط,دانە,1000,600,1000,5
0133100017680013,موتة,دانە,1000,0,400,5
6253506682469,شربت 200 طرام ثرتقال,دانە,1000,0,400,5
4823077614330,ثسكيت روشةن  170ط,دانە,1000,600,1000,5
46105523,فينستون روسى,دانە,1000,1350,1750,5
6260769900025,جة رط,دانە,1000,1250,1650,5
5281117000243,طةلمةشامى قودى ئةل وادى 340 ط,دانە,1000,1600,2000,5
8690536011094,كلينس ثاثيا 6عدد متبخ,دانە,1000,4100,4500,5
8690536011063,كلينس ثاثيا 8 عدد متبخ,دانە,1000,5100,5500,5
6260176807368,موتة,دانە,1000,0,400,5
6260176810900,موتة,دانە,1000,0,400,5
6260176871833,موتة,دانە,1000,0,400,5
6260176817428,موتة,دانە,1000,0,400,5
6260176809751,موتةى ميهن ملةون,دانە,1000,0,400,5
6260176810122,موتة,دانە,1000,0,400,5
6260176817343,موتة,دانە,1000,0,400,5
0133100017680794,موتة,دانە,1000,0,400,5
6260176871840,موتة,دانە,1000,0,400,5
6260176806729,موتة,دانە,1000,0,400,5
0133100017680197,موتة,دانە,1000,0,400,5
0133100017680198,موتة,دانە,1000,0,400,5
6291100733149,دةرمان نيرطيلة,دانە,1000,600,1000,5
6291100730070,دةرمان نيرطيلة,دانە,1000,600,1000,5
8680923317557,ماسكي رةش تركي عسل 50عدد,دانە,1000,2100,2500,5
8690536840397,سانتى مولثدى ليلي,دانە,1000,850,1250,5
6260405201271,ثةنير سباح سيطوشة 700ط,دانە,1000,3000,3400,5
8697431552837,ماست 1كيلو سولتان,دانە,1000,1000,1400,5
8695761002169,ثةنير سيتل تركي,دانە,1000,5000,5400,5
8695761002138,ثةنير سيتل تركي شعري,دانە,1000,5000,5400,5
6260138062385,علك طومبال 100 عدد,دانە,1000,1600,2000,5
5201360795789,كيك سفن دةيس 16 عدد,دانە,1000,3350,3750,5
8697480069560,رشدة كارتون تركي,دانە,1000,400,800,5
6260176804381,موتة ثريما,دانە,1000,0,400,5
6251597000926,سظن قودى 355ط,دانە,1000,100,500,5
6251597000360,بيبسى شوشة بغدادى,دانە,1000,0,400,5
6251597000353,سيفن ئة ث بغدادى,دانە,1000,0,400,5
6251597001121,بيبسى قودى بغدادى,دانە,1000,100,500,5
8680596046006,كيك,دانە,1000,0,400,5
8690451121052,مريشك 1900 غرام طوزدة,دانە,1000,6600,7000,5
2016120600196,سيارة ى ثورش,دانە,1000,7100,7500,5
8695761002145,ثنيرعنتابى سيتل,دانە,1000,5000,5400,5
6261552201626,ثفة ك لوسى,دانە,1000,0,400,5
6261552202258,ثفة ك لوسى,دانە,1000,0,400,5
6260176880033,موتة,دانە,1000,0,400,5
6161105450795,ثفك,دانە,1000,0,400,5
6260910101035,ترشوك سون ميوة,دانە,1000,0,400,5
6260007450749,شير  موز,دانە,1000,0,400,5
8680782523595,ثاتوز56ط,دانە,1000,600,1000,5
4823077616099,شةكروك كونجي روشن,دانە,1000,5100,5500,5
4823077617072,شةكروك ئةناناس روشن,دانە,1000,4600,5000,5
4823077616402,فينطر كاكاو روشةن,دانە,1000,600,1000,5
4823077616396,فينطر شير روشن 200ط,دانە,1000,600,1000,5
8420701503662,زيت زيتون شوشة ئسثانى,دانە,1000,2500,2900,5
8690536011070,كلينس ثاثيا مةتبةخ 2 رول,دانە,1000,1100,1500,5
6224007500255,ثنير24عدد لاندى,دانە,1000,800,1200,5
8695820011835,قهوة كةسكان قالك 24عدد,دانە,1000,5100,5500,5
6939114240016,بازليا 500 ط  وةردة,دانە,1000,350,750,5
8991002113558,كاثوضينو طود دةى ئيتالى 20 عدد,دانە,1000,4850,5250,5
8690632047911,نسكويك توز 450 ط,دانە,1000,3850,4250,5
631583103170,زةيت اصيل 2 لتر طةلمةشامي    عرص خاص,دانە,1000,6100,6500,5
6254000260344,شير كاني كيس,دانە,1000,850,1250,5
6922372901218,كراتين امريكي 500 ط,دانە,1000,5100,5500,5
8690536079100,دةرمان بينطو 1لتر,دانە,1000,1350,1750,5
5601474217854,نوك وردة شوشة 300ط,دانە,1000,600,1000,5
6941057451091,حةوزي مندالان بوق,دانە,1000,16600,17000,5
6941057401065,حةوزي كوشك مندالان,دانە,1000,19100,19500,5
6941057444741,زةرافة مدالان جولان,دانە,1000,17600,18000,5
6941057401058,حةوزي شةمسي مندالان,دانە,1000,13100,13500,5
6941057403106,حةوزي 4ثي مندالان,دانە,1000,13100,13500,5
6941057403168,خاني و كورسي ميزة مندالان,دانە,1000,40600,41000,5
078257486694,خاني مندالان هةسث,دانە,1000,22600,23000,5
6941057401027,خيفةت مندالان طةورة,دانە,1000,25100,25500,5
6941057403175,جوثةي مندالان,دانە,1000,15100,15500,5
8690536840403,سانتي مولثيد ليلي دةبل,دانە,1000,2100,2500,5
2016120600417,خاني جوك جةنتا مندالان,دانە,1000,2350,2750,5
2016120602435,خاني جوك سةيارة مندالان,دانە,1000,3350,3750,5
2016120602442,شاحينة حيوان طةورة,دانە,1000,2350,2750,5
108100900301301616397416,ران قالك تركي,دانە,1000,2600,3000,5
87356392,قيمة 350ط   دهوك,دانە,1000,2100,2500,5
3607346550731,معتةر ئاديداس عسل,دانە,1000,2600,3000,5
6926702187259,ضوخكى مةلةوانى طةورة XXL,دانە,1000,14600,15000,5
8680596046013,كيك توث ستار 24 عدد,دانە,1000,4100,4500,5
6260661003503,دوي هراز,دانە,1000,600,1000,5
6945449300882,مةموك شير لكة طةورة,دانە,1000,1350,1750,5
6950239290144,مةموك شوشة عسل طةورة,دانە,1000,2600,3000,5
6945449300936,مةموك شير شوشة بجوك,دانە,1000,1600,2000,5
8999999033231,شامثوي لايف بو شين 680مل,دانە,1000,4100,4500,5
8693029606111,كيك سويس رول تودةى 24عدد,دانە,1000,4600,5000,5
5304000264352,بةقلاوة طولد,دانە,1000,0,400,5
564201612290,بوك جولانة طةورة,دانە,1000,3600,4000,5
2016120600806,لاسركة مندالان 2عدد,دانە,1000,3600,4000,5
2016120602039,بوك باربي لوفي,دانە,1000,2100,2500,5
2016120602046,بوك باربي موديش,دانە,1000,2600,3000,5
2016120601209,مةكينة خياتي مندالان,دانە,1000,4600,5000,5
1312008366422,ثشيلة سثي,دانە,1000,3600,4000,5
2016120601377,ئةنواع سةيارة تاخم,دانە,1000,2600,3000,5
2016120602619,بوكي دولل,دانە,1000,2600,3000,5
2016120603586,قةلابةي كونترول طةورة,دانە,1000,6600,7000,5
1344091220169,هرج يو يو طةورة,دانە,1000,9600,10000,5
6920728207724,بوكي مةموك سميلي,دانە,1000,3600,4000,5
2016120602862,سةيارة سيباق كونترول,دانە,1000,4100,4500,5
2016120600509,سةيارة بيم كونترول,دانە,1000,3600,4000,5
2016120602879,سةيارة ونترول بيم,دانە,1000,4100,4500,5
2016120602169,سةيارة وةنةوشةي طةورة شحن,دانە,1000,8100,8500,5
2016120603968,وةنةوشة طةورة,دانە,1000,7600,8000,5
2016120600103,ميك زةميني شحن 4دةرك,دانە,1000,8100,8500,5
2016120602503,مةرزي شحن,دانە,1000,4100,4500,5
2016120602466,ميك زةميني شحن,دانە,1000,4600,5000,5
7501013117196,شربت جاميكس قودي 250,دانە,1000,350,750,5
7501013117035,شربت جاميكس قودي 250,دانە,1000,100,500,5
7501013117059,شربت جاميكس قودي 250,دانە,1000,350,750,5
7501013181456,شربت جاميكس قودي 500ط,دانە,1000,1350,1750,5
7501013100914,شربت جاميكس قودي 500ط,دانە,1000,1350,1750,5
4711476000888,كاثوجينو قودي تايلو 250 ط,دانە,1000,600,1000,5
4711476000871,يسثريسو قودي تايلو 250ط,دانە,1000,600,1000,5
8906452340034,برنجى هاناى 10ط,دانە,1000,14600,15000,5
4823077607592,ثسكيت روشين,دانە,1000,0,400,5
6251597000513,مينو,دانە,1000,100,500,5
6260453781015,زريشك شهرى 40طرام,دانە,1000,600,1000,5
6264078404595,كيك2 مينو موتة,دانە,1000,100,500,5
6281036125200,جيثس ليز,دانە,1000,600,1000,5
3600521899977,شامثوى يثيك,دانە,1000,1100,1500,5
6912000720793,بوك طة ورة,دانە,1000,7600,8000,5
2016120603708,مةرزي 4دةرطاي طةورة,دانە,1000,7100,7500,5
2016120600165,مةرزي 4دةرطاي شحن  دةرطا كارةباي,دانە,1000,9600,10000,5
2016120602145,رةنج روفةر شحن طةورة,دانە,1000,12600,13000,5
2016120602152,سةيارة ثورش شحن طةورة,دانە,1000,12600,13000,5
2016120601902,سيلاح فيشةك,دانە,1000,3600,4000,5
2016062100280,ميك زةميني شحن موديل نوي,دانە,1000,8100,8500,5
6215000111265,شيرموز بتل,دانە,1000,0,400,5
9557062321150,جيثس مستةر ثةتاتو قودى 35طرام,دانە,1000,600,1000,5
8697405604395,معتةر جةو طولف عالمي,دانە,1000,2600,3000,5
6224000641337,ثةنير مسري 8عدد,دانە,1000,50,450,5
5760466738095,ثةنير بوك شوشة 240غرام,دانە,1000,2100,2500,5
5304000264369,بةقلاوة طولد 24عدد,دانە,1000,4350,4750,5
8690562041287,كيك را وند,دانە,1000,0,400,5
8690555512091,فرضةى ددان بةنات ثورى سوفت,دانە,1000,1600,2000,5
6260007452323,شيرطندور,دانە,1000,100,500,5
8699913950483,زةيتون خابور جرمسى 1200طرام,دانە,1000,5600,6000,5
6260467401541,تايت 5كيلو   سارا,دانە,1000,3600,4000,5
8680313530146,تايت مور 5. 4  كيلو,دانە,1000,4100,4500,5
8690511105251,تايت ABC غةسالةى عادى 3كيلو,دانە,1000,4350,4750,5
2810810009005,رانكى قاث,دانە,1000,2600,3000,5
8695543003810,لور موراد بى 500طرام,دانە,1000,3100,3500,5
3245421944145,لةثكى ماليزى عسل,دانە,1000,850,1250,5
8699182381933,معتةر جةو يليجي,دانە,1000,1100,1500,5
8699182381957,معتةر جةو يليجي,دانە,1000,1100,1500,5
8699182381926,معتةر جةو يليجي,دانە,1000,1100,1500,5
8699182381940,معتةر جةو يليجي,دانە,1000,1100,1500,5
8680793490053,ريكاي ليدب,دانە,1000,250,650,5
8693029701281,كيك كشمش طوستو 24عدد,دانە,1000,4100,4500,5
8693029701953,كيك طوستو 24عدد,دانە,1000,4100,4500,5
8693029702004,كيك طوستو ثي 24عدد,دانە,1000,4100,4500,5
8690562141284,كيك رواند 24عدد,دانە,1000,4100,4500,5
8693029701304,كيك موساكي 24عدد,دانە,1000,4100,4500,5
8693029701939,كيك تريو 24عدد,دانە,1000,4100,4500,5
8690562180207,نةستةلة بيفا 24عدد,دانە,1000,2100,2500,5
5281117002711,كةمثوت ئاناناس 567 ط دلواي,دانە,1000,1600,2000,5
8691422800099,فلفل شوشة تركي 300 ط,دانە,1000,1100,1500,5
8691422800020,بازليا و طيزةر مشةكل 345ط,دانە,1000,850,1250,5
8001090040268,دةرمان جلك مندالان ئاريال 1755,دانە,1000,6600,7000,5
5326149875237,سينيكى برنج سةفةرى فودثاك 25عدد 22سم,دانە,1000,1350,1750,5
0162240013800456,عللك ونى كوم بال نةعنة 100عدد,دانە,1000,1600,2000,5
0162300024680040,بسكيت  سالار,دانە,1000,850,1250,5
8697424140768,ثةنير تركي 1كيلو,دانە,1000,5100,5500,5
8697755091210,معتةر جةو شلال فلوريا,دانە,1000,1100,1500,5
8693029701298,كيك,دانە,1000,0,400,5
8693029701922,كيك,دانە,1000,0,400,5
8693029701991,كيك,دانە,1000,0,400,5
4823077607585,ثسكيت,دانە,1000,0,400,5
6260525100041,كة شكى ئايش450ط,دانە,1000,850,1250,5
8680131202867,كلينس120عدد دارو,دانە,1000,600,1000,5
8680131202850,كلينس120عدد دارو,دانە,1000,600,1000,5
8680313531457,كلينس تةر 120 عدد مور,دانە,1000,600,1000,5
6253504307104,سابونى ويندرفيل بايع,دانە,1000,0,400,5
6231688000202,ماست1كيلوى سيلو,دانە,1000,1100,1500,5
2822442300405,سينط نيف كيلو,دانە,1000,850,1250,5
8680931620540,لبنة تركية 250ط,دانە,1000,599,999,5
8693298060041,جةرةزات ئةيدن 350 ط,دانە,1000,4600,5000,5
5760466738088,ثةنير بوك شوشة 140 ط,دانە,1000,1350,1750,5
6260812000245,كلوجة نادى طويز 40 عدد,دانە,1000,6600,7000,5
4101540780134,ميني كيك موفنيس ثولةندي 225 ط,دانە,1000,2100,2500,5
4101540780158,ميني كيك موفنيس ثولةندي 225 ط,دانە,1000,2100,2500,5
4101540780172,ميني كيك موفنيس ثولةندي 225 ط,دانە,1000,2100,2500,5
41015445,كيك ثولةندي 400 ط,دانە,1000,2100,2500,5
4101540726729,سويس رول ثولةندي 400ط,دانە,1000,2100,2500,5
5907471414655,بسكيت جوكوبيارس  175 ط,دانە,1000,1100,1500,5
41015490,كيك عائيلي  ثولةندي 400 ط,دانە,1000,2100,2500,5
41015452,كيك عائيلي  ثولةندي 400 ط,دانە,1000,2100,2500,5
41015438,كيك ثولةندي عائيلي 400 ط,دانە,1000,2100,2500,5
5907471443389,بسكيت فرايت فيلينط ثولةندي 175 ط,دانە,1000,1600,2000,5
5907471443440,بسكيت جوكوبيارس  175 ط,دانە,1000,1100,1500,5
4101540788406,كيك فيسيلي ثولةندي 250 ط,دانە,1000,2100,2500,5
5281117003336,دةرمان فلافل  يماراتي 200 ط,دانە,1000,1600,2000,5
8801062138517,مساس  سوراف,دانە,1000,0,400,5
4101540709289,كيك سةمونى ثولةندى,دانە,1000,100,500,5
8681270450577,ويفر ئةلديفا 24عدد,دانە,1000,2100,2500,5
6264078406339,موتة زحفران قالك,دانە,1000,100,500,5
8690504081333,كيك ئولالاي ئولكةر فراولة 70 ط,دانە,1000,600,1000,5
8681270426046,بسيكيت,دانە,1000,2100,2500,5
5925272500698,ثاترى شير,دانە,1000,100,500,5
8690504135951,ثسكيت ئولكةر,دانە,1000,0,400,5
4820154483087,ثسكيت ئوكرانى,دانە,1000,600,1000,5
8698683782560,كلينس توركى 600عدد,دانە,1000,600,1000,5
8695280033613,شربت ثردقال,دانە,1000,0,400,5
5281112055682,باشترين تايت ثيرسل ئةلماني + جل هدية,دانە,1000,11350,11750,5
8671241000245,لبنة تازج 200ط,دانە,1000,600,1000,5
6260007453603,شربت 200 ط,دانە,1000,0,400,5
5449000132505,سثرايت بتل 1.75لتر,دانە,1000,600,1000,5
0133100407840521,موتة,دانە,1000,0,400,5
6260526100231,موتة,دانە,1000,0,400,5
6260176806675,موتة ميهن كولا,دانە,1000,0,400,5
0133100017680789,موتة ميهن,دانە,1000,0,400,5
6260522300321,موتة,دانە,1000,0,400,5
6260176810511,موتة سالاري ميهن,دانە,1000,350,750,5
6260176810238,موتة مةطنوم ميهن,دانە,1000,350,750,5
8697402110660,سوسيس تركي 340ط,دانە,1000,499,899,5
8690612420062,طةنمةشامي سوثةرفريش 450ط كيس,دانە,1000,1600,2000,5
7730108002127,ماسي قةت كري 1كيلو,دانە,1000,2850,3250,5
8000500007884,عرص خاص نوتيلا شوشة 385طرام,دانە,1000,3350,3750,5
8697424140584,قةيماغى شةريف تركى,دانە,1000,2000,2400,5
8690451083473,مريشك طوزدة 1600طرام,دانە,1000,5850,6250,5
6210078043524,سابون حلب,دانە,1000,600,1000,5
6260100109483,ثفةك مينو180ط  طةورة,دانە,1000,599,999,5
0133000072900009,دووى طدوك دةبة 1400مل,دانە,1000,1100,1500,5
8681270411103,ثسكيت,دانە,1000,0,400,5
5281112050472,باشترين تايت ثيرسل ئةلماني سيتل,دانە,1000,11350,11750,5
5285007240320,معجون تةماتة جيهان 830 ط,دانە,1000,2100,2500,5
5285007240733,زةيت جيهان 1 لتر,دانە,1000,850,1250,5
8681270416047,ثسكيت,دانە,1000,0,400,5
078257584611,حوزى 183,دانە,1000,10600,11000,5
078257584741,حوزى122,دانە,1000,8600,9000,5
6926521547876,قلم رة نط,دانە,1000,1100,1500,5
6917554716193,جيثس تانطو,دانە,1000,350,750,5
6917554713055,جيثس تانطو,دانە,1000,350,750,5
6917554713048,جيثس تانطو,دانە,1000,350,750,5
6260729000116,دووى طدوك دةبة 1400مل,دانە,1000,1100,1500,5
6261609000509,شربت تينو شوشة,دانە,1000,350,750,5
8699462609450,ئوزمو,دانە,1000,0,400,5
8696540185042,ئاري برنج مندالان موز,دانە,1000,1300,1700,5
6260111310106,ثسكيت ساقة تلاي مينو 200طرام,دانە,1000,100,500,5
6264078401969,موتة,دانە,1000,100,500,5
4014400909470,شةكروك مينى سوفت المانى 116طرام,دانە,1000,2850,3250,5
5000396042481,نةستةلةي داجيستيف 5عدد,دانە,1000,600,1000,5
0162300031980056,ثسكيت مينو,دانە,1000,0,400,5
5285007240290,سابونى روسىشةريكة جيهان,دانە,1000,0,400,5
4820154483001,ثسكيت,دانە,1000,0,400,5
6957743397222,هيلك مندالان باندوو,دانە,1000,0,400,5
5000396042467,نةستةلة داجيستيف 5عدد,دانە,1000,600,1000,5
8690766691721,كيك 2 قلو تركي,دانە,1000,0,400,5
8681002386075,علك نيكست,دانە,1000,249999600,250000000,5
6261886701069,زبدة لانتانا حيواني 100 ط,دانە,1000,600,1000,5
8690536000586,دةرمان كاشي بينطو 1000مل,دانە,1000,1600,2000,5
3902634650064,جيثس فيث 50 ط طةورة,دانە,1000,100,500,5
5908234807509,ويفر ثولندى200ط,دانە,1000,600,1000,5
5908234804737,طوفريت ثولندى200ط,دانە,1000,600,1000,5
8697924562541,ئارى كيك بيل باك,دانە,1000,100,500,5
1324008366425,هرجى مندال,دانە,1000,3100,3500,5
6262532300087,زبدة ئازربايجان  نباتي 100 ط,دانە,1000,100,500,5
6262532300070,زبدة نباتي ئازربايجان 250ط,دانە,1000,1100,1500,5
8697623310658,ريكاي سيتل 1500 ط,دانە,1000,1600,2000,5
8690504944430,نةستةلة ئةلبيلا,دانە,1000,4350,4750,5
9008700168328,شربت راوخ قودي 355 ط,دانە,1000,500,900,5
9008700153843,شربت راوخ قودي 355 ط,دانە,1000,500,900,5
8694965526389,سابون مندالان 100طرام,دانە,1000,100,500,5
8697897456663,طورة ميرت,دانە,1000,850,1250,5
1325008366422,هرج مندالاان,دانە,1000,3100,3500,5
4823055520257,بسكيت,دانە,1000,0,400,5
6692244200083,ماست يورسا,دانە,1000,2000,2400,5
6260869300084,لوثك فة رجام,دانە,1000,2600,3000,5
6260405200878,ثةنير صباح قودي خر 450 ط,دانە,1000,2600,3000,5
62900720,ماربرورة ش,دانە,1000,1100,1500,5
62900515,ماربروى يكس ترا,دانە,1000,1850,2250,5
6262394700247,دووشاف قةسث 1 كيلو,دانە,1000,1600,2000,5
8693029606494,كيك سةموني 20 عدد,دانە,1000,3600,4000,5
6945449300875,مةموك لكة عسل,دانە,1000,1350,1750,5
8693029700772,كيك جوستو طويز هندى 24عدد,دانە,1000,4350,4750,5
8693029701267,سويس رول طاستو 24 عدد,دانە,1000,4100,4500,5
4823055521759,بسكيت دومينيك ئوكراني 24عدد,دانە,1000,4100,4500,5
8681270421102,ويفر ئةلديفا 24عدد,دانە,1000,4100,4500,5
3600521900291,شامثو   يثيك شين,دانە,1000,1100,1500,5
6211022771012,كيك,دانە,1000,0,400,5
6261551600765,ثةنير كالين 100 ط,دانە,1000,100,500,5
6261551600970,ثةنير كالين 100 ط,دانە,1000,100,500,5
6260223400238,زبدة سان توث 100 ط,دانە,1000,0,400,5
6260223400245,زبدة سان توث 250 ط,دانە,1000,350,750,5
6260869302811,ئارد نوك فرجام 200غرام,دانە,1000,1100,1500,5
6260869302231,نيسك زةر فرجام,دانە,1000,2600,3000,5
6983351851221,نايلون مريشك 8عدد 25*38cm,دانە,1000,350,750,5
8690575871819,شربت تاميك 1لتر كارتون,دانە,1000,850,1250,5
8690575870515,شربت تاميك 1لتر كارتون,دانە,1000,1100,1500,5
8690575870119,شربت تاميك 1لتر كارتون,دانە,1000,1100,1500,5
8690575870416,شربت تاميك 1لتر كارتون,دانە,1000,1100,1500,5
8690575871918,شربت تاميك 1لتر كارتون,دانە,1000,1100,1500,5
8690575871413,شربت تاميك 1لتر كارتون,دانە,1000,1100,1500,5
8690575940218,شربت تاميت 330 ط,دانە,1000,600,1000,5
8690573900412,شربت تاميك شوشة 1 لتر,دانە,1000,1350,1750,5
8690575900618,شربت تاميك شوشة 1 لتر,دانە,1000,1350,1750,5
8690573900214,شربت تاميك شوشة 1 لتر,دانە,1000,1350,1750,5
8690573900511,شربت تاميك شوشة 1 لتر,دانە,1000,1350,1750,5
6260430600452,سفرةي ساشا عسل,دانە,1000,850,1250,5
6260661006672,دووى هراز 2 لتر,دانە,1000,1600,2000,5
80028093,ويفةر سناك بالوكو ئيتالى 45ط,دانە,1000,100,500,5
80028062,ويفةر سناك بالوكو ئيتالى 45ط,دانە,1000,100,500,5
6260751900248,ثيتي ثور ستاك قةهوة,دانە,1000,1600,2000,5
6260007410347,بةنير فتا ثكاة 300 ط,دانە,1000,1350,1750,5
6266628700218,سفرىسة فرى,دانە,1000,600,1000,5
8693029606524,كيك,دانە,1000,0,400,5
5000396008791,ثسكيت دايجيستيف لايت 400طرام,دانە,1000,3600,4000,5
8690506394479,شامثو جسم دورو 500 ط,دانە,1000,2100,2500,5
8690506468903,شامثوي جسم دورو 500 ط,دانە,1000,2100,2500,5
8690506474737,شامثو جسم دورو 500 ط,دانە,1000,2100,2500,5
8690506415914,شامثو جسم دورو 500 ط,دانە,1000,2100,2500,5
8690506474744,شامثو جسم دورو 500 ط,دانە,1000,2100,2500,5
0162300011130040,ساقة تلاي مينو عائيلي  700 ط,دانە,1000,1100,1500,5
6260575901254,جيثس يليت بجوك,دانە,1000,0,400,5
8698990011896,شةكر كات 700ط,دانە,1000,600,1000,5
022400393773,موكيف كراتين امريكى828مليم,دانە,1000,4100,4500,5
4820187433493,ثسكيت ئوكراني 650 ط,دانە,1000,2600,3000,5
4820089224649,ثسكيت ئوكراني 650 ط,دانە,1000,2600,3000,5
6291100605286,كيك سناك ئيماراتي 250ط,دانە,1000,1100,1500,5
8851989040509,باشترين فلاش تايلندى,دانە,1000,1599,1999,5
6949936698971,موم رةقةم,دانە,1000,600,1000,5
0160620091010008,ئالوجة قاث,دانە,1000,100,500,5
5410076648894,موكيف ثانتين سعودى 360 مل,دانە,1000,3350,3750,5
4084500795464,موكيف ثانتين سعودى 360 مل,دانە,1000,3350,3750,5
8690506483548,شامثو + موكةيف دورو,دانە,1000,2350,2750,5
2014125435829,شوكلاتة حمودي 500 ط   تركي,دانە,1000,2100,2500,5
8681002381711,علك نيكست قالك,دانە,1000,350,750,5
80641803,ويفةر لوكةر ئةلمانى 45 ط,دانە,1000,600,1000,5
6941057458472,حةوزي 1.22  سم,دانە,1000,6100,6500,5
6941057454511,حةوزى ئاو 1.52م*25سم,دانە,1000,10600,11000,5
6941057402543,حةوزي ئاو 2.44 سم,دانە,1000,24600,25000,5
6260414501089,ئالوجة قاث,دانە,1000,100,500,5
6260356300108,تةمةر هندي ثاكان 20ط,دانە,1000,0,400,5
663234052490,معجون ددان سثي كرن عسل,دانە,1000,2599,2999,5
663234052483,توز عسل ددان سثي كرن,دانە,1000,2599,2999,5
6941057402451,حةوزي 2 مةترو نيو  ماسي رةشاشة,دانە,1000,24600,25000,5
6941057402444,حةوزي 2 مةترو نيو  ماسي رةشاشة,دانە,1000,24600,25000,5
078257696130,ثةمثةي هةوا,دانە,1000,2100,2500,5
6941057402567,حةوزي خاني 1.57م*1.57م*1.22م,دانە,1000,34600,35000,5
6941057403649,سوندة هةوا عةينةك,دانە,1000,9600,10000,5
6941057455945,سوندة هةوا عةينةك,دانە,1000,7600,8000,5
7501013100235,شربت جاميكس قودي 500ط,دانە,1000,1350,1750,5
8858908303943,شربت توث قودي 350 ط,دانە,1000,350,750,5
8858908303905,شربت توث قودي 350 ط,دانە,1000,350,750,5
8858908303929,شربت توث قودي 350 ط,دانە,1000,350,750,5
8991102023078,فرجة ددان فورملا,دانە,1000,1100,1500,5
6260769300191,علاطةي فريزةر,دانە,1000,0,400,5
8680876047044,ثسكيت,دانە,1000,0,400,5
7894904956364,سينطى سيارا 1كيلو,دانە,1000,3100,3500,5
8680202110282,هة فيرترش450ط     ئة وروثان,دانە,1000,1600,2000,5
8699177680379,دارك طوجك 300 عدد عسل,دانە,1000,999,1399,5
3574661285160,كلينس جون سون تةر 3 ×56,دانە,1000,4599,4999,5
3574661265148,كلينس جانسنى56عدد,دانە,1000,1350,1750,5
8888021205084,ثاترى ئة مريكى كونترول AAA2,دانە,1000,1100,1500,5
8888021205091,ثاترى ئةمريكى ئينيرطيزير AA,دانە,1000,1100,1500,5
8693029701892,كيك تودة ىطولد,دانە,1000,0,400,5
6260431998725,لايلونى ناوكةونتةر فودثاك 3متر,دانە,1000,100,500,5
089775495952,سيمى ئامان,دانە,1000,350,750,5
6935685437855,سيمى ئامان 12عدد,دانە,1000,1600,2000,5
6902016012012,ليفكى ئامانى 3عدد,دانە,1000,600,1000,5
5285007240832,شبرمان جيهان 350ط,دانە,1000,450,850,5
5201058795305,موتة بةفر,دانە,1000,0,400,5
8901552001908,عمبة شوشة جمل 400 ط,دانە,1000,1600,2000,5
8998866100243,معجون ددان كودوموى مندال,دانە,1000,850,1250,5
6291055001256,كاغةزي بن ثيتزا و مريشك فالكون 25*30,دانە,1000,2100,2500,5
5281112060778,باشترين ريكا ثريل ئةلماني,دانە,1000,1350,1750,5
5281112060716,ريكاي ثريل ئةلماني,دانە,1000,1099,1499,5
8690927431005,فرجة ددان ثوكيت,دانە,1000,599,999,5
3014260275938,فرجة مندالان ئورال,دانە,1000,799,1199,5
8690555512084,فرضةى ددان بةنات و داف ددان ريليكشن,دانە,1000,2600,3000,5
8857101122122,سابون سةروجاف عسل جةوري,دانە,1000,1599,1999,5
5281112061027,دةرمان ثيرسل 3 لتر ئةلماني,دانە,1000,9599,9999,5
5281112042248,دةرمان ثيرسل 3 لتر ئةلماني,دانە,1000,9599,9999,5
6959549007343,فرجة ىددان,دانە,1000,600,1000,5
6260157860573,ثفك نخودي طةورة,دانە,1000,100,500,5
8693029300293,نةستةلة طوفريت,دانە,1000,2100,2500,5
5908234801262,ويفر ثولةندي 200 ط,دانە,1000,600,1000,5
2016120603920,سةيارة ئاسن ثاتري,دانە,1000,2600,3000,5
8989876645336,ئاف,دانە,1000,0,400,5
0133100052610038,موتة,دانە,1000,0,400,5
0162300022260015,موتة,دانە,1000,0,400,5
4017100218118,بسكيت ليبنيس ئةلماني 100 ط,دانە,1000,1350,1750,5
8906037692008,رةنط كيك شوشة 28 مل,دانە,1000,350,750,5
8906037692091,رةنط كيك شوشة 28 مل,دانە,1000,350,750,5
8906037692817,رةنط كيك شوشة 28 مل,دانە,1000,350,750,5
6260430998610,عرص خاص سفرةى سةفةرى ناز ناز,دانە,1000,350,750,5
6941057456027,عةينةك مةلةفاني عسل,دانە,1000,1850,2250,5
3014260227104,جلي جليت  عسل,دانە,1000,3600,4000,5
8681002381735,علك نيكست قالك,دانە,1000,350,750,5
5000309002755,كريم فيت سعودى 100ط,دانە,1000,2600,3000,5
8901396362609,موبةري فيت عسل لةزطة,دانە,1000,3600,4000,5
4823077614675,ثسكيت روشةن 185ط,دانە,1000,600,1000,5
8680492159145,ثسكيت بندق بينا,دانە,1000,2100,2500,5
8680313531839,تايت مور4كيلوسيتل,دانە,1000,6600,7000,5
8690572412367,دةرمانى جلى رةش ثيروال2ليتر,دانە,1000,3100,3500,5
8681270443531,ثسكيت ئة لديفا,دانە,1000,600,1000,5
8690705122026,ثسكيت فراولة 24عدد,دانە,1000,4100,4500,5
5011417537930,فانيش ثةمثة مافور 1000 ط,دانە,1000,3850,4250,5
680678075229,ئيستيكان ئينسيبلى ثاشاباضى سادة 6عدد,دانە,1000,2600,3000,5
6260462510101,قةسث مريم عسل,دانە,1000,2100,2500,5
8698995514309,روين نةوراس 1كيلو,دانە,1000,1599,1999,5
0111200774040008,برنج خيام 10 كيلو,دانە,1000,16100,16500,5
8699182383784,دةرمان كاشى بيف,دانە,1000,850,1250,5
6915790030851,طوري ثياوان,دانە,1000,600,1000,5
6261551601076,ثةنير كالين 150 ط,دانە,1000,100,500,5
6260480101480,ماستى طاميش ئيرانى 800غرام,دانە,1000,2100,2500,5
8697530991162,كريم كاكاو شير شو شة 500 ط,دانە,1000,1350,1750,5
8680731404876,دةرمانى دار,دانە,1000,1100,1500,5
6281034905118,شربت راني 1 لتر,دانە,1000,599,999,5
6281034901189,شةربةت راني 1لتر,دانە,1000,599,999,5
6260575900011,جيثس يليت بجوك,دانە,1000,0,400,5
6294003565725,شير نيدو 2500غرام,دانە,1000,20850,21250,5
6281034901202,شربت راني 1 لتر,دانە,1000,599,999,5
6212201011097,بيبسى 150مل,دانە,1000,0,400,5
5202234020419,موتة ى يونانى جوكلاتة,دانە,1000,1600,2000,5
5202234020730,موتة يونانى كيثى كيثى,دانە,1000,1600,2000,5
5202234030517,موتة ىيونانى سة ماعة,دانە,1000,1100,1500,5
5202234010236,موتةى يونانى كلاسيك,دانە,1000,1100,1500,5
5202234010328,موتةىيونانى جوكلاتة,دانە,1000,1100,1500,5
5202234010182,موتةىيونانى ئةلموند,دانە,1000,1100,1500,5
5202234030470,موتةى يونانى فانيلاىسةماعة,دانە,1000,1600,2000,5
5202234030463,موتةى يونانى روديو سةماعة,دانە,1000,1600,2000,5
8690717179797,جاى بيتا سةفةرى 100 عدد,دانە,1000,2850,3250,5
8699965897576,ريكا ئالين1000ط,دانە,1000,450,850,5
8699873001492,كيك,دانە,1000,0,400,5
7501013100990,شربت جوميكس قودي 500 ط,دانە,1000,1350,1750,5
4015600625108,حةب فيري غةسالة ئامان 27عدد,دانە,1000,5100,5500,5
6264078404304,موتة مطنوم و ساندويج,دانە,1000,100,500,5
5907471442580,ثسكيت ماجيك بلاك ئيتالى 330طرام,دانە,1000,2850,3250,5
5907471443792,ثسكيت ماجيك ئيتالى 330طرام,دانە,1000,2850,3250,5
8690536590803,دةرمان توس بينطو 500 ط,دانە,1000,850,1250,5
9507000001392,خوى سورداش,دانە,1000,0,400,5
6903256842667,لةثك ظينيلى طلوظ 100عدد ميديةم,دانە,1000,3100,3500,5
6585411125473,ثفةك هيلوكس 35غرام,دانە,1000,0,400,5
2017021300109,مة كينة ى خة يات,دانە,1000,4600,5000,5
5285007240764,رونى جيهانى6كيلو,دانە,1000,7600,8000,5
076406668205,شةربةت جوميكس مةكسيكى 473 مل,دانە,1000,1600,2000,5
6718600136251,تةحينا رةسةن 740طرام,دانە,1000,4600,5000,5
3902634650538,جيثس فيث 150ط طةورة,دانە,1000,599,999,5
3902634650453,جيثس فيث 50ط,دانە,1000,0,400,5
7350021421494,وايت تايطر مارشيميلو قودى 330مل,دانە,1000,850,1250,5
8691216025097,جلي هاريبو 160 ط,دانە,1000,1600,2000,5
2816572017005,مريشك 1500ط,دانە,1000,3100,3500,5
8681270427081,كيك,دانە,1000,4100,4500,5
8699182383838,kashi,دانە,1000,850,1250,5
4806028503044,شربت مةموك,دانە,1000,0,400,5
8690814061117,نوك توركى5كيلو,دانە,1000,14600,15000,5
8698943982716,طةرمة شامى هانا,دانە,1000,400,800,5
3228021060026,ثةنير بريزدين 240 ط شوشة,دانە,1000,1599,1999,5
6221048400902,معجون سيطنال عسل,دانە,1000,1000,1400,5
6253503460534,ئيَنرذى تايطر دةبل قودى 355مل,دانە,1000,600,1000,5
5000396042191,داجيستيف 3×250 ط    + قالب كيك هدية,دانە,1000,4599,4999,5
3228021060033,ثةنير برزيدن 140ط شوشة,دانە,1000,1099,1499,5
4014400907636,شةكروك ئةلماني سوطةر فرى 70ط,دانە,1000,3100,3500,5
6294003539153,نةستةلة كيت كات 17.7غرام,دانە,1000,100,500,5
4014400904390,شةكروك ئةلمانى ميلكى كاراميل 325 ط,دانە,1000,4100,4500,5
4014400904376,شةكروك ئةلمانى  توفى 325 ط,دانە,1000,5600,6000,5
4014400900804,شةكروك مينيت ئةلمانى 200ط,دانە,1000,2600,3000,5
4017100407413,ثسكيت ثيك ئاث كيسة 106طرام,دانە,1000,2600,3000,5
4017100283260,ثسكيت ثيك ئاثى 5عدد*140طرام,دانە,1000,4600,5000,5
6291003011184,خوشترين ثسكيت سوكةرى,دانە,1000,2599,2999,5
8695504165465,جكليت فوندانى1كيلو,دانە,1000,4600,5000,5
3228021060019,ثةنير برزدين 140 ط شوشة,دانە,1000,1099,1499,5
6260526100262,موتة,دانە,1000,0,400,5
6260575901087,جيثس بيشل يراني,دانە,1000,0,400,5
6260575901858,جيثس بيشل يرانى,دانە,1000,0,400,5
8680454460418,ديتول طةورة 5ليتر,دانە,1000,4600,5000,5
054881009928,جاي احمد سادة,دانە,1000,4100,4500,5
054881009638,ضاي احمد معتةر 454 ط,دانە,1000,5850,6250,5
6281100200239,برنج بنجابي 5 كيلو عسل,دانە,1000,5600,6000,5
6291053010854,موتة طندور يماراتي,دانە,1000,100,500,5
6291053640044,موتة مطنوم كارتون يماراتي,دانە,1000,1100,1500,5
6291053130040,موتة مطنوم يماراتي شوكلاتة,دانە,1000,850,1250,5
6291053051024,موتة مطنوم يماراتي فستق عبيد,دانە,1000,850,1250,5
6291053640839,موتة يماراتي مطنوم,دانە,1000,850,1250,5
6291053051031,موتة يماراتي مطنوم,دانە,1000,850,1250,5
6291053020525,موتة طيلاس يماراتي,دانە,1000,100,500,5
6291053070360,موتة فستةق يماراتي 5 ستير,دانە,1000,850,1250,5
6291053280691,موتة سندويج يماراتي,دانە,1000,100,500,5
6291053010144,موتة يماراتي  كولا,دانە,1000,0,400,5
6291053010151,موتة يماراتي ثرتقال,دانە,1000,0,400,5
6291053070230,موتة فستةق يماراتي,دانە,1000,600,1000,5
6291053010168,موتة يماراتي  كولا,دانە,1000,0,400,5
6291053110257,موتة يماراتى قيفى,دانە,1000,600,1000,5
6291053230108,خوشترين موتةى عايلى يماراتى,دانە,1000,4600,5000,5
6291053110011,موتةى قيفى يماراتى,دانە,1000,600,1000,5
6291053110103,موتةى قيفى يماراتى,دانە,1000,600,1000,5
6291053271149,موتة طيلاس قالك يماراتي,دانە,1000,2100,2500,5
6291053481166,موتة قالك كراميل,دانە,1000,2100,2500,5
8967034100071,برنج طولبهار,دانە,1000,15600,16000,5
5285007240757,رون جيهان12كيلو,دانە,1000,15600,16000,5
8695424300021,شربت ليرة بضوك,دانە,1000,550,950,5
3228022060179,ثنيربرزدين500ط,دانە,1000,4100,4500,5
3228022060186,ثةنير برزدين 500 ط شوشة,دانە,1000,4100,4500,5
8690547010871,ئاري برنج كينتون 250 ط,دانە,1000,600,1000,5
5011321361089,شامثو هيةد شولدةر ليمو 400مل,دانە,1000,3600,4000,5
8690814207195,نوك شاهيل,دانە,1000,1850,2250,5
6920733435884,شةكروك,دانە,1000,0,400,5
6260789510105,قسث مريم,دانە,1000,1250,1650,5
8681270443456,ثسكيت روتو,دانە,1000,0,400,5
8690766683931,كيك,دانە,1000,0,400,5
6260128700976,ثسكيت كرمدار ستارة,دانە,1000,0,400,5
8691720013481,ثسكيت,دانە,1000,0,400,5
6260812000122,كيك نادى,دانە,1000,0,400,5
5304000264314,كيك,دانە,1000,0,400,5
6260544413924,كيك,دانە,1000,0,400,5
4820132921365,كيك,دانە,1000,0,400,5
4820132921358,كيك,دانە,1000,0,400,5
8690504016519,ثسكيت,دانە,1000,0,400,5
6260100121416,ثسكيت رةنطاورنط مينو 40 عدد,دانە,1000,2100,2500,5
8698881450094,ثةنير بةياز ميلكاش 500ط,دانە,1000,3350,3750,5
8698881450605,ثةنير ثيتزا ميلكاش 200 ط,دانە,1000,2600,3000,5
8698881450193,كريم ثةنير ميلكاش 300طرام,دانە,1000,2100,2500,5
8698881450049,لبنة ميلكاش 170 ط,دانە,1000,1100,1500,5
8698881450179,كريم ثنير ميلكاش 100 ط,دانە,1000,350,750,5
8690347084409,ثةنير كانلار 250 ط   عنتاب,دانە,1000,1850,2250,5
8901030008511,كريم سةروجاف 100ط,دانە,1000,1100,1500,5
8699965895008,بهارات طةس طوشت ئالين,دانە,1000,600,1000,5
8697450100286,قةيسي زةر 500ط,دانە,1000,600,1000,5
6260661006771,دوي هراز,دانە,1000,0,400,5
626201011579,قةسث مريم عسل,دانە,1000,1850,2250,5
6260360023024,سوث اليت 61طرام,دانە,1000,100,500,5
680678339031,بةرداخ دريذ ئورطامى 6 عدد,دانە,1000,3100,3500,5
8681270453288,كيك روتو ئالديظا 24عدد,دانە,1000,2100,2500,5
8697449911336,شربت ليفانيس ثردةقال,دانە,1000,1600,2000,5
8697449911374,شربت ليفانيس مشةكل,دانە,1000,1600,2000,5
6718600136244,تةحين نيف كيلوئاميدى,دانە,1000,1100,1500,5
6260453723589,زةعفةران شهرى ئيرانى 150 ط,دانە,1000,600,1000,5
8693357098732,بةرداخ ئاو ثاشاباضى كارامان شوشة 6عدد,دانە,1000,5600,6000,5
8698313594891,موتة فالودة,دانە,1000,1100,1500,5
4017100135118,ثسكيت ئةلماني فيتامين مندالان,دانە,1000,1350,1750,5
680678359824,يستيكان سادة طلاسس 4يو 6عدد,دانە,1000,3600,4000,5
8693357360624,يستيكان سادة طلاسس 4يو 6عدد,دانە,1000,3600,4000,5
8693357290419,كوب تركي 6عدد,دانە,1000,6350,6750,5
680678289633,كوب تركي 6عدد,دانە,1000,6350,6750,5
680678091298,قالك شوشة تركي,دانە,1000,1599,1999,5
8693357091290,قالك شوشة تركي,دانە,1000,1599,1999,5
680678210538,دولكى ئاو بيسترو شوشة ثاشاباضى,دانە,1000,4600,5000,5
680678263107,كوث ضروما ثاشاباجى شوشة 2عدد,دانە,1000,1600,2000,5
8697422630940,زةيتون زير  5كيلو رةش,دانە,1000,9100,9500,5
8681407000750,زةيتون زير 5كيلو زةر,دانە,1000,10600,11000,5
8698313594839,موتة تركي طولف ئولكةر,دانە,1000,599,999,5
8698313584014,موتة مةرةش طولف,دانە,1000,850,1250,5
8698313580351,موتة تركي طولف ئولكةر,دانە,1000,599,999,5
852363006096,بومبةي شوشة,دانە,1000,600,1000,5
8697426452470,ماست 2كيلو هةولير,دانە,1000,1850,2250,5
8695424300267,شربت ليرة تري,دانە,1000,550,950,5
8698313596031,موتة ئولكةر,دانە,1000,1100,1500,5
680678187724,خودانكي تركي شوشة عسل,دانە,1000,1599,1999,5
6260360026216,سوث يراني يليت,دانە,1000,100,500,5
8698313594273,موتة عايلى رويار ئولكةر,دانە,1000,3600,4000,5
5281112034182,تايت ثيرسل ئةلماني 4كيلو + جيل هةدية,دانە,1000,11600,12000,5
1169210076930010,عةلاطة فريزةر,دانە,1000,0,400,5
6260633400439,دووى ماناك,دانە,1000,850,1250,5
7622300473709,شربت تانج توزتوركى750ط,دانە,1000,4100,4500,5
8695876203826,دةنكة توفك,دانە,1000,0,400,5
5281112061034,جل ثرسيل 1لتر  لافندةر  ئةلماني,دانە,1000,3100,3500,5
8695761001940,لبنة كوزوكو تركي 170 ط,دانە,1000,1100,1500,5
3073781071757,ثةنير بةقةرة 8عدد فرنسي,دانە,1000,750,1150,5
8681015030613,بنيشت فرويت دينت,دانە,1000,600,1000,5
8695761000097,ثةنير قشقوان250ط تركى,دانە,1000,1500,1900,5
8695761001995,ثةنير اصابح 200ط تركى,دانە,1000,1500,1900,5
8695761001360,ثةنير كةزي 200 ط,دانە,1000,1500,1900,5
8695761002282,ثةنير عنتاب تركي 200ط,دانە,1000,1500,1900,5
8681407000590,زةيت زيتونى سور شوشة 250مل,دانە,1000,1600,2000,5
6260467400476,تايت ماريا5كيلو,دانە,1000,3600,4000,5
6261767000939,دووى ميعاد,دانە,1000,850,1250,5
869740134501,كلينس طارة,دانە,1000,0,400,5
8003466004287,شربت يتالى,دانە,1000,0,400,5
6224007995099,بنيشت بةنانةى موز,دانە,1000,0,400,5
5000112615562,سيفن بتل,دانە,1000,600,1000,5
8699873001515,كيك,دانە,1000,0,400,5
6291100212804,قةسث تاج تمور يماراتي 250ط,دانە,1000,1599,1999,5
6291100213184,قةسث تاج تمور يماراتي 500ط,دانە,1000,2599,2999,5
5449000046048,شربت كابي 330ط,دانە,1000,600,1000,5
9848544236667,خورماي مريم هيرايى 450 ط,دانە,1000,600,1000,5
6922343908857,داركي طوشت 100عدد,دانە,1000,600,1000,5
8699965897569,ريكا ئالين1000ط,دانە,1000,450,850,5
6263432600017,دووى لاميان,دانە,1000,1600,2000,5
6260791900314,ثنيرميامى,دانە,1000,1100,1500,5
6260482100283,ثنير نة سيم1كيلو,دانە,1000,3600,4000,5
6260482102072,ثة نيرنة سيم شيمال1كيلو,دانە,1000,3600,4000,5
6406205420041,ثفة ك,دانە,1000,0,400,5
6260544402225,ثسكيت يرانى عائيلي,دانە,1000,1099,1499,5
4823055521506,ويفردوومينيك,دانە,1000,4100,4500,5
1164390076930004,عةلاطة فريزةر,دانە,1000,0,400,5
6920215402380,ميشك كوشي معتةر ثةمثة,دانە,1000,2599,2999,5
6920215400294,ميشك كوشي معتةر ثةمثة,دانە,1000,2599,2999,5
0167120134,رشدة ئايش,دانە,1000,800,1200,5
6251059295143,ديتول لينول 500ط,دانە,1000,600,1000,5
5000396042207,دايجستيف 3×250 ط سوكةري,دانە,1000,5100,5500,5
6260512201423,سير  شوشة تةراوةت سثي 600ط,دانە,1000,1350,1750,5
8992695744067,معجون ددان سين سوداين تايلةندى 100 ط,دانە,1000,3100,3500,5
8699965898436,بهارات شفتة ئالين,دانە,1000,600,1000,5
6936739600034,كولا بتل,دانە,1000,350,750,5
8697480060222,جةي تركي بيشلةر,دانە,1000,350,750,5
5285000770381,كلينس زين 600 عدد عسل,دانە,1000,600,1000,5
5000396001730,ثسكيت دايجيستيف ئورجينال 400طرام,دانە,1000,3350,3750,5
8690526633862,ثوث كيك موزى 24 عدد,دانە,1000,5100,5500,5
0162300054440115,بسكيت يراني عائيلي,دانە,1000,1099,1499,5
6260111310830,ويفر مينو 30عدد,دانە,1000,2099,2499,5
6260111310847,ويفر مينو 30عدد,دانە,1000,2099,2499,5
0162300011130058,ويفر مينو 30عدد,دانە,1000,2099,2499,5
8850124020000,نةستةلة كوفى ماتى ئةصلى 400غرام,دانە,1000,5600,6000,5
3902634650156,جيثسى فيث150ط طةورة,دانە,1000,600,1000,5
3902634650347,جيثس فيث150ط طةورة,دانە,1000,600,1000,5
6260157860900,ثفة ك,دانە,1000,0,400,5
3902634650200,جيثس فيث,دانە,1000,0,400,5
5283003312010,نةستةلة ثوث ثينس 30طرام,دانە,1000,0,400,5
6260111372555,كوليضة مينو بجوك 30ط,دانە,1000,0,400,5
1212123155614,دة ست كيش عسل,دانە,1000,599,999,5
6211022764113,كيك سناك250ط,دانە,1000,600,1000,5
6211022762119,كيك سناك250ط,دانە,1000,600,1000,5
6260134422510,دةرمان كيك حازري,دانە,1000,1200,1600,5
0167110013440005,دةرمان كيك حازري,دانە,1000,1300,1700,5
0167110013440004,دةرمان كيك حازري,دانە,1000,1200,1600,5
078257564521,حةوزى طةورة,دانە,1000,11100,11500,5
6260405216237,ثنيرسباح500ط,دانە,1000,1850,2250,5
8694932040153,طوشت مريشك لانشو 340ط,دانە,1000,850,1250,5
6262864300212,ثفك,دانە,1000,0,400,5
6260526114016,موتة,دانە,1000,0,400,5
0164300022340028,زبدة سان توث 100 ط,دانە,1000,350,750,5
8690351113652,جكليت قاث,دانە,1000,3600,4000,5
8697901920616,حةفازةى ئةلماس 20عدد رةقةم 4,دانە,1000,2600,3000,5
8697405344369,حةفازةى ئونلةم نةخوشان 7عدد لارج,دانە,1000,4350,4750,5
6260526100057,موتةى حسيلك,دانە,1000,0,400,5
6260100109667,ثفك مينو 700 ط طةورة,دانە,1000,1599,1999,5
8993560025106,صابون ديتول 6عدد,دانە,1000,3100,3500,5
6251597000544,شربت مارو,دانە,1000,0,400,5
6260512318046,ثسكيت مندال,دانە,1000,0,400,5
6262933800025,دووشاوى قةسب,دانە,1000,1350,1750,5
2822442300900,سينط  تركي,دانە,1000,2350,2750,5
5414666009478,طولاف لة ميز,دانە,1000,8600,9000,5
8681221511395,هة نطوين يرانى,دانە,1000,1600,2000,5
8697404264026,زةيتون زةر ئارشيا شوشة 720طرام,دانە,1000,2600,3000,5
8691720001617,ثسكيت ئةنى مارىثردةقال,دانە,1000,0,400,5
8695741252485,طورةى تركى تةنك,دانە,1000,600,1000,5
8691720141535,ويفر ئةنى 24عدد,دانە,1000,2100,2500,5
8691720141542,ويفر ئةنى 24عدد,دانە,1000,2100,2500,5
8690562109000,ويفةرى بندةق بيفا 24 عدد,دانە,1000,2100,2500,5
8681270424295,ثسكيت تركى هشك,دانە,1000,4100,4500,5
6260552000468,دووى يالود,دانە,1000,850,1250,5
6260784700150,سركة هاوين طةورة,دانە,1000,1100,1500,5
8690158003040,ثةنيرتيكسوت 1كيلو,دانە,1000,5350,5750,5
6221048236297,شامثوي كلير شين,دانە,1000,1600,2000,5
0167120134170002,رشدة ئايش,دانە,1000,850,1250,5
8851989040158,معجزة تايلةندي عسل,دانە,1000,1599,1999,5
8851989040141,باشترين فلاش تايلندى,دانە,1000,1599,1999,5
8690536311859,ريكاى بينطو 700ملم,دانە,1000,850,1250,5
8690536008780,ريكاى غةسالةى ئامان بينطو500مليم,دانە,1000,2350,2750,5
5281112061041,جيل ثيرسل 3 لتر ئةلماني,دانە,1000,9599,9999,5
8695280310134,شربت تازج 1لتر,دانە,1000,350,750,5
8695280310103,شربت تازج 1لتر,دانە,1000,350,750,5
006238567810,ضةسث دووقولو يثوكسى طولى 2عدد,دانە,1000,350,750,5
6260876800034,طةس ئة خوان,دانە,1000,4600,5000,5
6261939901514,شربت سان ستار,دانە,1000,0,400,5
8681153931513,شربت ئة لفانيسا24عدد,دانە,1000,1350,1750,5
6223003771003,ثنيربرايد24عدد,دانە,1000,2100,2500,5
8697449911084,شربت ئة لتونسا24عدد,دانە,1000,1350,1750,5
6264078401235,موتة ى دوومينوى عايلى,دانە,1000,2600,3000,5
8699965895664,بهارات تبسى ئالين كارتون,دانە,1000,600,1000,5
8699965894766,بهارات كةباب ئالين,دانە,1000,600,1000,5
8699965898443,بهارات ئالين كارتون,دانە,1000,600,1000,5
8699965898450,بهارات ترشياتى زةرد ئالين 35ط,دانە,1000,600,1000,5
8699965895626,شةكري هوردي  ئالين 100طرام,دانە,1000,600,1000,5
8697404263784,زةيتون رةش ئارشيا قودى 370طرام,دانە,1000,850,1250,5
8697404263753,زةيتون رةش ئارشيا 900 ط,دانە,1000,2100,2500,5
6260172490168,لوقمة ى فريش تة بريزى2كيلو,دانە,1000,5100,5500,5
8690146815013,علك مام عةزو,دانە,1000,1100,1500,5
6260526110001,موتة,دانە,1000,0,400,5
6260913800058,معجزة دوسي بيبون 1لتر,دانە,1000,600,1000,5
6260241600016,رشدة ى ئايش,دانە,1000,850,1250,5
2161120091380001,معجزةى دوسى رساسى 1 لتر,دانە,1000,600,1000,5
8005380010214,كيك تيتاب,دانە,1000,1600,2000,5
6917554119543,جيثس طرين,دانە,1000,600,1000,5
6294001813668,ضوكليت جةواهر 625طرام,دانە,1000,19100,19500,5
7613031908370,شةكروكى نةستةلة ماكينتوش 900 ط,دانە,1000,16600,17000,5
8699965894711,طويز هند ئالين 70طرام,دانە,1000,600,1000,5
5285000830436,ماسي سيبلو قودى 160 ط,دانە,1000,850,1250,5
6260769300269,كيسكى فريزير,دانە,1000,0,400,5
6262864300229,ثفةك,دانە,1000,0,400,5
8698686924219,زةيتون زةر  لوراس قودى 900طرام,دانە,1000,4600,5000,5
8998866801515,صابون جيف 4عدد*140غرام,دانە,1000,2100,2500,5
7702174068963,مساسة,دانە,1000,2600,3000,5
8691216016972,جلى هاريبو 80غرام,دانە,1000,600,1000,5
8699965896418,ئاف ليموئالين,دانە,1000,350,750,5
8681528270094,تاخمة ى كادة,دانە,1000,600,1000,5
6260601210510,خورمة ى مليكا,دانە,1000,1600,2000,5
4902471046456,فيتامين سى شوشة 240 مل,دانە,1000,2600,3000,5
3073780767897,ثةنير كيرى 24عدد,دانە,1000,6100,6500,5
6260430981346,عةلاطةى كةثس فود ثاك 20*25سةنتيم,دانە,1000,850,1250,5
6294001814177,جكليت جواهرطة ورة,دانە,1000,16100,16500,5
8697410470312,قايدة ى كادة,دانە,1000,600,1000,5
6977526071002,كفارك بودرون هوركرى 400 ط,دانە,1000,600,1000,5
6260171523072,ماكارونى ماناى قرديل,دانە,1000,600,1000,5
4823077619090,جكليت روشن 1كيلو,دانە,1000,5100,5500,5
8697924569953,لوبياى بيل باك700غرام,دانە,1000,1350,1750,5
2017033000370,خانى مندالان طة ورة,دانە,1000,4600,5000,5
4823077618970,شة كروك رةوشة ن ليمو1كيلو,دانە,1000,3100,3500,5
6925873523088,ليفك ئامان 3 عدد,دانە,1000,350,750,5
8695504166363,جكليت فوندانت كةكةو 1 كيلو,دانە,1000,5600,6000,5
5000347071614,معجون ئةكوا فريش بةخخ 100مل,دانە,1000,3100,3500,5
3228024120086,ثنير برزدين شيدر,دانە,1000,1600,2000,5
4823077605376,شةكروك رةوشن كوفى لايك 1 كيلو,دانە,1000,5600,6000,5
4003240900006,شربت ئة لبى ثردةقال,دانە,1000,2100,2500,5
4003240970009,شربت ئولبى مشةكل,دانە,1000,2100,2500,5
4003240918001,شربت ئولبى طيلاس,دانە,1000,2100,2500,5
8697950818124,لوقمة ى ناتوريس قاب 300 ط,دانە,1000,850,1250,5
6938427990212,شة ربت جة رخ,دانە,1000,0,400,5
6271002119111,خامةى قيمر بضوك 115مل,دانە,1000,100,500,5
3073781010725,ثةنير كيري قشتة 200طرام,دانە,1000,3100,3500,5
7730108002141,ماسى مجميد,دانە,1000,3100,3500,5
6919046606401,تا زة,دانە,1000,350,750,5
3014260258313,قولينياى جيليت,دانە,1000,4600,5000,5
4003240937002,شربت ئة لبى طيلاس وسيو1ليتر,دانە,1000,2100,2500,5
5281117011904,هةفير بةقلاوة يماراتي,دانە,1000,2600,3000,5
5907471440449,ثسكيت ماجيك ضوكو ئيتالى 330طرام,دانە,1000,2850,3250,5
3658447129791,شةبرمان هةنار شةقلاوة,دانە,1000,1850,2250,5
8697410075005,تايطرشوشة,دانە,1000,100,500,5
6917554119550,جيثس قالك,دانە,1000,600,1000,5
5907471413870,ثسكيت ثولةندي 360ط,دانە,1000,2100,2500,5
067238891183,سابون دوف,دانە,1000,350,750,5
3387390338669,نسكويك خر 500ط  كارتون,دانە,1000,4100,4500,5
4820012682195,شيرفجر,دانە,1000,600,1000,5
8901009111631,معجون سيواك سعودي عسل,دانە,1000,1850,2250,5
0165220096230023,سركةى طةورة,دانە,1000,1100,1500,5
8690511191308,ريكا قاث 750 ط ABC,دانە,1000,1350,1750,5
8690511191469,ريكا ABC شين 750 مل,دانە,1000,1350,1750,5
4015000961912,حةبي غةسالة ئامان   ئةلماني 58عدد,دانە,1000,12100,12500,5
5281112055699,تايت ثيرسل 4كيلو + جيل هدية,دانە,1000,11600,12000,5
2825102008000,ران قالك تركي,دانە,1000,3100,3500,5
6260142600092,سركة طةورة,دانە,1000,1100,1500,5
8934673625340,سريلاك 4مانطي ريديالاك قودي,دانە,1000,2100,2500,5
8697422634573,رذدةى سوندة زير 200طرام,دانە,1000,0,400,5
815082008482,ميلانو سثى,دانە,1000,350,750,5
5449000132499,فانتا بتل 1.75لتر,دانە,1000,600,1000,5
5706920100732,تاميك ليمو,دانە,1000,350,750,5
4823077616150,ثسكيت رةوشةن125غرام,دانە,1000,100,500,5
8698164532844,شامثوي مندالان 400 ط ليثو,دانە,1000,350,750,5
022400393797,موكةيف تريسمى ئةمريكى 828مل,دانە,1000,4600,5000,5
8850006330449,فرجة كول طاتي  ثريمييري,دانە,1000,1000,1400,5
8690555511704,فرجة ددان بةنات ثيكولو مندالان,دانە,1000,600,1000,5
5904730917537,شير ماميلاك قودي 400 ط,دانە,1000,6850,7250,5
5904730917544,شير ماميلاك قودي 400 ط,دانە,1000,6850,7250,5
5904730917520,شير ماميلاك قودي 400 ط,دانە,1000,6850,7250,5
8697448851053,سافار هةسثى رةش 800ط,دانە,1000,850,1250,5
5281117001653,فينطر1كيلونيف,دانە,1000,5600,6000,5
8690515000477,علك ريلاكس,دانە,1000,600,1000,5
6260962344190,خة لىترشى,دانە,1000,1100,1500,5
5281117000137,طةلمةشامي 450 ط  يماراتي كيس,دانە,1000,2100,2500,5
5281117012000,بازليا و طيزةر 400 ط يماراتي كيس,دانە,1000,1599,1999,5
2016120603425,ئامانيشك مندالان,دانە,1000,2500,2900,5
8697410470367,قاعيدة خامة,دانە,1000,600,1000,5
2017021301182,تةيارة يماراتي,دانە,1000,3350,3750,5
6291103660565,معتر ئيمثر فةرةنسى 200 مل,دانە,1000,3100,3500,5
8690511002666,شامثو هاير خنا 650ط,دانە,1000,1350,1750,5
5908234808261,ثسكيت ثولةندي 120 ط فينطر,دانە,1000,599,999,5
5908234807851,ثسكيت 100 ط  ثولةندي,دانە,1000,99,499,5
8901943005041,برنج هينا5كيلو,دانە,1000,7600,8000,5
8690146655619,جلي بيبيتو 24عدد,دانە,1000,4600,5000,5
6920215400348,دةرمان ميشك معتةر,دانە,1000,2599,2999,5
8690504059059,ثسكيت يكرام 58طرام,دانە,1000,0,400,5
8690573900115,شربت تاميك شوشة 1 لتر,دانە,1000,1350,1750,5
6251597000551,شربت مارو,دانە,1000,0,400,5
8697463273021,شربت كراش,دانە,1000,100,500,5
5000177484219,مشروب تاقة بوس,دانە,1000,500,900,5
6251091400017,علك سثيرامينت اصل 14غرام*5عدد,دانە,1000,100,500,5
8693029700765,كيك طوستو,دانە,1000,0,400,5
5410076652105,شامثو ثانتين سعودى 400 مل,دانە,1000,3350,3750,5
8699182383821,دةرمان كاشي تركي,دانە,1000,850,1250,5
6951173800741,كفارك قودي هورد,دانە,1000,350,750,5
8693029701519,جلى جيلاكس قالك,دانە,1000,600,1000,5
8699965891215,شربت توركى طيلاس24عدد,دانە,1000,1350,1750,5
8697460391742,شربت كولاتوركى24عدد,دانە,1000,1350,1750,5
8699965891208,شربت توركى ليمو24عدد,دانە,1000,1100,1500,5
8699965892380,شربت درى توركى24عدد,دانە,1000,1350,1750,5
5285007240771,رون جيهان 3 لتر,دانە,1000,4500,4900,5
8697713830844,تايت ثيروس 5 كيلو + جل هةدية,دانە,1000,8600,9000,5
5285007240412,زةيت طولة بةرؤذةى جيهان 1 لتر,دانە,1000,1850,2250,5
8690530444430,كلينس سيَلثاك ثاكةت 200عدد,دانە,1000,1600,2000,5
8690547021495,جيلى كينتون 80طرام,دانە,1000,350,750,5
8690547021471,جيلى كينتون 80طرام,دانە,1000,350,750,5
8690547021426,جيلى كينتون 80طرام,دانە,1000,350,750,5
8690158002043,ثنيرتيك سوت350غرام,دانە,1000,2100,2500,5
8690158002302,ثة نيرتيك سوت160غرام,دانە,1000,1350,1750,5
8680313531877,دة رمان كاشى عيملاق,دانە,1000,1100,1500,5
8680313532225,دةرمان جلك4ليترمور,دانە,1000,2600,3000,5
8680313531884,دةرمان طيرة غةسالة جلك مور 500 ط,دانە,1000,500,900,5
9000100707619,دةرمان ثيرسل 4 لتر 50 مليم,دانە,1000,8100,8500,5
6251059344421,دةرمان مافور بلس فايف طيسكي كارةبا 1لتر,دانە,1000,7100,7500,5
8690572406076,ريكا ثريل 2 لتر 50مليم,دانە,1000,3100,3500,5
8697924591343,كلينس كونفى 70عدد,دانە,1000,600,1000,5
8699182387010,كلينس بيف 120عدد,دانە,1000,600,1000,5
8699182382367,كلينس بيف 120عدد,دانە,1000,600,1000,5
8001090316196,شامثوي هيةد شولدةر سعودى 400 مل,دانە,1000,3850,4250,5
8680313531822,ئاف جام مور,دانە,1000,250,650,5
8690504034032,كيك هالى ولكةر 30طرام,دانە,1000,0,400,5
8697456422146,قةهوة النانا كافى طولد شوشة 100 ط,دانە,1000,3600,4000,5
8690536076123,شامثو كاشى بينطو 1 لتر,دانە,1000,1600,2000,5
6260962344206,سركة طةورة,دانە,1000,1100,1500,5
8690504953807,كيك سةندةويض ئولكةر هالى 24 عدد,دانە,1000,5100,5500,5
8680979211168,ثيتي ثور ثالمي تركي,دانە,1000,599,999,5
8680979211151,ثيتي ثور ثالمي تركي,دانە,1000,599,999,5
8680979212011,بسكيت فينطر ثالمي1 كيلو,دانە,1000,1350,1750,5
8680979212004,بسكيت فينطر ثالمي1 كيلو,دانە,1000,1350,1750,5
8690705112027,طوفريت سارايى,دانە,1000,4100,4500,5
8681270427876,ويفر ئةلديظا 12عدد,دانە,1000,1850,2250,5
8681270427883,ويفر ئةلديظا 12عدد,دانە,1000,1850,2250,5
8690504016502,ثسكيت ئةلثيلا,دانە,1000,0,400,5
5281117011898,هة فيرئ بورة ك يماراتى,دانە,1000,2600,3000,5
6291055000150,نةسوس فالكون 7.74 متر*30سم,دانە,1000,1100,1500,5
8681282303182,طوشت مريشك ريم340غرام,دانە,1000,850,1250,5
8697428014195,كاكاو زلك قالك نوتيلا,دانە,1000,599,999,5
6261609500023,عةلاطة كرش فودباك 70*90,دانە,1000,1350,1750,5
0114210184570001,هيل قالك يراني,دانە,1000,600,1000,5
8681267390954,ثةنير ثيتزا 1كيلو تركي,دانە,1000,8100,8500,5
90495793,فانتا شوشة,دانە,1000,100,500,5
8699965897583,ريكاي ئالين,دانە,1000,450,850,5
8681282303465,طوشت بودرون 800ط,دانە,1000,1600,2000,5
6213720301058,ثفك,دانە,1000,0,400,5
6261796100327,خامة يرانى,دانە,1000,350,750,5
8690146085775,علك ترش,دانە,1000,0,400,5
6262917100059,بهارات بريانى زةرد دلنام,دانە,1000,350,750,5
8697422633538,ماجي زير 50 ط,دانە,1000,0,400,5
8690504957195,ويفةر ديلوكس ئولكةر موزى 24 عدد,دانە,1000,4850,5250,5
8690504040941,ثسكيت ديلوكس ئولكةر موز 39طرام,دانە,1000,0,400,5
6281006437913,شامثودووف  تقليد,دانە,1000,1600,2000,5
5907471414556,ثسكيت ماجيك ليمو ئيتالى 330طرام,دانە,1000,2850,3250,5
4017100116773,ثسكيت 200 ط ئةلماني,دانە,1000,1599,1999,5
4003240940002,شةربةت ئةناناس تةبيعي ئةلبي 1لتر,دانە,1000,2100,2500,5
0167110028530004,ئارى برنج يراني,دانە,1000,599,999,5
4823077616167,ثسكيت روشةن 125ط,دانە,1000,100,500,5
8699664061711,لةزطةي برين,دانە,1000,0,400,5
8695396162504,جة سثى ثة مثة,دانە,1000,850,1250,5
8697713800472,حة فازةى دولفين30عدد,دانە,1000,2600,3000,5
2017021300901,خانى مندالان طة ورة,دانە,1000,4600,5000,5
2017021301038,عة ربانةى مندال,دانە,1000,7600,8000,5
90399794,سثرايت شوشة,دانە,1000,100,500,5
8697428191490,بة رداخ 3عدد,دانە,1000,600,1000,5
9631395092687,برنج جيهان شةفاف 4.5كيلو,دانە,1000,9100,9500,5
8690504059158,ثسكيت يكرام,دانە,1000,0,400,5
5281112055675,تايت ثيرسل 4كيلو + جيل هدية,دانە,1000,11350,11750,5
8697901920623,حةفازةى ئةلماس 20عدد رةقةم 5,دانە,1000,2600,3000,5
8908003050287,برنج سورطول10كيلو,دانە,1000,15500,15900,5
8699965897798,فلفل سور طولَى رؤذ 60طرام,دانە,1000,350,750,5
8699965895695,صاص ئالين 320مل,دانە,1000,100,500,5
8690536900022,دةرمان بينطو 1لتر,دانە,1000,1350,1750,5
6264078407084,موتة,دانە,1000,0,400,5
2017021300895,خانى مندالان طة ورة,دانە,1000,4600,5000,5
8690506474171,سابون دورو زةيتون 160 ط,دانە,1000,350,750,5
6192000752417,شامثوسان سليك,دانە,1000,1600,2000,5
8690546128119,دةرمان مةخسةلةو رةشاشة ئيرنيت,دانە,1000,1350,1750,5
8693357056879,طلاس ثلاس تركي,دانە,1000,3350,3750,5
680678171969,شةكردان شوشة 2عدد تركي,دانە,1000,2100,2500,5
680678049237,دولكي 2عدد بجوك شوشة,دانە,1000,5100,5500,5
680678056945,طلاس لونا دريز,دانە,1000,2100,2500,5
8693357176102,طلاس لونا ثان تركي,دانە,1000,3850,4250,5
8693029701274,كيك  طوستو,دانە,1000,0,400,5
8690526005362,ويفةر ئاث كةكةو 40طرام,دانە,1000,0,400,5
5941895900028,ثسكيت ويفر,دانە,1000,0,400,5
3800093101021,ثسكيت ويفر,دانە,1000,0,400,5
8691216080362,جلى هاريبوى80غرام,دانە,1000,600,1000,5
8690526033426,ثسكيت توتكوى180غرام,دانە,1000,1100,1500,5
8681002381704,علك  نيكست,دانە,1000,350,750,5
8906012001580,برنجى ئازاد رايس شفاف 4.5كيلو,دانە,1000,7350,7750,5
8690526006697,كيك ئةديكتو طولد 9عدد*20طرام,دانە,1000,1600,2000,5
8695280017507,صودة بةنيشت,دانە,1000,0,400,5
5449000208880,فانتا بتل سيف 750 مل,دانە,1000,100,500,5
5449000000729,سثرايت قودى ليمو 250مل,دانە,1000,100,500,5
90492846,سودة داملا,دانە,1000,100,500,5
4015600325435,تايت  ئة ريال,دانە,1000,8100,8500,5
8681248480711,جيثس,دانە,1000,0,400,5
5053990101597,ضيثس ثرينطلس قودى 165طرام,دانە,1000,2100,2500,5
5053990106868,ضيثس ثرينطليز قودى 165 ط,دانە,1000,2100,2500,5
5053990101542,ضيثس ثرينطلس قودى 165طرام,دانە,1000,2100,2500,5
6917554119529,جيثس ناتورى75غرام,دانە,1000,600,1000,5
5053990137794,جيثس ثرنجلس40غرام,دانە,1000,600,1000,5
5053990107278,جيثس ثرنجلس قودى 40 ط,دانە,1000,850,1250,5
5053990140220,جيثس ثرنجلس40غرام,دانە,1000,600,1000,5
5053990107315,ضيثس ثرنطلس قودى 40 ط,دانە,1000,850,1250,5
6957839465484,شامثوى ثرض زارا كرياتين 500مل,دانە,1000,5600,6000,5
5053990101528,ضيثس ثرينطليز قودى 165 ط,دانە,1000,2100,2500,5
8690511407362,شامثوي هاير سور 650غرام,دانە,1000,1350,1750,5
8690576029806,جةي ئةنقةرة 500طرام,دانە,1000,850,1250,5
8697405604296,معتةر جةو ثةمثة قودي,دانە,1000,2100,2500,5
6260393140064,شير ئابتاميل 400ط,دانە,1000,7100,7500,5
6260393140057,شير ئابتاميل 400ط,دانە,1000,6600,7000,5
4084500648036,معةتةر جةو فيبريز ئيتالى 300 مل,دانە,1000,3850,4250,5
4015600913304,معتةر جةو فيبريز ئيتالى 300 مل,دانە,1000,4100,4500,5
8851932263177,شامثوي كلير  ئينطليزي,دانە,1000,3100,3500,5
8801105906431,شة ربة ت ثوث توركى,دانە,1000,350,750,5
8934673210041,سريلاك 4مانطي ريديلاك كارتون 200 ط,دانە,1000,1850,2250,5
4084500821620,شامثوي شولدةر سعودى 600 مل,دانە,1000,5600,6000,5
5410076651788,شامثو ثانتين سعودى 400 مل,دانە,1000,3350,3750,5
6221048400940,معجون سيطنال   طةورة,دانە,1000,1000,1400,5
5022496103466,شامثوى ظاتيكا ئيماراتى 400 مل,دانە,1000,2850,3250,5
7793433000541,شةكر سوكةري جينسير 50 عدد,دانە,1000,3600,4000,5
8992695724069,معجون سين سودان عسل,دانە,1000,3100,3500,5
8851932314626,شامثوي كلير  ئينطليزي,دانە,1000,3100,3500,5
4084500821569,شامثوي شولدةر سعودى 600 مل,دانە,1000,5600,6000,5
5011321257337,شامثوي ثيرت طةورة,دانە,1000,4100,4500,5
8992304028564,كريم سةروجاف 100ط,دانە,1000,1100,1500,5
3014230568534,كريم سةروجاف 100ط,دانە,1000,1100,1500,5
8934868018544,كريم سةروجاف 100ط,دانە,1000,1100,1500,5
3054080048558,كريم سةروجاف 100ط,دانە,1000,1100,1500,5
4005808808526,كريم سةروجاف 100ط,دانە,1000,1100,1500,5
3014260022891,فرضةى ددان ئورال ماكس كلين 1+1,دانە,1000,1350,1750,5
8690555512114,فرجةى ددان بةنات ئةكروبات,دانە,1000,1350,1750,5
3073780964296,ثةنير بةقةرة 230 ط,دانە,1000,2450,2850,5
6932511207361,زدي روزي 80 ط,دانە,1000,1599,1999,5
8801105910230,شةربةت ثوث توركى,دانە,1000,350,750,5
8801105910247,شة ربة ت ثوث توركى,دانە,1000,350,750,5
032894010896,باقلي قودي كاليفورني,دانە,1000,599,999,5
5281112061010,جل ثرسيل 1لتر ئةلماني,دانە,1000,3100,3500,5
8934673215046,سريلاك ريديالاك قاوةيى 1-3سالى,دانە,1000,1850,2250,5
8934673213042,سريلاك ريديالاك كةسك 200 ط 8مانطى,دانە,1000,1850,2250,5
8934673212045,ريديالاك ثاكةت 6 مانط 200 ط,دانە,1000,1850,2250,5
8934673211048,ريديالاك ثاكةت زةر 200 ط,دانە,1000,1850,2250,5
6260140000139,سفري يراني عسل,دانە,1000,2100,2500,5
2017033000189,خاني 2عدد مندالان,دانە,1000,4599,4999,5
8998866104975,ثودري كودومو عسل 250 ط,دانە,1000,1599,1999,5
8690158020344,ثةنير قةشقةوان 400 ط,دانە,1000,2599,2999,5
8935112200005,ريدبول زةرد 250مل,دانە,1000,1100,1500,5
8681270424264,بسكيت ماكس ئةلديفا,دانە,1000,2100,2500,5
049000049930,عرص خاص كولا 251مل ئةمريكى,دانە,1000,2100,2500,5
8689989747100,علك فيكست,دانە,1000,0,400,5
8689989740101,علك فيكست,دانە,1000,0,400,5
8689989744109,علك فيكست,دانە,1000,0,400,5
8689989743102,علك فيكست,دانە,1000,0,400,5
8689989742105,علك فيكست,دانە,1000,0,400,5
8680492159152,بسكيت,دانە,1000,2100,2500,5
8695150003920,شةبرمان هةسثي رةش,دانە,1000,599,999,5
8695280226602,طازوتام,دانە,1000,0,400,5
8698995513166,ماجى توز1دانة,دانە,1000,0,400,5
59034803,شة كروك ثردة قال,دانە,1000,0,400,5
680678366006,بنكي ئيستيكان هيبيل ثاشابارضى 4خةت زةر,دانە,1000,6600,7000,5
8697422638342,برنجى زيَر شةفاف 4.5كط,دانە,1000,8350,8750,5
8886451085207,شير بيدياشور هنطفين 400ط,دانە,1000,11350,11750,5
7702018982042,جلي جليت  عسل,دانە,1000,2600,3000,5
6300020152388,معتةر طةلاطسي,دانە,1000,2600,3000,5
6460458085648,معتةر  لاكوست سمارت,دانە,1000,2599,2999,5
6460458062311,معتةر لاكوست سمارت كةسك,دانە,1000,2599,2999,5
6223000460733,زةيتون شوشة خةرامانة 900 ط,دانە,1000,1599,1999,5
8690120531502,بسكيت 24 عدد توركو,دانە,1000,4100,4500,5
6260360004191,ثسكيك,دانە,1000,0,400,5
6260688200886,ثةنيرثونةك خامةى,دانە,1000,100,500,5
6260688200121,ثةنير ثونةك1كيلو,دانە,1000,2600,3000,5
6930744930049,سنيك عسل 5عدد,دانە,1000,1850,2250,5
022400393742,موكةيف امريكي تريسمي,دانە,1000,4600,5000,5
022400393759,موكةيف تريسمى ئةمريكى 828مل,دانە,1000,4600,5000,5
022400393780,موكةيف امريكي تريسمي,دانە,1000,4100,4500,5
8851932292528,شامثو كلير شين,دانە,1000,3100,3500,5
8699965897545,ريكا الين,دانە,1000,450,850,5
6231688000691,ماست دامداران,دانە,1000,1100,1500,5
6260812001303,بسكيت,دانە,1000,0,400,5
6231688000301,ماست 500 ط سيتو,دانە,1000,599,999,5
9000100775632,دةرمان ثيرسل 4لترو 200 مل تركي,دانە,1000,8100,8500,5
6260227710012,كريم جي 52ط,دانە,1000,1100,1500,5
6291055001287,نايلون شفاف فالكون 450 مةتر,دانە,1000,10600,11000,5
6928001833615,ماسكي رةش ئوكال وايت اصل 130ط,دانە,1000,2100,2500,5
8697480063179,ماكارونى بيشلير5كيلو,دانە,1000,2600,3000,5
8697924592234,كونفى,دانە,1000,2100,2500,5
6261479301263,فاص شوف جلى سثى 4000طرام,دانە,1000,2350,2750,5
8681270424271,ويفر ئةلديفا 24 عدد,دانە,1000,2100,2500,5
6928140302331,نةسوس فودباك 300ملم*1725غرام,دانە,1000,11100,11500,5
6934481152283,قاعيدة كوليجة,دانە,1000,600,1000,5
6261845700553,هيل ئالين,دانە,1000,600,1000,5
8690506466367,دةفةموز ئاركو بانيو 5 عدد,دانە,1000,1850,2250,5
6815008124504,قايدة لكة كادة,دانە,1000,600,1000,5
2818661008000,سينط تركى 1كيلو,دانە,1000,2500,2900,5
8690885200750,محجون ردين ديربى,دانە,1000,350,750,5
62901369,مرليبوروى عة رة بى,دانە,1000,1600,2000,5
6263143700020,كةشك ئاش ناسراظاران شوشة 500طرام,دانە,1000,1600,2000,5
6260104520017,ريكا كيجا 1000 ط,دانە,1000,599,999,5
0162510174470035,كيك,دانە,1000,0,400,5
48503136,ثاكيت ئة كتيمار,دانە,1000,100,500,5
8681270452038,ثسكيت,دانە,1000,1850,2250,5
8690511406006,شامثو هاير 600طرام,دانە,1000,1350,1750,5
6231688000318,ماست سيلو1كيلو,دانە,1000,1100,1500,5
9781855682986,لايلون ناف كة ونتةر,دانە,1000,350,750,5
0165220096230009,سركة,دانە,1000,599,999,5
8001090534446,تايت ئاريال سعودي,دانە,1000,7100,7500,5
6260575900059,جيثس يليت بجوك,دانە,1000,0,400,5
6291111110212,برنجى مرجان شةفاف 10كط,دانە,1000,19100,19500,5
4760060605367,زةيت مرجان 1 لتر,دانە,1000,1050,1450,5
6001067003472,محجون ددان طولطاد,دانە,1000,1100,1500,5
8690511002581,شامثوي هاير,دانە,1000,1350,1750,5
8695280026301,شربت 200 ط,دانە,1000,0,400,5
4711476617109,قهوة حازر قودي,دانە,1000,600,1000,5
8681212060604,حفازة سليثي 26 عدد,دانە,1000,6100,6500,5
001201604044,سابون سائيل روس,دانە,1000,350,750,5
6932485142071,حمام زةيت هيلك 1كيلو,دانە,1000,1599,1999,5
6932485142019,حمام زةيت طيا 1كيلو,دانە,1000,1599,1999,5
54007673,كولا شوشة سويسري,دانە,1000,2100,2500,5
8690146657019,جلي يزمان,دانە,1000,0,400,5
6955728171287,قةندان شوشة بضووك,دانە,1000,1100,1500,5
6261479301133,ريكا شوف سيف 800مل,دانە,1000,600,1000,5
8697480068051,رزدة ى بيشلة ر,دانە,1000,0,400,5
5000396042221,داجيستيف 2عدد,دانە,1000,99,499,5
6260729000239,دوي طدوك سةر بةرداخ,دانە,1000,850,1250,5
6260729000192,دوي طدوك بن خر 1000مل,دانە,1000,1100,1500,5
6970081490325,جة سثى مشك,دانە,1000,100,500,5
6959606510182,فرجة ددان سوفت يولي,دانە,1000,600,1000,5
6260575902633,فينطر 1كيلو تركي,دانە,1000,1100,1500,5
6940337200022,دارك طوجك,دانە,1000,599,999,5
8850534102501,شربت قةيسةر تري,دانە,1000,599,999,5
8850534105250,شربت قةيسةر تري,دانە,1000,599,999,5
8850534102464,شربت قةيسةر تري,دانە,1000,599,999,5
8850534102402,شربت قةيسةر تري,دانە,1000,599,999,5
5449000664518,فانتا بتل,دانە,1000,100,500,5
6920215400430,دة رمان ثيشك,دانە,1000,2599,2999,5
8691422700245,بازلياى شوشة ى مشةكل,دانە,1000,1600,2000,5
4823090301118,ثسكيت ئوكرانى24عدد,دانە,1000,4100,4500,5
8681270424288,ثسكيت ئة لديبا,دانە,1000,4100,4500,5
6926038050395,سكوتين فةورى,دانە,1000,100,500,5
8693357078147,يستيكان توركى موديل نوي,دانە,1000,1600,2000,5
5000396042993,ثسكيت داجيستيف,دانە,1000,100,500,5
42299554,نيفياى بن كة فش,دانە,1000,2600,3000,5
5449000663283,فانتا بتل فواكة 1.75,دانە,1000,600,1000,5
5908234809558,نةستةلة ثولةندي,دانە,1000,4350,4750,5
8690120085241,بسكيت توركو,دانە,1000,0,400,5
6975406476152,دةمانجة,دانە,1000,0,400,5
123456789012,دةسكيش ثةروك روينو تولس,دانە,1000,600,1000,5
8003350526062,ليفك سةيارة,دانە,1000,1350,1750,5
123400567890,نوشمةك طةورة,دانە,1000,350,750,5
6281007034135,شير نيورالاك 1,دانە,1000,7350,7750,5
6281007034159,شير نيورالاك 2,دانە,1000,7350,7750,5
6281007034173,شير نيورالاك  3,دانە,1000,7100,7500,5
6261479301102,ريكاي شوف 800 مل,دانە,1000,600,1000,5
6260467401916,ريكا تاز,دانە,1000,350,750,5
054881005876,جاي احمد سةفةري,دانە,1000,599,999,5
054881007955,جاي احمد سةفةري 50طرام,دانە,1000,600,1000,5
054881007696,ضاي احمد لةندةن 450 ط,دانە,1000,4850,5250,5
8693357316034,دولك و بةرداخ ثاشابارضى توروس,دانە,1000,7100,7500,5
8693357192904,شوشة بورجام فرنى خر 2 عدد,دانە,1000,7600,8000,5
8693357192669,سينيكي فرني,دانە,1000,5599,5999,5
8693357297463,سينيكي فرني طةورة,دانە,1000,6599,6999,5
5601474217861,فاصولى سثى وردة شوشة 300غرام,دانە,1000,600,1000,5
5285007241044,نيسك جيهان 700ط,دانە,1000,1350,1750,5
680678098181,يستيكان سادةي موديل نوي,دانە,1000,1350,1750,5
8690742160593,حفازةي كان بةيبي,دانە,1000,4599,4999,5
8690742100704,حفازةي كان بةيبي,دانە,1000,4599,4999,5
8690742151003,حفازةي كان بةيبي,دانە,1000,4599,4999,5
8690742160609,حفازةي كان بةيبي,دانە,1000,4599,4999,5
8690742160579,حفازةي كان بةيبي,دانە,1000,4599,4999,5
8690742150471,حفازةي كان بةيبي رةقةم سفر 24عدد,دانە,1000,3850,4250,5
3902634650149,جيثس فيث 150ط طةورة,دانە,1000,599,999,5
6224000641368,ثةنير,دانە,1000,50,450,5
6262584600142,كوليضةى عايلى 300غرام,دانە,1000,600,1000,5
6260414510142,تةمةر هندي,دانە,1000,0,400,5
6945449338557,مةموك شوشة,دانە,1000,1100,1500,5
2017021301021,بوك,دانە,1000,3600,4000,5
6251073001287,جيثس,دانە,1000,0,400,5
8850124011053,نةستةلة كوفى ميت 400طرام,دانە,1000,3100,3500,5
5907471404694,ثسكيت دووبيس 122 ط ثولةندي,دانە,1000,1099,1499,5
5907471403284,ثسكيت دووبيس75ط ثولندى,دانە,1000,350,750,5
8695761002343,ثةنير ثيتزا,دانە,1000,1500,1900,5
6009684354359,طلوث طةورة,دانە,1000,10600,11000,5
86933162,سودة فروتي,دانە,1000,100,500,5
8697040101112,سابون فاريسا,دانە,1000,600,1000,5
8699965894940,بهارات جة در,دانە,1000,600,1000,5
8695876203727,طةلةشامي 99ط,دانە,1000,599,999,5
8695876203703,طةلةشامي 99ط,دانە,1000,599,999,5
8695876203611,طةلةشامي 15ط,دانە,1000,0,400,5
8695876203642,طةلمةشامي 15 ط,دانە,1000,0,400,5
8690536804788,حةفةزة مولفيكس رةقةم 1,دانە,1000,6350,6750,5
8690536803446,حةفةزة مولفيكس رةقةم 2,دانە,1000,6350,6750,5
8690536800766,حةفةزة مولفيكس رةقةم 3,دانە,1000,6350,6750,5
8690536800643,حةفةزة مولفيكس رةقةم 4,دانە,1000,6350,6750,5
8690536800681,حةفازةى مولفيكس رةقةم 5,دانە,1000,7600,8000,5
8690536802265,حةفازة مولفيكس 26عدد رةقةم 6,دانە,1000,6600,7000,5
8680716084826,حفازة سليث تركي,دانە,1000,2100,2500,5
8680716084796,حفازة سليث تركي,دانە,1000,2599,2999,5
8680716084802,حفازة سليث تركي,دانە,1000,2100,2500,5
8680716084819,حفازة سليث تركي,دانە,1000,2100,2500,5
80905486,علك فيفيدن,دانە,1000,600,1000,5
8681221511319,هة نطوين قالك 250ط,دانە,1000,1100,1500,5
8680407871032,دووشاوى شوشةى توركى800ط ترى,دانە,1000,2600,3000,5
8001100067940,بالوكوى يتالى125ط,دانە,1000,600,1000,5
8001100067957,بالوكوى يتالى125ط,دانە,1000,600,1000,5
8000380005918,ويفةر لوكةر سور 125ط,دانە,1000,3600,4000,5
8690526016474,ثوث كيك كيس زةر عايلى 144طرام,دانە,1000,1600,2000,5
8680313531648,هةنطوين توركى720ط,دانە,1000,1600,2000,5
8690570536478,حةب  خة سالةىفانيش40عدد,دانە,1000,5600,6000,5
8001100067964,بالوكوى يتالى125ط,دانە,1000,600,1000,5
5601008101604,ثسكيت بين 10,دانە,1000,2100,2500,5
5601008200017,ثسكيت داجيستيف ثوردغالى,دانە,1000,2100,2500,5
8690536008742,خوىَ غةسالةى ئامان بينطو 1.5كط,دانە,1000,2100,2500,5
5601008101017,ثسكيت ثولندى,دانە,1000,1600,2000,5
5601008101802,ثسكيت ثولندى,دانە,1000,1600,2000,5
5304000264321,كيك سة مون,دانە,1000,0,400,5
0162510258460004,كيك دل,دانە,1000,0,400,5
4823055518667,ثسكيت ماريا,دانە,1000,0,400,5
5601008200833,ثسكيت ميلينيوم,دانە,1000,600,1000,5
5601008100690,ثسكيت داجيستف,دانە,1000,100,500,5
8691720052800,ثسكيت برافو,دانە,1000,0,400,5
8691720006308,بسكويت سةندةويض مينى تروى 50ط,دانە,1000,0,400,5
0162300054440120,ثسكيت داجيستف,دانە,1000,0,400,5
8690632047324,شيرموزنيسكيك,دانە,1000,600,1000,5
8690632047317,شيرموزفراولة نيسكويك,دانە,1000,600,1000,5
8697713833029,معتةر جةو سيف 500 ط,دانە,1000,1599,1999,5
8697970052386,دةرمان جام رينطوسيل 1 لتر,دانە,1000,599,999,5
5449000131805,كولا سوكةرى قودى توركى 330 مل,دانە,1000,600,1000,5
0160610091010019,ترشوك,دانە,1000,0,400,5
2818661096007,سينط  تركي,دانە,1000,2100,2500,5
8690511000013,شامثوى ABC جلك 1500مل,دانە,1000,3100,3500,5
5908234809299,ثسكيت ثولةندي,دانە,1000,100,500,5
8697970051020,دةرمان رينطوسيل كاشي جيل 1500ط,دانە,1000,1100,1500,5
6291055002314,نايلون شفاف فالكون 30.96*30 سم,دانە,1000,1350,1750,5
8850534102457,شربت قةيسةر,دانە,1000,599,999,5
8690506406738,سائيل فاكس 2 لتر,دانە,1000,2100,2500,5
6111079005392,شامثو جون سن سعودي 500ط,دانە,1000,2600,3000,5
8680979275191,بسكيت طولد 24عدد,دانە,1000,2100,2500,5
5601008100539,ثسكيت ماريا 12 عدد ثولةندي,دانە,1000,2100,2500,5
5601008100904,ثسكيت فيرا 300 ط,دانە,1000,2100,2500,5
8691720141528,ويفر ئةنى 24عدد,دانە,1000,2100,2500,5
8680979226834,ثسكيت ثولةندي 24عدد,دانە,1000,4100,4500,5
4015400674023,حةفازة ثامثيرس  44 عدد رةقةم 6,دانە,1000,14600,15000,5
4015400672906,حفازة ثامثيرس 48 عدد,دانە,1000,14600,15000,5
9002490217754,ريد بول عسل 473مليم,دانە,1000,3100,3500,5
9000101010053,تايت ثيرسل4.5 كط   تركي,دانە,1000,6370,6770,5
4796000551128,ضاى محمود رةش 450غرام,دانە,1000,5100,5500,5
8699177680348,دارك طوضك 200عدد,دانە,1000,350,750,5
8681282303137,طوشت مريشك بودرون مرةبع 340 ط,دانە,1000,1100,1500,5
6262917100417,بهارات فلفل قالك,دانە,1000,350,750,5
4823077610691,جكليت رةوشن قة هوة,دانە,1000,4600,5000,5
6191571800428,ماسي مارينا سردين,دانە,1000,199,599,5
8681212060628,حة فازةىسليثى  38عدد,دانە,1000,6100,6500,5
8681212060611,حةفازةى سليثى  33عدد,دانە,1000,6100,6500,5
8681270426602,بسكويت بيسكودةى سةندةويض ئالديظا 24عدد,دانە,1000,5100,5500,5
5601008101086,ثيتي ثور ماريا ئةلماني,دانە,1000,2060,2460,5
5601008200802,ثسكيت ميلينيوم  163ط,دانە,1000,599,999,5
9502930974921,معجون سين سودان,دانە,1000,1000,1400,5
8695761002497,لور 350غرام تركي,دانە,1000,1100,1500,5
8695761002381,ثةنيرهيرا 200غرام,دانە,1000,850,1250,5
5281112052179,تايت ثيرسل ئةلماني 8 كيلو سيتل,دانە,1000,19599,19999,5
62901468,ثاكيت بوند,دانە,1000,600,1000,5
3384121515191,ليفك ئامان عسل يماراتي 10 عدد,دانە,1000,1100,1500,5
6281022102642,ثودرينطى سعودى,دانە,1000,100,500,5
6281022102062,ثودرينطى سعودى,دانە,1000,100,500,5
6281022102055,ثودرينطى سعودى,دانە,1000,100,500,5
6223003771744,ثةنيربرايدشيدر,دانە,1000,1000,1400,5
6223003771911,ثةنير 6عدد,دانە,1000,600,1000,5
6223003775292,ثنيربرايد250غرام,دانە,1000,2100,2500,5
019037021011,علاطة,دانە,1000,2100,2500,5
5281112052186,تايت ثيرسل 8كيلوئة لمانى,دانە,1000,19600,20000,5
6217000169130,شير فراولة,دانە,1000,0,400,5
90020582,شربت راوخ %100  سيف,دانە,1000,599,999,5
8691477200134,جيثس ثاتوز,دانە,1000,100,500,5
6262917100424,بهارات فلفل رةش قالك دلنام,دانە,1000,350,750,5
8698573811394,دنك توفك,دانە,1000,0,400,5
032894010308,باقلك قودى,دانە,1000,600,1000,5
6264485900413,ثفك تاثيس,دانە,1000,0,400,5
8699965897606,ريكا ئالين1000ط,دانە,1000,450,850,5
7501013100198,شربت جوميكس قودي 500 ط,دانە,1000,1350,1750,5
7501013100051,شربت جوميكس قودي 500 ط,دانە,1000,1350,1750,5
7501013100211,شربت جوميكس قودي 500 ط,دانە,1000,1350,1750,5
8888196350114,فيتامين يكسترا,دانە,1000,600,1000,5
6262624902908,شير موز عاليس 200مل,دانە,1000,100,500,5
6262624902946,شير كاكاو عاليس 200مل,دانە,1000,100,500,5
8697236419236,كلينس بةروش,دانە,1000,100,500,5
8695876203628,طةلمةشامي,دانە,1000,0,400,5
8690555512398,فرضةى ددان بةنات مولتى كار,دانە,1000,2100,2500,5
7800009332361,تةمةر هندي شةقلاوة,دانە,1000,1100,1500,5
9557366500510,شربت نادر,دانە,1000,3599,3999,5
6930448013215,بوك جولانة,دانە,1000,3599,3999,5
2017021300703,بوك و باربي تاخم طةورة,دانە,1000,4100,4500,5
2017033000196,ثرادو لايت,دانە,1000,3350,3750,5
2016120600141,مةرزي موديل نوي طلوث,دانە,1000,6600,7000,5
2016120603951,ماتور ئاسن و ثاتري,دانە,1000,3100,3500,5
7798013211034,سةيارة ئاسن ثاتري,دانە,1000,3100,3500,5
6930448013512,بوك سةر ئةسث,دانە,1000,3599,3999,5
6930448013505,بوك دانس مقام,دانە,1000,3599,3999,5
6912000013109,هرج  عاشق,دانە,1000,5100,5500,5
6912000013482,هرج  عاشق,دانە,1000,5100,5500,5
6912000013239,هرج ثاندا,دانە,1000,5100,5500,5
6912000013123,ثشيلة سور عاشق,دانە,1000,5100,5500,5
6930448013499,بوك جولانة طةورة,دانە,1000,4100,4500,5
4047445254373,بوك طةورة طوراني كوردي,دانە,1000,9599,9999,5
7616100776207,نيسكافةى طولد 200غرام,دانە,1000,10600,11000,5
8681270427586,بيسرول 24عدد,دانە,1000,2100,2500,5
8690536803460,حة فازةىمولفيكس0,دانە,1000,4350,4750,5
8681270430371,ثسكيت ئةلديفا,دانە,1000,4100,4500,5
00612434,قيمة 700 ط,دانە,1000,3599,3999,5
6923990200684,توث دةسك,دانە,1000,1600,2000,5
6927206966876,سيكار عسل,دانە,1000,4600,5000,5
4796002516538,ضاى دوغةزال سور 500 ط,دانە,1000,5850,6250,5
8690576029004,سثاكيتى ئةنقةرة 500طرام,دانە,1000,850,1250,5
8690576029028,رذدة بورى ئةنقةرة 500 ط,دانە,1000,850,1250,5
6262825801352,سابون سائيل موديل نوي,دانە,1000,1100,1500,5
6262825800959,سابون سائيل كة ف,دانە,1000,1100,1500,5
6912258800407,مقةس ثيتزا,دانە,1000,850,1250,5
6944128624240,رةندة3 عدد,دانە,1000,599,999,5
6928685822691,تراش رةندة,دانە,1000,599,999,5
6901350336686,مقةس رةش,دانە,1000,2100,2500,5
8800099100016,مقةس و خيت,دانە,1000,2100,2500,5
6503172989363,مقةس عسل زةرد,دانە,1000,3599,3999,5
7891112044760,جةقوى ماستةر,دانە,1000,1100,1500,5
6262825800966,سابون سايل ئةكتيف  كةف,دانە,1000,1100,1500,5
6933215002528,جاثة ستى ئاوىطةرم عسل,دانە,1000,17600,18000,5
6940032567352,ضاثةستى ئاو طةرمكرن كارةباى 2.0لتر,دانە,1000,5100,5500,5
6952315050147,بوكوعةرةبانة,دانە,1000,4600,5000,5
6900000013434,بوكى طورانى,دانە,1000,4600,5000,5
8467051957356,بوك,دانە,1000,4600,5000,5
8690347060502,ثةنير كانلار ثيتزا 1كيلو,دانە,1000,8600,9000,5
8901030023583,فازلين سعودي عسل 250 ط,دانە,1000,2850,3250,5
6281034900366,شربت ظيمتو بتل 250مل,دانە,1000,350,750,5
6940765980930,جرك مشك,دانە,1000,100,500,5
8697426871028,جل ثرج,دانە,1000,1599,1999,5
6212861772444,حمام زةيت جولي,دانە,1000,3100,3500,5
6291069701012,حةحمام زةيت فاتيكا 500ط,دانە,1000,3100,3500,5
6291069201420,حمام زةيت ظاتيكا 500طرام,دانە,1000,4350,4750,5
6291069201314,حةمام زةيت ظاتيكا 500طرام,دانە,1000,4350,4750,5
6217000114048,زعتر كيس تركي 500ط,دانە,1000,1600,2000,5
8699266740236,ئاري هانا 1 كيلو,دانە,1000,200,600,5
8902345658743,برنج رويال تاج 10 ك,دانە,1000,14599,14999,5
6212201122120,ديو بتل 750مل,دانە,1000,350,750,5
6212124052245,شير موز بتل,دانە,1000,100,500,5
8857101149426,سابون خيار سةروجاف,دانە,1000,1599,1999,5
6926816963817,شربت تازة 1لتر,دانە,1000,350,750,5
6212201121017,ديوقودى 250مل,دانە,1000,100,500,5
8695761002350,قيماغ 150ط,دانە,1000,1600,2000,5
7622100986485,ثاكةت مارليبو عسل,دانە,1000,38600,39000,5
42299868,نيفيا شوشة,دانە,1000,2100,2500,5
8690575895013,تاميك شوشة ثردة قال,دانە,1000,100,500,5
8690575895211,تاميك شوشة كولا,دانە,1000,100,500,5
6941326928590,سة عةتى جةرةس,دانە,1000,3600,4000,5
6904542109310,تايت ئوليف 5كيلو,دانە,1000,6100,6500,5
8998866801539,سابون جيف 4عدد,دانە,1000,1600,2000,5
6294001814139,ضوكليت جةواهر 400طرام,دانە,1000,11600,12000,5
8697415310040,ثة نيرقشقوانى كلينج,دانە,1000,1600,2000,5
7441712995650,طوشت جيل بوردن,دانە,1000,1599,1999,5
6260812000337,كلوجة نادى 40 عدد,دانە,1000,6600,7000,5
8697530991155,كاكاو زيو شوشة,دانە,1000,1599,1999,5
8985578850658,طورة عسل,دانە,1000,599,999,5
6001087357050,لوشن جسم ظازةلين 400مل,دانە,1000,4100,4500,5
8998866801522,صابون جيف 4عدد*140غرام,دانە,1000,2100,2500,5
5410076965878,شامثوى ثيرت دة بل,دانە,1000,4100,4500,5
8698995190022,فلاش تركى,دانە,1000,600,1000,5
8681270412933,كيك ئة لديفا,دانە,1000,0,400,5
8691720106237,كيك جمبو,دانە,1000,4100,4500,5
7501013100426,جوميكس لايت,دانە,1000,1600,2000,5
6260172400877,لوقمة فريش2كيلو,دانە,1000,5100,5500,5
6965425004887,جلى دوولفين,دانە,1000,0,400,5
5281112060785,ريكا ثريل ئةلماني,دانە,1000,1350,1750,5
6954565645695,درك بيبسي 100عدد,دانە,1000,100,500,5
8690766956806,ثسكيت جوكلاتة 24 عدد,دانە,1000,4100,4500,5
8690158002098,ثةنير قةشقةوان 500ط,دانە,1000,3599,3999,5
8690506345129,شامثوى دوورو,دانە,1000,1100,1500,5
8695761002398,ثة نيريتزا700غرام,دانە,1000,5100,5500,5
8695761002404,ثةنيرثيتزا200غرام,دانە,1000,1500,1900,5
8691375665059,كةرةى نازا,دانە,1000,0,400,5
4823090301101,ثسكيت جيل,دانە,1000,0,400,5
8681221514204,مرةباى طول,دانە,1000,599,999,5
8681221511364,مرةباى مشمش,دانە,1000,599,999,5
6260159701348,سركةى طةورة,دانە,1000,1100,1500,5
8690506026042,سابون دوورو,دانە,1000,850,1250,5
8690536920952,شامثو بينطو كاشى 1 لتر,دانە,1000,1600,2000,5
8699965894964,بهارات تةشريب مريشك ئالين,دانە,1000,600,1000,5
0160610041450054,نان قةيسي,دانە,1000,0,400,5
8680313530818,سائيل 4 لتر,دانە,1000,3100,3500,5
8690536076161,دةرمان بينطو كاشي 1 لتر,دانە,1000,1350,1750,5
8698720570747,عيملاق كاشي جيل 1كيلو,دانە,1000,1100,1500,5
8680495870610,سينط  تركي,دانە,1000,1850,2250,5
022400393681,شامثو تريسمى ئةمريكى رةش 828مل,دانە,1000,4600,5000,5
8690158120211,ثةنير كةزي 250غرام تيك سوت,دانە,1000,1800,2200,5
1299001272052,فازلين,دانە,1000,1100,1500,5
8998866103084,معجون ددان كودومو مندالان 45طرام,دانە,1000,850,1250,5
6294001800279,نةستةلة طالاسي كريسبى 36 ط,دانە,1000,600,1000,5
8697950818445,لوقمة ناتوريس قاب 300 ط,دانە,1000,850,1250,5
680678365986,بنك ئيستيكان ثاشاباضى خةت زةر 54251,دانە,1000,6100,6500,5
8695761002411,لور500ط,دانە,1000,1600,2000,5
90169533,قهوة راوخ,دانە,1000,1599,1999,5
8000500142004,نوتيلا ثسكيت,دانە,1000,100,500,5
5053990107308,ضيثس ثرنطلس قودى 40 ط,دانە,1000,850,1250,5
4711476617116,قهوة قودي,دانە,1000,599,999,5
2678552365793,ضةسث دووقولو يثوكسى طولى 2عدد,دانە,1000,350,750,5
8680313532218,دةرمان مور 2 لتر,دانە,1000,2100,2500,5
9000101010091,تايت ثيرسل 4.5كط   تركي,دانە,1000,6350,6750,5
6945449300950,مة موكى شوشة,دانە,1000,2600,3000,5
5281112044549,تايت ثيرسل 4كيلو + جيل هدية,دانە,1000,11350,11750,5
6944128617983,رةندة,دانە,1000,599,999,5
5053990107339,ضيثس ثرنطلس قودى سور 40 ط,دانە,1000,850,1250,5
8697439301079,ثسكيت  24 عدد تركي,دانە,1000,4100,4500,5
8993560025021,صابون ديتول 6عدد,دانە,1000,3100,3500,5
8901057524421,ئاف كارتون 60 عدد,دانە,1000,1850,2250,5
6262825801376,سابون سائال ئة كتيف,دانە,1000,1100,1500,5
8697449908145,شير ئالتون سا كيس 300غرام,دانە,1000,1600,2000,5
8690506420956,سابون سائيل 2لتر فاكس,دانە,1000,2100,2500,5
0162300000310077,ثسكيت داجيستيف96ط,دانە,1000,0,400,5
6260003111286,ثسكيت داجيس تف 96ط,دانە,1000,0,400,5
7622100855514,ماربروى شين زراظ,دانە,1000,2600,3000,5
6253503460725,جاطوارشوشة,دانە,1000,350,750,5
6271021041615,شربت داليا,دانە,1000,0,400,5
6261479301126,ريكا شوف ليمو 800مل,دانە,1000,600,1000,5
8695876203734,طةلةشامي  99 ط,دانە,1000,599,999,5
8695876203635,طةلةشامي 15ط,دانە,1000,0,400,5
8690705040160,ملحم مندالان,دانە,1000,0,400,5
8699965895015,نةعنا ئالين,دانە,1000,600,1000,5
6958804186076,ضة خماخ ثريمز,دانە,1000,100,500,5
8697439301406,ثسكيت 24 عدد,دانە,1000,2100,2500,5
8697439304315,نةستةلة طويز هند تورين دبل 24 عدد,دانە,1000,4600,5000,5
8680979257005,ثسكيت تركي 24 عدد,دانە,1000,2100,2500,5
8681270427913,ثسكيت ويفةر تركي,دانە,1000,1850,2250,5
8697439301437,ثسكيت ئوكراني 24عدد,دانە,1000,2100,2500,5
8697439301109,ثسكيت تركي 24 عدد,دانە,1000,4100,4500,5
4084500795297,موكيف ثانتين سعودى 360 مل,دانە,1000,3350,3750,5
6261845701581,ئالينوك طلثارة 600 ط,دانە,1000,2100,2500,5
5925272500582,ثلترى شير,دانە,1000,100,500,5
6262624902960,شير قةهوة عاليس 200مل,دانە,1000,100,500,5
8697439304308,نةستةلة طويز هند 2عدد 42طرام,دانە,1000,0,400,5
8690536855704,كلينس مولفيكس 60 عدد,دانە,1000,1100,1500,5
8690536855100,كلينس تةر مولفيكس 60 عدد,دانە,1000,1350,1750,5
6926292527657,نينيك بر,دانە,1000,1100,1500,5
6263414000613,ريكا تاز طةورة,دانە,1000,600,1000,5
90169540,راوخ قهوة,دانە,1000,1599,1999,5
9008700163118,راوخ قهوة,دانە,1000,1599,1999,5
3061990139788,ثسكيت BN فرنسى 295ط,دانە,1000,1100,1500,5
5908234808285,فينطر ثولةندى,دانە,1000,600,1000,5
8850155000347,شير طندور,دانە,1000,350,750,5
0133000072900011,دوى طدوك بضوك,دانە,1000,100,500,5
5908234808247,فينطر ثولةندى 120ط,دانە,1000,600,1000,5
3061990139795,ثسكيت BN فرنسى 295ط,دانە,1000,1100,1500,5
3061990139801,ثسكيت BN فرنسى 295ط,دانە,1000,1100,1500,5
3061990141354,ثسكيت BN فرنسى 295ط,دانە,1000,1100,1500,5
8690766158361,ثسكيت,دانە,1000,0,400,5
6260729000130,دووى طدو,دانە,1000,100,500,5
9502930974969,محجونددان سنسوداين,دانە,1000,1100,1500,5
6260512201478,خيارشورترادت,دانە,1000,1100,1500,5
6251073000822,ضثس داليا,دانە,1000,0,400,5
0115110184570003,قورم  سبزى طليار,دانە,1000,600,1000,5
0161320297830001,هة مبةرطةى طرينط 100ط,دانە,1000,2350,2750,5
6261845701932,قرمة سبزى طلثارة,دانە,1000,600,1000,5
4823077618284,ثسكيت رةوشةن 150ط,دانە,1000,599,999,5
4823006710324,ثسكيت رةوشةن 150ط,دانە,1000,599,999,5
4823077618253,ثسكيت رةوشةن 150ط,دانە,1000,599,999,5
2017033000714,سةيارة شحن وةنةوشة,دانە,1000,7600,8000,5
8691206060213,سبوق ثيلاو سيتيل سةفةرى,دانە,1000,600,1000,5
0160610041450056,تة مة رهندى,دانە,1000,0,400,5
6260575902800,جيثس بيشل يرانى,دانە,1000,0,400,5
8697423130821,علك فريش,دانە,1000,1600,2000,5
8691720122015,كيك ئةنى هوو,دانە,1000,2100,2500,5
8695820007227,مكسرات مشةكل 420 ط,دانە,1000,2599,2999,5
8695820004424,قهوة كةسكان 350 ط,دانە,1000,4100,4500,5
8695820009320,قهوة كةسكان توز كافكا قودى 200ط,دانە,1000,3100,3500,5
8699104133602,معةتةر جةو 300 ط بخاخ قودي,دانە,1000,2100,2500,5
8699104133596,معةتةر جةو 300 ط بخاخ قودي,دانە,1000,1600,2000,5
8699104133589,معةتةر جةو 300 ط بخاخ قودي,دانە,1000,1600,2000,5
8699104133619,معةتةر جةو 300 ط بخاخ قودي,دانە,1000,2100,2500,5
8699104135644,معتةر جةو ثةمثة قودي,دانە,1000,1599,1999,5
992921,كيك 8ولكةر 55طرام,دانە,1000,0,400,5
8699104135651,معتةر جةو ثةمثة قودي,دانە,1000,1599,1999,5
8699104135583,معتةر جةو ثةمثة قودي,دانە,1000,1599,1999,5
8699104135613,معتةر جةو ثةمثة قودي,دانە,1000,1599,1999,5
8699104135637,معتةر جةو ثةمثة قودي,دانە,1000,1599,1999,5
4820201350300,ثسكيت سويت ئارت,دانە,1000,4350,4750,5
4820201350652,ثسكيت كاكاو,دانە,1000,0,400,5
4820201350676,ثسكيت سويت ئارت,دانە,1000,0,400,5
8680244923055,لوقمة ئوكراني,دانە,1000,0,400,5
8699104131240,معتةر جةو ثةمثة قودي,دانە,1000,1599,1999,5
994921,معتةر جةو ثةمثة قودي,دانە,1000,1599,1999,5
8699104131226,معتةر جةو ثةمثة قودي,دانە,1000,1599,1999,5
8699104131219,معتةر جةو ثةمثة قودي,دانە,1000,1599,1999,5
8699104131257,معتةر جةو ثةمثة قودي,دانە,1000,1599,1999,5
8699104131233,معتةر جةو ثةمثة قودي,دانە,1000,1599,1999,5
4823054604408,كيك سةموني 24عدد,دانە,1000,4599,4999,5
8690506453770,سابون فاكس,دانە,1000,0,400,5
8697403873106,ثة نيرراعى بة قةرة8عدد,دانە,1000,100,500,5
4820201350720,ثسكيت,دانە,1000,0,400,5
8699104135590,معتةر جةو ثةمثة قودي,دانە,1000,1599,1999,5
6261845701451,كشمش طلبارة كيسة 120غرام,دانە,1000,600,1000,5
8693291005278,نةستةلةبيل باك 350ط,دانە,1000,1599,1999,5
8690504957164,ثسكيت ويفةر ديلوكس ئولكةر 24 عدد,دانە,1000,4850,5250,5
8695874788530,طورةى طول جيجة ك عسل,دانە,1000,1600,2000,5
8697704098079,سبوق بيلاو,دانە,1000,350,750,5
8690351170518,كيك تركي 24عدد,دانە,1000,4100,4500,5
6262825800942,سابون سائيل ئةكتيف,دانە,1000,1099,1499,5
8698995513012,ئاف ليمو نةورةس 1 لتر,دانە,1000,600,1000,5
4823017505162,كيك تانطو,دانە,1000,4350,4750,5
8690997155405,شةكروك قودى تركى,دانە,1000,4600,5000,5
8690997172747,شةكروك قودى تركى,دانە,1000,4600,5000,5
8690997158666,شةكروك قودى تركى,دانە,1000,4600,5000,5
8690997166197,شةكروك قودى تركى,دانە,1000,4600,5000,5
8690997172730,شةكروك قودى تركى,دانە,1000,4600,5000,5
3850102111152,كةكةو توز قالك 330ط,دانە,1000,3100,3500,5
3850102506996,كةكةو توز كيس 400ط,دانە,1000,3600,4000,5
8696313001166,مرةبا توركي طيلاس 2 كيلو,دانە,1000,4599,4999,5
8697456422771,نيسكافة بوردون 36عدد,دانە,1000,4100,4500,5
4820201350997,ثسكيت ئوكراني 220 ط,دانە,1000,1100,1500,5
8690504037149,نةستةلة ئةلبةني تاني تان 67ط,دانە,1000,850,1250,5
8697924560455,نوك 5كيلو,دانە,1000,16600,17000,5
8690547021402,جلي ثرتةقال كينتون 80ط,دانە,1000,350,750,5
2017021300857,خاني 2عدد مندالان,دانە,1000,4100,4500,5
6261479301140,ريكا شوف فراولة 800مل,دانە,1000,600,1000,5
6262917100547,زةرد جوثة,دانە,1000,350,750,5
28699284737083,تام كيك 24عدد,دانە,1000,2100,2500,5
80883272,حةبي تيك تاك 16 ط,دانە,1000,350,750,5
80050780,حةبي تيك تاك 16 ط,دانە,1000,350,750,5
80050025,حةبي تيك تاك 16 ط,دانە,1000,350,750,5
80050124,حةبي تيك تاك 16 ط,دانە,1000,350,750,5
6191513503790,ثةنير فرومي 8 عدد,دانە,1000,600,1000,5
6191513503646,ثةنير متوفق 24 عدد,دانە,1000,1100,1500,5
8680694024142,عةسارة نيوال شوشة عسل,دانە,1000,31600,32000,5
8690506090029,كةف ثةمثة ئاركو 200طرام,دانە,1000,2100,2500,5
8681270450881,ثسكيت ئةلديفا,دانە,1000,2100,2500,5
8801038200019,موزدووركو10عدد,دانە,1000,100,500,5
6281007118606,كريم المراعي 170 ط,دانە,1000,599,999,5
6281007032759,ثةنير مراعى سيطوشة 8 عدد,دانە,1000,600,1000,5
6281007169202,ثةنير ساندويج المراعي شرائيح 10 عدد,دانە,1000,2100,2500,5
6281007169004,ثةنير هةمبةرطر مراعى 10 عدد,دانە,1000,2100,2500,5
6281007025799,ثةنير شوشة المراعي 500  ط,دانە,1000,4100,4500,5
6281007042499,ثةنير المراعي شوشة 120ط,دانە,1000,1100,1500,5
6281007043359,ثةنير المراعي شوشة 200طرام,دانە,1000,2100,2500,5
6281007303989,ثةنير المراعي بلوك 454طرام,دانە,1000,5600,6000,5
6281007042765,ثةنير المراعى شوشة 500ط,دانە,1000,4600,5000,5
8695280327101,شةربةت تازج 200مل,دانە,1000,0,400,5
6221048407918,معجون ددان سيطنال سيف 182غرام,دانە,1000,1350,1750,5
2017061602492,بوك ثةروك طةورة,دانە,1000,10599,10999,5
2017061602850,طيتار مندالان,دانە,1000,7100,7500,5
2017061600634,سةيارة نوي دةرطا كارةباي,دانە,1000,15100,15500,5
2017061602195,سةماعة ثاتري,دانە,1000,7600,8000,5
2017061600405,سةيارة سوكان شحن,دانە,1000,9100,9500,5
2017061601518,ليكزيز نوي,دانە,1000,6350,6750,5
2017061601532,وةنةو شةي شحن,دانە,1000,6350,6750,5
2017061601129,دةبابةي كونترول,دانە,1000,8500,8900,5
2017061603550,بوك جولانة طةورة,دانە,1000,4600,5000,5
2017061600603,لاث توث بين تين,دانە,1000,4600,5000,5
2017061602232,ثيانو مندالان,دانە,1000,4600,5000,5
2017061600887,سةيارة و ربوت,دانە,1000,4600,5000,5
2017061601754,دةبانجة ثاكةت طةورة,دانە,1000,6100,6500,5
2017061600559,سةيارة شةن سيباق,دانە,1000,4600,5000,5
2017061600351,بوك مندالان باربي,دانە,1000,5100,5500,5
2017061601259,بوك مندالان باربي,دانە,1000,3600,4000,5
2017061603307,بوك فول مندالان,دانە,1000,3600,4000,5
2017061601365,مةرزي ئاسن,دانە,1000,3100,3500,5
4792007990168,جاي كةسك نعناع 50 ط,دانە,1000,800,1200,5
6934259808299,شامثو روكس 1500 ط,دانە,1000,3100,3500,5
022400393643,شامثو تريسمي ئةمريكي رةش 828م,دانە,1000,4100,4500,5
022400393650,شامثو تريسمي رةش 828 مل,دانە,1000,4600,5000,5
6956135905021,سابون فيتامين قودي,دانە,1000,1350,1750,5
6956135904901,سابون فيتامين قودي,دانە,1000,1350,1750,5
3574661053837,سابون كلين كلير عسل,دانە,1000,1599,1999,5
022400393735,موكةيف تريسمي ئةمريكي 828 مل,دانە,1000,4100,4500,5
4800888149398,شامثو فازلين,دانە,1000,2599,2999,5
6922220143272,كفارك شوشة هينان ساخ 330 ط,دانە,1000,1600,2000,5
6922220143890,كفارك شوشة هينان هوردكرى 330 ط,دانە,1000,1600,2000,5
8886451085177,شير بيدياشور 900 ط فانيل,دانە,1000,20600,21000,5
6281007033190,زبدة المراعى بى خوى 100 ط,دانە,1000,1600,2000,5
6260140800180,بةرداخ ئاو 6 عددد,دانە,1000,2100,2500,5
1164120014080109,طلاس ئاو,دانە,1000,2100,2500,5
6262597800126,كوب 6 عدد,دانە,1000,1600,2000,5
8694919040022,طوشت مريشك 380 ط,دانە,1000,1099,1499,5
6955549302686,مةكينة شاشة كيمى حلاقى j07,دانە,1000,16600,17000,5
6955549316171,مةكينة كيمي عسل 5 دةف,دانە,1000,16100,16500,5
6921027896633,مةكينة ردين نوفا,دانە,1000,6100,6500,5
3800013515464,معجون مندالان ئةستيرة,دانە,1000,599,999,5
9502930974273,فرجة سين سوداين كومثليت,دانە,1000,1000,1400,5
8850002806047,معجون ددان فريش وايت جةمةد 160 ط,دانە,1000,1600,2000,5
8690555511896,فرجة بةنات فيطوري,دانە,1000,1350,1750,5
8697444060251,شةبرمان فاميلى 345طرام,دانە,1000,600,1000,5
8695396476656,سكوتين ثة مثة,دانە,1000,850,1250,5
6281007038980,شير المراعى 150مل,دانە,1000,0,400,5
680678306323,بةرداخ ثيفازي 3عدد,دانە,1000,2100,2500,5
6260575901155,جيثس,دانە,1000,0,400,5
6945905029067,قتاتة ثيلاظ,دانە,1000,100,500,5
6922971050287,قلم دمك عسل,دانە,1000,100,500,5
6952371358584,قتاتة هندر,دانە,1000,1100,1500,5
6933267518565,قلم لاك,دانە,1000,600,1000,5
6941287410295,مساحةى قلم,دانە,1000,100,500,5
6930691028011,قلم ماجيك 4عدد,دانە,1000,1600,2000,5
6946891703092,دةفتةر سيم عسلى,دانە,1000,1100,1500,5
6925462015062,دةفتةرى رةش,دانە,1000,600,1000,5
6932265155451,قةلةم ئاوى,دانە,1000,600,1000,5
6281007032261,شير المراعي سعودى 1لترى,دانە,1000,1100,1500,5
4017100106002,ثسكيت ليبينز ئةلمانى 200طرام,دانە,1000,2600,3000,5
8690504036081,كيك ئة لبةنى,دانە,1000,2100,2500,5
5449000224163,فانتا فواكة بتل 750مل,دانە,1000,100,500,5
6281007032285,شير المراعي 1لتر,دانە,1000,1100,1500,5
54001268,فانتا شوشة سيف 250 مل,دانە,1000,100,500,5
1164390043060020,سفري ساشا عسل,دانە,1000,850,1250,5
6260405200823,ثةنير صباح قودى 900 طرام,دانە,1000,4850,5250,5
9100700220003,حةلاقة ئاسن عسل 10 عدد,دانە,1000,2600,3000,5
5907471413825,ثسكيت ثولةندي  400ط,دانە,1000,2100,2500,5
3902634650033,جيثس   ماستير,دانە,1000,0,400,5
6281007038898,شير كاكاو ئةلمراعى 150مل,دانە,1000,0,400,5
4008960005147,ثةنير ئوبا قودى كةسك 1500 ط,دانە,1000,11100,11500,5
4008960005109,ثةنير ئوبا قودى زةر 1500 ط,دانە,1000,11100,11500,5
5902377000100,ثةنير كودا 150 ط,دانە,1000,599,999,5
5902377000117,ثةنير كودا 150 ط,دانە,1000,599,999,5
3800202650396,ثةنير كافال 50 ط,دانە,1000,100,500,5
3607345380247,معتةر ئاديداس عسل,دانە,1000,2599,2999,5
680678348286,بنك ئيستيكان جى4يو 1خةت زةر 6عدد,دانە,1000,7100,7500,5
8697423130791,علك فريش,دانە,1000,1600,2000,5
6263615800012,سفرةي سةفةرى مةليكا ئيرانى,دانە,1000,100,500,5
2746578017009,مريشك 1700,دانە,1000,3850,4250,5
4651683287880,شةبةكة,دانە,1000,2300,2700,5
8681270440202,ثسكيت بيسرول,دانە,1000,0,400,5
8680697720041,دارك طوجك سيما 300 عدد,دانە,1000,599,999,5
8690536840601,سانتي مولثيد 10 عدد,دانە,1000,850,1250,5
8906000950159,بهارات سون سميل قودي 125 ط,دانە,1000,600,1000,5
8850534117529,شربت قةيسةر,دانە,1000,600,1000,5
6281034007164,باربيكان,دانە,1000,600,1000,5
8681270416610,بسكيت,دانە,1000,0,400,5
8850534102488,شربت قةيسةر,دانە,1000,600,1000,5
6262624902885,شير نارطيل عاليس 200مل,دانە,1000,100,500,5
8850534102440,شربت قةيسةر,دانە,1000,600,1000,5
6262624903066,شير عاليس,دانە,1000,100,500,5
6212202213018,سفن شوشة,دانە,1000,100,500,5
8695280820206,كاروانجي سودة,دانە,1000,100,500,5
8850534102471,شربت قةيسةر,دانە,1000,600,1000,5
6251597000032,فانتا قودي,دانە,1000,0,400,5
6281007032278,شير المراعي ثاكةت 1 لتر,دانە,1000,1100,1500,5
8697423130845,علك فريش,دانە,1000,1600,2000,5
8697423130784,علك فريش,دانە,1000,1600,2000,5
8699141112097,ثسكيت ثيتى ثى 24عدد,دانە,1000,2100,2500,5
5246621004415,ثفك تاثيس,دانە,1000,0,400,5
6986468882614,دةفتةر2بة شى دار,دانە,1000,2100,2500,5
6970451631235,دةفتةر 2بةش,دانە,1000,1100,1500,5
6935324489177,جلدى دةفتةر,دانە,1000,1600,2000,5
6970451631150,دةفتةر3بةش,دانە,1000,2100,2500,5
9780201379952,سفرةى سةفةرى,دانە,1000,350,750,5
7501013100464,شربت جوميكس قودي 500 ط,دانە,1000,1350,1750,5
6251091400888,علك سوبيرمند عسلى 20 عدد,دانە,1000,6600,7000,5
5281112060792,باشترين ريكا ثريل ئةلماني,دانە,1000,1350,1750,5
8690146815211,علك بوبى 100عدد,دانە,1000,1100,1500,5
6917554119536,جيثس كلاسيك,دانە,1000,600,1000,5
9559520922060,دةست كيش10عدد,دانە,1000,9600,10000,5
8803851650187,هةندةسةى مندالان 018,دانە,1000,600,1000,5
4760065708278,معجون مرجان 830 ط تركي,دانە,1000,1350,1750,5
8906076273985,برنج كاكا 10كيلو,دانە,1000,14600,15000,5
8690506485566,سابون فوكس,دانە,1000,0,400,5
6260549164296,نةسوس تةباخ,دانە,1000,600,1000,5
6291111320178,برنج فينال 10كيلو,دانە,1000,15600,16000,5
6192000752509,شامثو سان سليك,دانە,1000,1600,2000,5
1255,بةنيشت,دانە,1000,0,400,5
4760093400366,شةكر قةند 2كيلو,دانە,1000,2350,2750,5
8681146007119,شةكر 5كيلو مرجان,دانە,1000,4600,5000,5
4760093401295,شةكر قةند 4 كيلو,دانە,1000,4600,5000,5
8699182386457,كلينس بيفي تةر,دانە,1000,600,1000,5
250,سيمة ئامان,دانە,1000,0,400,5
8001189055487,بةنيشت حيات 100عدد,دانە,1000,2100,2500,5
200,ثفةك,دانە,1000,0,400,5
750,بهارات قالك,دانە,1000,350,750,5
8690526006680,كيك ئةديكو 180ط,دانە,1000,1100,1500,5
6260644100014,خيارشوربامادا,دانە,1000,1300,1700,5
8697404263722,زةيتون رةش ئارشيا قودى سور 1200غرام,دانە,1000,3600,4000,5
8697465210550,مرةباى هة زير,دانە,1000,850,1250,5
8681221511333,مرةباى طيزةر يارا 380 ط,دانە,1000,600,1000,5
6935543220414,شةكروك ئيموجى 60غ,دانە,1000,600,1000,5
8691066111643,ويفر جطارة تايم قودى 120 ط,دانە,1000,1600,2000,5
77,قايش ثياوان,دانە,1000,2100,2500,5
8697439301093,ويفر  تركي,دانە,1000,0,400,5
8690504040927,ثسكيت ديلوكسى فراولة 39طرام,دانە,1000,0,400,5
6925682885162,دمك قةلةم 0.7,دانە,1000,0,400,5
8697420530044,كلينس معتةربجوك,دانە,1000,0,400,5
8690536011124,كلينس ثاثيا 8 عدد متبخ,دانە,1000,5600,6000,5
8690536010837,كلينس ثاثيا 16 رول حمام,دانە,1000,5599,5999,5
8690536010042,كلينس ثاثيا 16 رول حمام,دانە,1000,5599,5999,5
6260502400584,ثةنير توريس لاكيشة 800طرام,دانە,1000,2600,3000,5
8691066151625,ويفر جطارة تايم قودى 120 ط,دانە,1000,1600,2000,5
8690526006468,ثوث كيك ضوكولاتة عايلى 144طرام,دانە,1000,1600,2000,5
8681270452854,ويفر 24عدد ئةلديفا,دانە,1000,2100,2500,5
8695876203741,طةلمةشامى كيس 85ط,دانە,1000,599,999,5
6263414000590,ريكا تاذ ملةون,دانە,1000,350,750,5
8690547182028,ثوردينك توز كينتون 100ط,دانە,1000,600,1000,5
8695280326203,شربت قودي تازج 250مل,دانە,1000,0,400,5
8006170011824,ماجي يةلدا 40 عدد,دانە,1000,1350,1750,5
8690536014415,كلينس ثاثيا كارتون 120 عدد,دانە,1000,600,1000,5
8697924561490,دان بيل باك,دانە,1000,100,500,5
6295120018941,فانيشى 1800ط +500ط,دانە,1000,9599,9999,5
6295120024546,جيهازى معتةر يماراتي,دانە,1000,9500,9900,5
6295120012352,ديتول بةخاخ يماراتي عسل,دانە,1000,6100,6500,5
8690570527049,فانيش 1 لتر تركي,دانە,1000,2600,3000,5
6295120010167,ديتول 4×120ط   يمارات,دانە,1000,4500,4900,5
6295120010150,ديتول 4×120ط   يمارات,دانە,1000,4599,4999,5
4014400915945,شةكروك ئةلماني 50 ط,دانە,1000,370,770,5
40144016,شةكروك ئةلماني 50 ط,دانە,1000,370,770,5
4014400916607,شةكروك ئةلماني 50 ط,دانە,1000,370,770,5
8690511191278,ريكا ABC سثى 750 مل,دانە,1000,1350,1750,5
50158980,صابون ديتول سعودى 120غرام*6عدد,دانە,1000,5600,6000,5
8690481126515,كيك هيطوا 24 عدد,دانە,1000,2100,2500,5
8690451709793,كوبة طوزدة 320 ط,دانە,1000,1599,1999,5
8691720022018,كيك ئةنى هوو,دانە,1000,0,400,5
4015400624615,سانتي ئولوةيزي دةبل عسل,دانە,1000,2300,2700,5
111,كونجي,دانە,1000,0,400,5
5053990107261,جيثس قودي برينجلس40 ط,دانە,1000,599,999,5
5500,خوئ زير كارتون,دانە,1000,3600,4000,5
0,هيلك,دانە,1000,600,1000,5
3000,هيلك سثى مريشك 30 عدد,دانە,1000,5100,5500,5
999,ئةشيا مندالان,دانە,1000,600,1000,5
8695543003414,ثةنير حلوم مورادبىَ 200طرام,دانە,1000,3600,4000,5
800,سابون حلب عسل,دانە,1000,600,1000,5
950,شربت خالقي 450 مل,دانە,1000,850,1250,5
8420701103459,زةيت زةيتون RS ئيسثانى 250مل شوشة,دانە,1000,4600,5000,5
6001106298494,صابون ديتول سعودى 120غرام*6عدد,دانە,1000,5600,6000,5
2250,ئاف 60 عدد,دانە,1000,2100,2500,5
112,بةنيشت,دانە,1000,0,400,5
99,كيك تركي   + لوقم,دانە,1000,0,400,5
6260430981377,عةلاطةى كةثس فودباك 25*35 15 عدد,دانە,1000,850,1250,5
1000,طورة,دانە,1000,600,1000,5
1750,ئاف قةزةم,دانە,1000,1600,2000,5
775,خوي 5 كيس,دانە,1000,350,750,5
2816578017009,مريشك لاديس 1700,دانە,1000,3850,4250,5
9000,شةكر 10 كيلو,دانە,1000,7600,8000,5
4820201350737,ثسكيت,دانە,1000,0,400,5
3500,ماست خومالى,دانە,1000,3600,4000,5
1700,ليفك خوششتن عسل,دانە,1000,2100,2500,5
8908000676589,برنج هانا 5كيلو,دانە,1000,7100,7500,5
100000,سوسيس تركي +سوسيس ئيرانى,دانە,1000,0,400,5
1002,كارتى 1000ى كورةك,دانە,1000,850,1250,5
850,بايظوك كيسك,دانە,1000,450,850,5
0162300011130008,كريم دار مينو,دانە,1000,350,750,5
8888021100174,ثاتري 9فولتي امريكي,دانە,1000,1100,1500,5
8888021205404,ثاترى ئة مريكى سةعةت AA1,دانە,1000,600,1000,5
10000,طورة,دانە,1000,1100,1500,5
8887290151108,كاثوجينوماكولاتة,دانە,1000,1600,2000,5
8887290102148,شوكلاتة ماكولاتة,دانە,1000,2100,2500,5
6261845701284,زريشك طولثارة 50طرام,دانە,1000,600,1000,5
8690536023028,كلينس ثاثيا250عدد,دانە,1000,1100,1500,5
8690536903870,تايت بينطو 4كيلو   + هدية,دانە,1000,8350,8750,5
7501013100112,شربت جيميكس 500ط,دانە,1000,1350,1750,5
0162410017650002,مشمشوك بضوك رافة,دانە,1000,1600,2000,5
6260512200051,سركة ترردت 3لتر,دانە,1000,1350,1750,5
6260308320222,معجون تةماتة سحر شوشة 1570 ط,دانە,1000,3100,3500,5
3600521899861,شامثو   يثيك  سثي,دانە,1000,1100,1500,5
0133400050240075,ثةنير توريس لاكيشة 800طرام,دانە,1000,2600,3000,5
8000380004942,ويفر لواكر 250 ط فانيلا,دانە,1000,3100,3500,5
87248883,ماربروى سور,دانە,1000,2100,2500,5
8695280326104,شربت تازج  قودي,دانە,1000,0,400,5
500,فاص صحت اصلى 1 لتر,دانە,1000,600,1000,5
4796002519447,جاى دوغزالى كيسة كةسك 400غرام,دانە,1000,4100,4500,5
550,لةثكيراني اسل,دانە,1000,600,1000,5
3001,سينط تركي هيسك,دانە,1000,2600,3000,5
2000,شمك مندالان,دانە,1000,1600,2000,5
30000,كارت FTTH,دانە,1000,29600,30000,5
6281007032391,شير المراعي سعودية 1لتر × 4عدد,دانە,1000,5600,6000,5
6281007032414,شير المراعي سعودية 4عدد 1لترى,دانە,1000,5600,6000,5
5908234807844,ثسكيت ثولةندى 100ط,دانە,1000,100,500,5
6294006690059,فةحم نيرطيلة ئيسكاثى 18 عدد,دانە,1000,600,1000,5
8691707191669,ثسكيت لامونت 40ط*24طرام,دانە,1000,4850,5250,5
4711476616621,قهوة قودي240مل,دانە,1000,599,999,5
3600521900086,شامثوى ئيثةك 600 مل,دانە,1000,1350,1750,5
8697448851176,ساظار هةسثى رةش 5 كيلو,دانە,1000,6600,7000,5
6937266704332,دةفةموز 10 عدد ئافرةتان عسل,دانە,1000,3599,3999,5
6260962398070,سركة,دانە,1000,600,1000,5
8697460393708,شربت توز,دانە,1000,1100,1500,5
8691707035260,نةستةلة سولين ضوكولاتة 27غرام,دانە,1000,0,400,5
6261845700621,بهارات دولمة طلبارة قالك 65طرام,دانە,1000,350,750,5
6262917100158,بهارات مريشك قالك دلنام,دانە,1000,350,750,5
8697456422764,نيسكافةى بودرون,دانە,1000,4350,4750,5
5053990118793,جيثس ثرنجلس40غرام,دانە,1000,600,1000,5
2999,توفك 3500,دانە,1000,3100,3500,5
40111216,نةستةلة بونيت طويزهند57غرام,دانە,1000,350,750,5
8699234200083,ماستى يوساش,دانە,1000,1850,2250,5
8888021205411,ثاترى ئة مريكى كونترول AAA1,دانە,1000,600,1000,5
6281007035187,شير المراعي تايبةت بة جاي,دانە,1000,600,1000,5
6281007026420,ثةنير شيدر المراعي 10 عدد,دانە,1000,2100,2500,5
8697462453110,مةموك ميذ,دانە,1000,350,750,5
8698529300149,حلواى سةيدوطلو فستةقى 300 ط,دانە,1000,3600,4000,5
8004123002769,زةيت زةيتون باسو ئيتالى 5ليتر,دانە,1000,40600,41000,5
6260575902923,جيثس باتو 55ط,دانە,1000,100,500,5
5941895900158,ثسكيت  24 عدد تركي,دانە,1000,4100,4500,5
5449000664990,فانتا بتل سيف,دانە,1000,850,1250,5
8691720131055,سويس رول ئةني 24 عدد,دانە,1000,2100,2500,5
8681270424882,كيك ئةلديفا 24 عدد,دانە,1000,2100,2500,5
8697423130852,علك فريش,دانە,1000,1600,2000,5
8699965894759,سير هاراو ئالين ثاكةت 35طرام,دانە,1000,600,1000,5
6925051900465,علك سوكار,دانە,1000,0,400,5
8690504126003,ئة لثيلاى قالك,دانە,1000,2350,2750,5
8697901922405,حةفازةى ئةلماس 24عدد رةقةم 3,دانە,1000,2600,3000,5
8690351170204,كيك 24 عدد تركي,دانە,1000,4100,4500,5
8697901922528,كلينس تةر 102 عدد,دانە,1000,599,999,5
42225645,ثاكيت روزمةن,دانە,1000,1100,1500,5
8690351170501,كيك,دانە,1000,0,400,5
6942210300034,قةلةم ماذيك 12عدد,دانە,1000,0,400,5
8691720106220,كيك ئةني 24 عدد,دانە,1000,4100,4500,5
8680782523557,جيثس ثاتوز 100ط,دانە,1000,600,1000,5
8690526067520,نةستةلة يتي 75ط فستةق,دانە,1000,600,1000,5
4820201350829,ثسكيت سويت ئارت,دانە,1000,2100,2500,5
4820201350782,ثسكيت سويت ئارت,دانە,1000,2100,2500,5
8690351170235,كيك فولوم,دانە,1000,4100,4500,5
90384585,حةبى ئةلمانى قودى,دانە,1000,1100,1500,5
9120025835409,حةبى ئةلمانى قودى,دانە,1000,1100,1500,5
6923364600683,سةرة مةموك 2عدد,دانە,1000,350,750,5
00881670303,كارت كورك,دانە,1000,5600,6000,5
1500,كةباب كيس,دانە,1000,1100,1500,5
6251073001935,ثفك,دانە,1000,0,400,5
8697422631039,ماجي زير,دانە,1000,0,400,5
555,توفك 1 كيلو هوستا,دانە,1000,2600,3000,5
9556218120067,جيثس قودي 75 ط,دانە,1000,599,999,5
6262624902915,شير  موز عايس 1لتر,دانە,1000,1100,1500,5
6262624902953,شير كةكةو عاليس 1لتر,دانە,1000,1100,1500,5
6281006437708,شامثوى دوظ تقليد,دانە,1000,1600,2000,5
8690351070122,كيك,دانە,1000,0,400,5
8691720022025,كيك,دانە,1000,0,400,5
62901703,مربروى رساسى,دانە,1000,1100,1500,5
7622100913313,ماربر طولد ستور اسل,دانە,1000,2850,3250,5
8691720122022,كيك واو ئةني 24 عدد,دانە,1000,2100,2500,5
6297000191065,شير الوةزير كيس,دانە,1000,850,1250,5
400,كةباب لةزيز,دانە,1000,1100,1500,5
8699965897590,ريكا ئالين1000ط,دانە,1000,450,850,5
8680979257715,ثسكيت مارشمالو,دانە,1000,4100,4500,5
40084107,هيلك كيندةر,دانە,1000,600,1000,5
4000,توفك سةر ثةلا,دانە,1000,3600,4000,5
666,لةثك ثةروك,دانە,1000,100,500,5
6281007037389,ثةنير المراعي شوشة 200 ط,دانە,1000,1550,1950,5
55555,ميلاك,دانە,1000,1300,1700,5
8690526607290,يتي وان تت,دانە,1000,4350,4750,5
5998067326445,ثةنير 50ط,دانە,1000,0,400,5
7730108002189,ماسى قةت قةت,دانە,1000,3600,4000,5
53887000307078,ثةنير جبال الآلب 175ط,دانە,1000,1300,1700,5
8690451706297,كةباب طوزدة 250 ط,دانە,1000,1100,1500,5
2800148009006,شةثيلك تركي,دانە,1000,3100,3500,5
6268280600158,سير شوشة,دانە,1000,2600,3000,5
8681406330643,معجون زيو 800ط,دانە,1000,1350,1750,5
6951173801687,كفارك قودي هورد مليكا 400 ط,دانە,1000,600,1000,5
8697439303523,قةيماخ كةكةو ستل شوكونوت 400 ط,دانە,1000,1350,1750,5
8695820007210,مكسرات مشةكل 800 ط,دانە,1000,3599,3999,5
80176800,نوتيلا شوشة 750 ط,دانە,1000,8100,8500,5
8681075040751,تةحين ساحل,دانە,1000,1850,2250,5
8695820007234,مكسرات مشةكل 200ط,دانە,1000,1599,1999,5
8001225001249,دوشاف تري شوشة,دانە,1000,1600,2000,5
8680848173085,موكةيف سيما 750ط,دانە,1000,1100,1500,5
5285002368340,شامثو مندالان 969    500 ط,دانە,1000,3000,3400,5
6253350500506,شير وةردة كيس,دانە,1000,600,1000,5
5900486111120,ثةنير كودا تمت 80غرام,دانە,1000,350,750,5
6260007461288,ثةنير ثيطا 200 ط,دانە,1000,599,999,5
8681270455817,نةستة لةى توركى24عدد,دانە,1000,4100,4500,5
8697449917345,كاثوجينو محمود 12 عدد,دانە,1000,1600,2000,5
6930416007703,لايت فانوس,دانە,1000,8100,8500,5
6215343579074,حةلوا خير قالك فستةق 400ط,دانە,1000,2100,2500,5
8681299300877,حةلوا سادة السرةت,دانە,1000,1600,2000,5
8690547130029,كاستةر ظانيلا كينتون ثاكةت 100طرام,دانە,1000,350,750,5
8690547188259,كاستةر فراولة كينتون ثاكةت 100طرام,دانە,1000,350,750,5
8690547188266,كاستةر كينتون 100 ط,دانە,1000,600,1000,5
8681705004818,ثالطة ثينط شوشة 300ط,دانە,1000,2300,2700,5
6221048062353,شامثو جسم لوكس 500ط,دانە,1000,3500,3900,5
50158928,دةرمان ديتول منةزم عام 500مل,دانە,1000,4600,5000,5
8698995513968,زةيت زةيتون يتالي 500ط,دانە,1000,2599,2999,5
8001225006077,ئاف ليمو 1 لتر تركي,دانە,1000,599,999,5
50158935,ديتول معتر عام 750 مل,دانە,1000,7100,7500,5
6260171540055,لازانيا مانا 300طرام,دانە,1000,2350,2750,5
5285002366490,شامثو 969 امريكي   750ط,دانە,1000,5100,5500,5
5285002366544,شامثو كيراتين 969 1000 مل,دانە,1000,5100,5500,5
8697420534462,كلينس فريش 100 عدد,دانە,1000,599,999,5
6921782639933,كريم سةروجاف ساف كرن,دانە,1000,2100,2500,5
6291069651034,زةيت ظاتيكا 200مل,دانە,1000,3100,3500,5
022400673134,كراتين امريكي  700 ط,دانە,1000,5599,5999,5
8699956600413,دارك طوجك 300 عدد ئةكورد,دانە,1000,600,1000,5
8682586574520,ساس زيو عيراقي,دانە,1000,150,550,5
8698349587348,دةرمان تا رةش كرن 500 ط,دانە,1000,1099,1499,5
6291069651058,زةيت ظاتيكا طويز هند 200 مل,دانە,1000,3100,3500,5
6291069704051,زةيت ظاتيكا سير 200 مل,دانە,1000,3100,3500,5
054881004787,جا احمةد كةسك 100 عدد,دانە,1000,2599,2999,5
8698995511940,نيسك نةوراس 700ط,دانە,1000,1100,1500,5
8698995512039,ماش 700ط   نةوراس,دانە,1000,1350,1750,5
8698995511926,دان نةوراس700ط,دانە,1000,350,750,5
8698995511865,دان كوت نةوراس 700 ط,دانە,1000,250,650,5
6926384067245,جةرخ تةباخ   غاز,دانە,1000,350,750,5
8887290101080,نيسكافة سترونط ماك كوفى 20 عدد,دانە,1000,3100,3500,5
8887290145237,نيسكافة ماكوفي 25 عدد,دانە,1000,3100,3500,5
8887290140003,شير قهوة ماك كوفى 300طرام,دانە,1000,3100,3500,5
8887290130028,قةهوة ماكوفى شوشة ئةصلى 100ط,دانە,1000,4100,4500,5
8887290130097,قةهوة شوشة ماكوفي 100طرام,دانە,1000,5100,5500,5
6260393120394,شير بيبيلاك 400 طرام رقم 4,دانە,1000,6600,7000,5
6210551031017,بن حموي هيل 200غرام,دانە,1000,1000,1400,5
7613034981653,سريلاك نةستةلة دةخل هنطفين 6 مانطي 400غرام,دانە,1000,2600,3000,5
7613034981165,سريلاك نةستةلة دةخل خورما 6 مانطي 400غرام,دانە,1000,2600,3000,5
8690555512787,فرجة بةنات سويثي,دانە,1000,1100,1500,5
7613034981448,سريلاك نةستةلة برنج 6 مانطي 400غرام,دانە,1000,2600,3000,5
7613034981714,سريلاك نةستةلة 8 مانطي 400 ط,دانە,1000,2600,3000,5
8887290130257,قةهوة ماكوفي شوشة 50طرام,دانە,1000,2850,3250,5
7613034981745,سريلاك نةستةلة دةخل و فيقي 6 مانطي 400غرام,دانە,1000,5350,5750,5
8850002806085,معجون ددان فريش وايت 160طرام,دانە,1000,1600,2000,5
8698995513685,زةيت زةيتون نةورةس 250مل,دانە,1000,1350,1750,5
8681282303175,طوشت بوردون 400 ط,دانە,1000,1099,1499,5
8681146007232,طةلمة شامي زيو 700ط,دانە,1000,550,950,5
8697713834125,شامثو كليكس 600 ط,دانە,1000,1100,1500,5
8697713834118,شامثو كليكس نعناع 600 مل,دانە,1000,1100,1500,5
6001067003366,معجون ددان كولطاتي 100 مل,دانە,1000,1600,2000,5
8690627023401,قةهوة محمود ئةفةندى قودى 250 ط,دانە,1000,7100,7500,5
0165220096230004,سركة سثي,دانە,1000,1100,1500,5
4015400457848,سانتي ئولوةيز عسل,دانە,1000,1100,1500,5
8697713832817,دةرمان طيسك مافير ئةسثي روكس,دانە,1000,1850,2250,5
054881004732,جا احمد كةسك 25 عدد,دانە,1000,599,999,5
3574661094205,سابون جون سون  6 عدد,دانە,1000,2100,2500,5
8680713013690,فاسولي سور 700ط,دانە,1000,1390,1790,5
3384122102383,لةثك ماليزي عسل,دانە,1000,1100,1500,5
6211002513403,شير نيدو سثي كيسة 2250 ط,دانە,1000,19350,19750,5
8009685000109,ئار يتالي 1كيلو,دانە,1000,1100,1500,5
9501033116023,شير المدهش 900 ط,دانە,1000,8100,8500,5
9501033116030,شير المدهش 1800 ط,دانە,1000,10500,10900,5
6001106298548,صابون سائل ديتول 200مل,دانە,1000,3100,3500,5
6295120024447,سابون سلئيل ديتول,دانە,1000,2599,2999,5
8697405602247,غاز جرخ,دانە,1000,350,750,5
5020105002537,معجون ثيرفيكت ددان,دانە,1000,2100,2500,5
6210004110351,كشمش تاك 150ط,دانە,1000,600,1000,5
0160690091010002,ترشوك 20ط,دانە,1000,0,400,5
2161240147930027,ريكا شوف,دانە,1000,350,750,5
8690511002598,موكيف هاير 725مل,دانە,1000,1100,1500,5
6260161506450,خامة  كالة 200طرام,دانە,1000,600,1000,5
6260720205220,ثةنير 50ط,دانە,1000,1850,2250,5
6787200436788,كاغةزي ثيتزا 30 م,دانە,1000,1600,2000,5
6927200436788,كاغةزي بن ثيتزا و مريشك,دانە,1000,1350,1750,5
6260176808471,ماست ميهن 900طرام,دانە,1000,2600,3000,5
8690451710188,سينط طوزدة 900 ط,دانە,1000,3600,4000,5
8690158120327,ثةنير كريمي 250 ط,دانە,1000,2100,2500,5
8699965895596,بهارات,دانە,1000,600,1000,5
6260424800028,ثةنير نوبر,دانە,1000,100,500,5
8697707360081,ماست 1 كيلو,دانە,1000,1000,1400,5
8697449917673,كاثو جينو 12 عدد,دانە,1000,1350,1750,5
3518070022046,شير نوفالاك,دانە,1000,8100,8500,5
6261479301089,فاص شوف 1لتر,دانە,1000,600,1000,5
3600521900017,شامثو   يثيك  سثي,دانە,1000,1100,1500,5
6210551011101,بن حمو 500 ط,دانە,1000,6100,6500,5
6260161509543,ثةنير كالة روجا 300 ط,دانە,1000,1350,1750,5
8693330991739,لور 350غرام تركي,دانە,1000,1600,2000,5
6260161504913,شير  كالة شين 1000مل,دانە,1000,1350,1750,5
6260424800097,ثةنير نوبر بياز,دانە,1000,1100,1500,5
6500,طويز ساخ كيلوى كيلوى,دانە,1000,4600,5000,5
9445144894114,حلواى شام 400ط,دانە,1000,1600,2000,5
6955549350175,مةكينةى ردين كيمى 5017,دانە,1000,8600,9000,5
8001225006152,هة نطوين رةوعة450ط,دانە,1000,1100,1500,5
8001225006039,هة نطوين رةوعة225ط,دانە,1000,600,1000,5
4820107359780,شة ثيلك 900 غرام,دانە,1000,2600,3000,5
6260161527097,شير موز كالة,دانە,1000,100,500,5
089686060461,ئةندومى ثوث مى بةرداخ 60طرام,دانە,1000,100,500,5
6951173801670,كفارك مةليكة ساخ 400 ط,دانە,1000,600,1000,5
6260171523256,رذدةى مانا برغى 500ط,دانە,1000,600,1000,5
6260161525543,شير كالة 250 ط,دانە,1000,100,500,5
8697412093625,ثةنير باكراج 250ط,دانە,1000,1850,2250,5
8698995190008,معتةرجةو,دانە,1000,1500,1900,5
8690506461614,سابون دورو  90ط  ×6,دانە,1000,1400,1800,5
6281006480506,سابون لوكس سعودي 6*170طرام,دانە,1000,5350,5750,5
8697422930910,شةكروك شوراى 2كيلو,دانە,1000,6600,7000,5
8680313531631,ئاف ليمو مور,دانە,1000,250,650,5
6260002930413,جيثس كيش 50ط,دانە,1000,100,500,5
8699073638009,طورة تركي زنان,دانە,1000,1100,1500,5
897754959520,سيمة ئامان,دانە,1000,350,750,5
8693029702042,جيلى قالك,دانە,1000,600,1000,5
6260149140058,سفرى سة فةرى سايا,دانە,1000,100,500,5
8690526098043,نةستةلةى ئيتى ��~u罛�׬�h���LCB�M��L�NMK6-v)�-H6a�)�,H6+�)�b�avb6a�+�6-6b6-6*H��ava6+�)�a��KLM��CB��L����L͍K6+�)�-6`�)�a�+�a�6`�,vb�aH6*�,�`�b�*�6-�a6b6,v)�6-6b6-6*H�L6-�,v)�aK6+�)�a��KL���CB��M��M�����6-v)�-H6,�*v,v`�b�`�6*�b6*�b�a�-�v`�-�6+�)�a��KLLLCB��M�M�M��6+v*va6b6)�6)�a6-6`v)�(H6`�)�a6`�6-�,v)�aK6+�)�a��KLL�LM�LCB��L��L�6`�)�a6`�bH6-v)�*6b6a�6+�b�b6)�,H6`�-�v.v+�+�6+�)�a��KLLL�LCB����M��LM��K6`�)�a6`�bH6-v)�*6b6a�6+�b6av)�a�6+�)�a��KL�LCB��MM�MNL���6+v*va6)�`�*vbH6+�b�b6)�,H6`�)�b6*vbH�LK6+�)�a��KL���CB��NNM�M�͌K6+v*va6)�`�*vbH6+6a6`�6+�b�b6)�,H6)�)�,�a�LK6+�)�a��KL�L�LCB��MMNML�6+v*va6)�`�*vbH6+6a6`�6)�)�,�a�6-�b�b6*HL�6+�)�a��KLLL�LCB�L�M̎M�6+�*v.6*vavb6,�6+�b6,v`�b6+�*v.6bHv.v+�+�6+�)�a��KLLL�LCB������LLNL�6-6b�,vavb6,�6)�b�.6*v,H6+�*vbHva6*�,K6+�)�a��KLM��CB������LLNM6-6b�,H6`�)�`�)�b6)�b�.6*v,H6+�*vbHva6*�,K6+�)�a��KLM��CB���L��LL��6*�b�*�,�bH6*6*�a�6ava6+�)�a��KLCB����M͎�LLLK6-6b�,H6`�)�`�)�b6avb�a�a��6ava6+�)�a��KLLLCB��L�M�L�L�K6+�)�,v`�bH6-�b6+6`�6*�)�*�a6b�b6a�6`�)�a6`��6.v+�+�6+�)�a��KLLLMLCB��ML���LMMK6,�*6b6`�bH6,v*v-6bH6*�b�a6)�b6*6b�`�bH�vava6+�)�a��KL�LCB���NNMM�M��6,�*�b�`�6+�+6)�+6+�a�b6`�6+�)�a��KL�L�LCB���MM�LMK6+6-�)�,v*vbH6*�)�,v,�)�6+�)�a��KL�L�LCB�����M�K6+�*v.6*vavb6,�6+�b6avb6,��+�*v.6bHv.v+�+�6+�)�a��KLLL�LCB����M����6+�)�,v`�bH6+�+�)�a�6a6)�,�*�b�`�6a�)�bH6+�b�c�a�*��6.v+�+�6+�)�a��KLLL�LCB����M���L�6+�)�,v`�bH6+�+�)�a�6a6)�,�*�b�`�6a�)�bH6+�b�a�*��6.v+�+�6+�)�a��KLLLMLCB��L�M�L���M6`�a6b�a�,�bH6ava�+�)�a6,�b6a6)�L�.v+�+�6+�)�a��KL�LCB�����MNM�6+�*v.6*vavb6,�6,6a�)�a�6+�b6avb6,��+�*v.v.v+�+�6+�)�a��KLLL�LCB�NL�M�NML6-6)�av*�b6bH6ava�+�)�a6,vb6,�6a6)�b�`HL6ava6+�)�a��KL͌CB�L�LNLNK6avb6`�*vb�`J�+�*v,v,�bJ�+v*v*6a6)�b�`H6*�)�b6*v,HML6ava6+�)�a��KLL�LL�LCB�L�LNL�6-6)�av*�b
�+�*v,v,�bJ�+v*v*6a6)�b�`H6*�)�b6*v,HML6ava6+�)�a��KLL�LL�LCB��M��͍�6`�b6a6b6a�b�)�6+6b�a6)�6ava6+�)�a��KL�L�LCB���͍̍̍K6av.v+6b6a�6+�+�)�a�bH6ava�+�)�a6+�b6a�*�b6+�b�a�*�L6ava6+�)�a��KL�L�LCB����LL��6av.v+6b6a�6+�+�)�a�bH6ava�+�)�a6+�b6a�*�b6+�b�a�*�L6ava6+�)�a��KL�L�LCB��LLK6`v)�-H6`vb�,v,�L6ava6+�)�a��KL�LCB�ML�MML���6`v)�-H6`vb�,v,�L6ava6+�)�a��KL�LCB�NN��L̍��6.�,�b6a6+�*vavb6-�)�b6*�b6b�,�L6-�,v)�aK6+�)�a��KL�LCB��M���̎6av.v*v*�*v,H6+6a6`�6,�b�av*�)�`��a6*�,K6+�)�a��KL�LCB��M����LK6av.v*v*�*v,H6+6a6`�6,�b�av*�)�`��a6*�,K6+�)�a��KL�LCB��M�����K6av.v*v*�*v,H6+6a6`�6,�b�av*�)�`��a6*�,K6+�)�a��KL�LCB��LLLLLL6-�b6a6)�`H6*�,v-�6a�)�b�,H�6ava6+�)�a��KL͌CB��M�L̍�K6)�)�b6bH6+6)�aHL6avaP��6+�)�a��KL�LCB����M��L�6+�)�.6bH6+�+�)�a�6)�)�a6b6)�b�*�L6aK6+�)�a��KLLLMLCB����LL�L��6a�*v,�*�*va6*H6*�b6b�`�,�6`�)�,v)�avb�aL6.�,v)�aK6+�)�a��KL�L�LCB��M����L�6a�*v,�*�*va6*H6,�a�b�-�b�,v,�6+�)�,v`��-�,v)�aK6+�)�a��KL�L�LCB�����LL�L�6*6b�,�`�b6b�*�6av)�+�,H6`�)�,v*�b6a��L6-�,v)�aK6+�)�a��KL�LCB��L͍�L̎MN6a�*v,�*�*va6*H6)�*va6*�a6)����6+�)�a��KLCB��L͍�M��6a�*v,�*�*va6*H6)�*va6*�a6)�����6+�)�a��KLLL�LCB�LLMNM�L�K6-6)�av*�b6bH6*�b�,v,�b�a6+6a6`�M�L6ava6+�)�a��KLNL��LCB��LLLLLL��6-6)�av*�b6bH6+6a6`�P���6ava6+�)�a��KL�LCB���L��L�K6av.v*v*�*v,H6+6a6`�6b�b6avb6-M6ava6+�)�a��KLLLCB��L��MK6+�*v,vav)�a�6*6b6,vbH6*�b6,v+6b6,�H6a6*�,K6+�)�a��KL�L�LCB�LLMM�M��6+�*v,vav)�a�6*�*va6*vb6a6*v`�*H6`vb�a�b�-�L6ava6+�)�a��KL���CB�LLMM�MNM6av.v*v*�*v,H6+6*vb6+6a�)�,�6)�)�b�,H6b6b�`��L6ava6+�)�a��KL͌CB�LLMM�M�L�6av.v*v*�*v,H6+6*vb6+6a�)�,�6)�)�b�,H6b6b�`��L6ava6+�)�a��KL͌CB�LLMM�ML�NMK6av.v*v*�*v,H6+6*vb6+6a�)�,�6)�)�b�,H6b6b�`��L6ava6+�)�a��KL͌CB�LLMM�M��L6av.v*v*�*v,H6+6*vb6+6a�)�,�6)�)�b�,H6b6b�`��L6ava6+�)�a��KL͌CB�LLMM�M��͋6av.v*v*�*v,H6+6*vb6+6a�)�,�6)�)�b�,H6b6b�`��L6ava6+�)�a��KL͌CB�LLMM�M�ML6av.v*v*�*v,H6+6*vb6+6a�)�,�6)�)�b�,H6b6b�`��L6ava6+�)�a��KL͌CB�LLMM�MLM̌K6av.v*v*�*v,H6+6*vb6+6a�)�,�6)�)�b�,H6b6b�`��L6ava6+�)�a��KL͌CB�LLMM�M̌���6av.v*v*�*v,H6+6*vb6+6a�)�,�6)�)�b�,H6b6b�`��L6ava6+�)�a��KL͌CB������N�LL�6,�)�*6b6a�6,�)�)�b�a6)�*v`�*�b�`H��L6ava6+�)�a��KLLLMLCB������N�M6,�)�*6b6a�6,�)�)�b�a6)�*v`�*�b�`H��L6ava6+�)�a��KLLLMLCB������N�NK6,�)�*6b6a�6,�)�)�b�a6)�*v`�*�b�`H��L6ava6+�)�a��KLLLMLCB�����͎�6`�*v+6`�6a�)�a�6+�)�,va�6,�*v`v*v,vbH�H6.v+�+�6+�)�a��KL�LCB��M̍L�M�6-6b6,v*�6*�b�)�b6)�a�6+6b�)�a�-6b6+�)�a��KL͌CB��MM�L�L�M͍�6-6b6,v*�6*�b�)�b6)�a�6,�*�,vb6a�-�6*6b6bK6+�)�a��KL͌CB��M̍L�M̎6-6b6,v*�6*�b�)�b6)�a�6+6b�)�a�-6b6+�)�a��KL͌CB���L�̌̌�NK6*�`v*v`�6avb6a�-6b�,�6`�,v)�a�+6bK6+�)�a��KLCB��M�NM�����6-6*v,v*6*v*�6a�)�b�,�6`vb6+�6+�)�a��KLCB��M̍L�M��6-6b6,v*�6+6b�)�a�-6b6*�b�)�b6)�a�6)�-va6+�)�a��KL͌CB��M̎L�LL�6-�b6`v,vb�*�6`v,�*�*v`�6+�b6*6*vbHͶ-�6+�)�a��KLLLMLCB��M̍LM��L�K6`v,v-�*vbH6+�+�)�a�bH6ava�+�)�a6-�b�a�bK6+�)�a��KLLL�LCB���M̌��K6av+6*v`v*vbH6*�,v-�6a�b�b6)�aM�6b6)�*��ML�6+�)�a��KLNM��CB��LL��NNK6av*v`�b�a�*vbH6avb6`va6b�*�,�6)�-va6bK6+�)�a��KLM�LCB�L�L�NLNM�6a6b�`v`�6+�b6-6b6-6*�a�6*6)�,�a6b6`�,��
�6,�aK6+�)�a��KLM��CB��ML������6,�*6b6`�bH6*�b�c�a6)�b6*6b�`�bH6`�)�a6`�6+�)�a��KL�LCB��NMNM�LM��6)�b6*�bH6*�,v-�6,�b6`�*va�bHNMK6+�)�a��KLL͌MCB��L�MNMMĽ�6`v,v-�*vbH6+�+�)�a�bH6ava�+�)�a6+�b6,v`�b6+�)�a��KL�LCB��MMM�L��MK6,�b�av*vbH6)�)�av)�a�6)�b6`�,�6-�,v)�aHv.v+�+�6+�)�a��KL�LCB��M�L�L����6av+6*v`v*vbH6*�,v-�6)�b�a�,�bML6b6)�*�6+�)�a��KLM͌NCB��ML��L�6av+6*v`v*vbH6*�,v-�6`va6b�*�,�6b6)�*�6+�)�a��KLNM��CB��M��LNNN6*�b�c�-�`�6.�*v,�)�a6*H6.v+�+�6+�)�a��KLM��CB��M�M̌�N̍6`�*v-�`��-�*v`�b6bH6`�b�c�`��.v+�+�6+�)�a��KLM��CB��L�NL�MLL�6`�)�.vb�+�*vbH6`�)�+�*H6ava6*vb6a�v.v+�+�6+�)�a��KL���CB���LLLMN̌6+�*v,vav)�a�6a�*v,v-�b�a6*H6)�a6`v+�)�av*K6+�)�a��KLLL�LCB����M��L�NK6,�*va6*vbH6*6*v`�*v,v*H6b6+�*v,v,�bH6+�b6av)�a�
�LJ�̋6+�)�a��KLNL��LCB�L�LMLL��LMK6-6)�av*�b6bH6)�)�b�*H6a�*v,vaH6`�,va�6b6+�)�b6*6b6a�*vb6*H�L6ava6+�)�a��KLLLMLCB�L�LMLL��L�6-6)�av*�b6bH6)�)�b�*H6*�b6-6`�6b6-�*vb6,H�L6ava6+�)�a��KLLLMLCB�L�LMLL��L6-6)�av*�b6bH6)�)�b�*H6a�*va6b6*v,vb�a�6b6-�*vb6,H�L6ava6+�)�a��KLLLMLCB�L�LMLL��K6avb6`�*vb�`H6)�)�b�*H�L6ava6+�)�a��KLLLMLCB��M��LK6,�*6b6`�bH6*�b�c�a6)�b6`vb6+6b�`�)�6`�)�a6`�6+�)�a��KLLLMLCB��M̌L�L��6a6*v*�`�6`vb6,H6b6)�,v+�6-�b�a�bK6+�)�a��KL���CB���M�M�L�LK6*�*v*6a6bH6+�)�,H6*�)�+�av*H6*6)�,�a�*vbH�.v+�+�6+�)�a��KLL��L�CB���M�M�L͎6*�*v*6a6bH6+�)�,H6*�)�+�av*H6a6)�`�b�-6*H�.v+�+�6+�)�a��KLL�LL�LCB��L�̌L6,v*va�+�*vbH6*�*v*�)�*�*H�a6)�6+�)�a��KLM��CB��M���NNM�6-�)�*�*v,�*��`�b6*�6-�)��.v+�+�6-6b6-6*K6+�)�a��KLL�LL�LCB��MMM�L��LL6)�b�,�`v*va�+6bH6)�)�av)�a�6)�b6`�,�6ava6*vb6a�v.v+�+�6+�)�a��KLM��CB��M�MM�͌�L6`va6)�`�,�bH6-�)����a�b6.6)�ˎ6a6*�,K6+�)�a��KL�͌�CB��L���L��6av*v`�a6b6`�6)�-va6bH�6,�aK6+�)�a��KL͌CB��L���L���6av*v`�a6b6`�6)�-va6bH��,�aK6+�)�a��KL�LCB��L���L��6av*v`�a6b6`�6)�-va6bH�6,�aK6+�)�a��KLLM�L�CB��M�L�M�LL�6)�b6*�bH6+6a6`�6,v)�`H��6b6)�*���6ava6+�)�a��KL�M���CB��M�L�MMK6.v*v,�)�,v*vbH6-6*v,v*6*v*�6`�)�,v*v*6)�bH6,v)�`H�6ava�6b6)�*�6+�)�a��KL�M�̌CB��M�L�M�M�6+�*v,�-�)�bH6*�*va6*vbH6+6a6`�6,v)�`Hvb6)�*�6+�)�a��KL�L�LCB��M�Ľ���6*6a�`��`va�+6)�a�6`�)�b6*H6,�)�+�*HL�.v+�+�6-�*vb6,v*H��6+�)�a��KL�����CB���M�M�L��6*�*v*6a6bJ�*6)�+�bH6-�*v,v*v,�)�*�6+�)�,H6*�)�+�av*H6.v+�+�6+�)�a��KLLLCB���M�M�L��K6`�)�,�`�bH6-�*v,v*v,�)�*�6+�)�,H6b6*v,�*v*�6+�)�a��KLL�LM�LCB���M�M�MK6`�)�,�`�bH6-�*v,v*v,�)�*�6+�)�,H6*6-�b6`�6+�)�a��KLLLMLCB��LL̍��M�LNK6a�*v,v-�b�a6*vbH6)�*va6`�*�,vb6a�bHR��T�L6+�)�a��KLM�LCB��LL̍��M�M�6a�*v,v-�b�a6*vbH6)�*va6`�*�,vb6a�bHR��T�L6+�)�a��KLM�LCB��LL̍��M�L��6a�*v,v-�b�a6*vbH6)�*va6`�*�,vb6a�bHR��T�L6+�)�a��KLM�LCB��LL̍��M�MM�6a�*v,v-�b�a6*vbH6)�*va6`�*�,vb6a�bHR��T�L6+�)�a��KLM�LCB��LL̍��M�̋6a�*v,v-�b�a6*vbH6)�*va6`�*�,vb6a�bHR��T�L6+�)�a��KLM�LCB��LL̍��M�L6a�*v,v-�b�a6*vbH6)�*va6`�*�,vb6a�bHR��T�L6+�)�a��KLM�LCB��LL̍��M�M�K6a�*v,v-�b�a6*vbH6)�*va6`�*�,vb6a�bHR��T�L6+�)�a��KLM�LCB��M��L�M�L��6+6-�)�,v*vbH6)�*va6`�*�,vb6a�bHL�
�6+�)�a��KLL͌MCB�MM�ML�L�6+6b�a6bH6*�,v-�6*�)�`v*�6`�)�a6`��L6ava6+�)�a��KL�L�LCB�MM�L�̋6+6b�a6bH6*�,v-�6*�)�`v*�6`�)�a6`�6)�a6av)�a�bH�L6ava6+�)�a��KL�L�LCB����NLM͋6+6b�a6bH6+6b�a6b�*�6*6a�6`�*v`v-�vava6+�)�a��KLLLCB��LLM��K6av.v*v*�*v,H6`�a6b6*6+�bH6a�b6*�6,v*v-�6ava6+�)�a��KL�L�LCB��LLM��6av.v*v*�*v,H6`�a6b6*6+�bH6a�b6*�6b6av)�a��6ava6+�)�a��KL�L�LCB��N͌�NL6av.v*v*�*v,H6avb6a�)�a6b�,�)��6ava6+�)�a��KL���CB��N͌�NK6av.v*v*�*v,H6avb6a�)�a6b�,�)��6ava6+�)�a��KL���CB��N͌�M̎6av.v*v*�*v,H6avb6a�)�a6b�,�)��6ava6+�)�a��KL���CB��N͌�M�M�6av.v*v*�*v,H6avb6a�)�a6b�,�)��6ava6+�)�a��KL���CB��N͌�N��6av.v*v*�*v,H6avb6a�)�a6b�,�)��6ava6+�)�a��KL���CB��M̎�6av.v*v*�*v,H6a�b6-�b6*6b6,��6ava6+�)�a��KL͌CB��M̎M͋6av.v*v*�*v,H6avb�,�,�6+�b�b6,H�6ava6+�)�a��KL͌CB��M̎ML�6av.v*v*�*v,H6`vb�,v,�)�+6bH�6ava6+�)�a��KL͌CB��M̎N�K6,�*�,v)�bH6*�,v-�6av)�bH6,vb6b�)�a�6ava6+�)�a��KL�L�LCB��M�N�NL̍�6-6)�av*�b6bH6*�,v-�6*6,vb�ava6b�,�L6ava6+�)�a��KL�LCB�LML�M̌�6-6)�av*�b6bH6.6b6,�b�a�6`�*v,�`�L6ava6+�)�a��KLM��CB����M��L�6-�b6-6*�6av)�,�bH6)�a6,v+vav*H6`�b6+�bHN6-�,v)�aK6+�)�a��KLL�LM�LCB����N͌�K6`�b�`�6*�*v`�a6)�b6*vbH6av)�a�*�b�.v+�+�6+�)�a��KLLLCB����LMM�L�6+6b�a6bH6-6b�*6)�6,�b�*�aN6-�,v)�aK6+�)�a��KLL�LM�LCB����LMM�NK6+6b�a6bH6-6b�*6)�6,�b�*�aN6-�,v)�aK6+�)�a��KLL�LM�LCB����M���6*�*va6`�*H6avb�c�b6)�a6,v+vav*H6-6b6-6*H�6-�,v)�aK6+�)�a��KLM��CB����M�͍��6`�b�`�6,�.v`v,v)�a�bH͈6.v+�+�6+�)�a��KLLLMLCB����M����K6)�b�a�,v,6bH6)�*v,�*�bH6,v*v-��6ava6+�)�a��KLLLCB����L�M̋6`�b�`�6-�b6aH6-�b6aK6+�)�a��KL�L�LCB�L��M�L�6-6)�av*�b6bH6+6a6`�6*�b�c�,v,�b�a��va6*�,K6+�)�a��KL�LCB�L��M�L�MK6-6)�av*�b6bH6+6a6`�6*�b�c�,v,�b�a��va6*�,K6+�)�a��KL�LCB�L��M�L��6-6)�av*�b6bH6+6a6`�6*�b�c�,v,�b�a��va6*�,K6+�)�a��KL�LCB�L��M�L��K6-6)�av*�b6bH6+6a6`�6*�b�c�,v,�b�a��va6*�,K6+�)�a��KL�LCB��L��͋6-6*v*6,vav)�a�6a�*va�)�,H6)�a6,v+vav*H�6-�,v)�aK6+�)�a��KLL�LM�LCB��LĽLL�6,�*vb�*�6-�b6a6*H6*6*v,v)6,6*H6b�b6a�+6)�va6*�,K6+�)�a��KL�L�LCB��L�L�LMNK6+6*v+�av)�+�6*�*v*6)�+�6b6.�)�,�6+�)�a��KL�LCB��M��̍�M6`�a6)�b6bH6av)�,v`�*K6+�)�a��KL�L�LCB���L�̌�̌�NK6-�*�,�6av)�a�6-�b�,�6*6,v)�a�+6bH6-�6+�)�a��KLCB��M̎L�K6av.v*v*�*v,H6a6)�`�b6,�*�6*6a�6*6)�a�6ava6+�)�a��KL͌CB��M̎MK6av.v*v*�*v,H6)�b�+�b6a6*6a�6*6)�a�6ava6+�)�a��KL͌CB���LLL�̍�6av.v*v*�*v,H6+vb�)�*�bH6*6a�6*6)�a�6ava6+�)�a��KL�L�LCB�L��M�LN6-6)�av*�b6*�b�,v,�b�a6)�*va6av)�a�bHH6a6*�,K6+�)�a��KL�LCB��LMLMM�LL6,v)�a�6`�)�*L6.�,v)�aK6+�)�a��KL��L��LCB��M�NL�M6*6b�c�,v`�6`�,v-6,�)�av*6)�`�6*�a6)�,�*�b�`�6+�)�a��KL�LCB�LLL����M6)�b�a�,v,6bH6*�)�b6*v,H6-6b�a�L6ava6+�)�a��KLM��CB�L���MM�����6-6*v,v*6*v*�6+�a�b�)���6ava6+�)�a��KLCB�L��M��LLLN6-6*v,v*6*v*�6+�a�b�)���6ava6+�)�a��KLCB�L�LLM���6-6b�,H6)�a6`v+6,H6`�b6+�bH�6.�,v)�aK6+�)�a��KLLL�LCB��NNM�NM�L�6+�*v,vav)�a�6`�b�`�6)�)�a6b�a�v-�6+�)�a��KLCB���L�MLNLL�N6`�b6,va�6`va6b�`�,�6,�a�)�*�bH6-�b6`�b6a6)�*�*H6`�)�,v*�b6a��L6-�,v)�aK6+�)�a��KL���CB��LMMM���6`v,v-�*H6,v+�b�a�6*6*va�)�*�6`�)�a6`�6+�)�a��KL͌CB�����M���6b6,v`�6)�a6avb�a�b�b6aH6`vb6b�a6-�b�a6)�a�*K6+�)�a��KL�LCB��M�ML�L��6-6b�,H6a�`�*�)�a6b�)�6`v,v*va�,�bH6-�,v)�aH6,v*v`�*vaH�6+�)�a��KL��L��LCB��M�ML�L�M6-6b�,H6a�`�*�)�a6b�)�6`v,v*va�,�bH6-�,v)�aH6,v*v`�*vaH�6+�)�a��KL�L�LCB�͌Ľ���6-6b�,H6*�,vb�av)�a6)�`�6-�,v)�aHP�6+�)�a��KLL��LL��LCB�L�LML������6-6b�,H6)�)�*�*�)�avb�a6-�,v)�aH6,v*v`�*vaH�6+�)�a��KL�L�L�M�LCB��LL�͍�K6`�a6b�c�a�,�6,�b�c�a6*�)�`�6`�)�,v*�b6a�6+�)�a��KLLLMLCB����MNM��̋6-6,v*6*�6,v*va�`�6,v*va�`�6+�)�a��KLCB�L͌NLL�N�6-6,v*6*�6`vb�av*�b6a6b�avb6a�.H6a�.K6+�)�a��KL�LCB��LLM�NK6a�*v,�*�*va6*H6+�b�+�b6)�b6a6`�*v,H�6.v+�+�6+�)�a��KLL�LLCB������M�N6`�b�`�6+�b6,va�)�L6-�,v)�aK6+�)�a��KLCB�M��L��M��K6*�*v-6av*v`�6*6*v,v+�)�+�6+�)�a��KLCB��������6*�*v-6av*v`�6*6)�+�b�-6`�b�,�*HL6-�,v)�aK6+�)�a��KLCB����L��L�6b6b�`v*v,H6.v)�b�a6bH6a�)�aH�L6-�,v)�aK6+�)�a��KL�LCB���L�L�MK6`�a�*�)�`�b�6,�b�a�b6,v*HL6.�6+�)�a��KL�L�LCB���L�L�MM�6`�a�*�)�`�b�6,�b�a�b6,v*HL6.�6`va6`va6+�)�a��KL��L��LCB���L�L�L�K6`�a�*�)�`�b�6,�b�a�b6,v*HL6.�6,�b�,�b6+�)�a��KL�L�LCB������M�6+�)�,v`�bH6*6b�*6,�bH6`vb6+�*�)�`�L6.v+�+�6+�)�a��KLLLCB��M�̎N͌M6-�,v`�bH6av-6`�6+�*v`v*�*v,H��K6+�)�a��KLLLCB��M̌NLL�6-�b6-6*�6-�b�c�a6)�)�a6*�b6a�6,�)�6`�b6+�bH�6.�,v)�aK6+�)�a��KLL�LM�LCB��M̌L����6av.v+6b6a�6+�+�)�a�6)�)�a6b6.6b�c�,v)�6*6b�a�+�6`v,vb�c�-L6ava6+�)�a��KLLLMLCB����M��L6*�b6`v`�6`�)�,v)�6,�b�c�.6+�)�6a�)�,HL6-�,v)�aK6+�)�a��KL�LCB�����LNMM��6*�*va�b�,H6*6*v`�*v,v*H6-6b6-6*H�6.�,v)�aK6+�)�a��KL�L�LCB�NNN��L�LL�6*�*va�b�,H6`�,vb�aH6a�)�+6+�b6*6*v,v+�)�+�M6-�,v)�aK6+�)�a��KLLL�LCB���M��6av)�,�*�6av)�,vb�a�)�6,�b�*�aM�6-�,v)�aK6+�)�a��KL�L�LCB�L�LML�NL��6-6*v,v*6*v*�6a6)�a�+�b6`�b6+�bH�L6ava6+�)�a��KLLLCB�MMM���̌�̍6*�b6*�6-�b�*�,�6`�b6+�bH6-�,v)�aK6+�)�a��KL�LCB�MMM���̌��6*�b6*�6-�b�*�,�6`�b6+�bH6-�,v)�aK6+�)�a��KL�LCB�MMM���̌���K6*�b6*�6-�b�*�,�6`�b6+�bH6-�,v)�aK6+�)�a��KL�LCB�LL�NLM̌�L�6-�b�*�,�6*�,va�-�a6,�6*6,vb�*�)�a�bH6`�b6+�bH�6-�,v)�aK6+�)�a��KLM��CB�LL�NLM̌NLK6-�b�*�,�6*�,va�-�a6,�6*6,vb�*�)�a�bH6`�b6+�bH�6-�,v)�aK6+�)�a��KLM��CB�LL�NLM̌��K6-�b�*�,�6*�,va�-�a6,�6*6,vb�*�)�a�bH6`�b6+�bH�6-�,v)�aK6+�)�a��KLM��CB�LL�NLM̌M�6-�b�*�,�6*�,va�-�a6,�6*6,vb�*�)�a�bH6`�b6+�bH�6-�,v)�aK6+�)�a��KLM��CB�LL�NLM̍�L6-�b�*�,�6*�,va�-�a6,�6*6,vb�*�)�a�bH6`�b6+�bH�6-�,v)�aK6+�)�a��KLM��CB�L��͎M�M��6+�*v,vav)�a�6`�b�c�`�6`�,v)�avb�a6-6b6-6*H�6ava6+�)�a��KL�L�LCB��L�L����6`�-6*�*H6+�a6*6)�6`�,vb�aH6-�6+�)�a��KLLLCB���L����ML�6,�.v*�,H6)�a6av+�b�a�*H6)�a6(�-va6bH6-�,v)�aK6+�)�a��KL�L�LCB���M���6av)�,�*�6)�a6,v+vav*H6,�b�*�a6-�,v)�aK6+�)�a��KLLLMLCB�����̌NMK6*�*va�b�,H6`�,v)�*�6-v*6)�+HML6-�,v)�aK6+�)�a��KLM��CB����L��M�6,�`v,v*vbH6,�*v`v*v,vbH6)�)�`�6-vb6`vbH6-�,v)�aK6+�)�a��KL�L�LCB���M��6`�a6b�c�a�,�6*�*v,H6*�b6a�bH6,�b6`v*�6-�b6a6+�L6.v+�+�6+�)�a��KL�LCB���LL�L�����6av.v*v*�*v,H6,vb�`�,�b6a�)��6ava6+�)�a��KL�L�LCB���LL�L���MK6av.v*v*�*v,H6,vb�`�,�b6a�)��6ava6+�)�a��KL�L�LCB�����L�͎L�6`�,vb�aH6+�*v,�*�6b6+�*vavb6-�)�b6,�-�b6a�6`�)�a6`�ML6ava6+�)�a��KL���CB�����L��L6`�,vb�aH6+�*v,�*�6b6+�*vavb6-�)�b6,�-�b6a�6`�)�a6`�ML6ava6+�)�a��KL���CB�L�͌NL�M�6b6b�`v*v,H6-�b6`�b6a6)�*�*H6-�b6a6b6a�6)�b�,�*�)�a�bH�.v+�+ʌN6-�,v)�aK6+�)�a��KL���CB�L�͌�L�6*�,�`�b�*�6-�b6a6b6a�6*�b6a�,�6*6bvc�6-6*v`�,H6)�b�,�*�)�a�bHJ��L6-�,v)�aK6+�)�a��KL��L��LCB�L��L�͋6*�,�`�b�*�6-�)�a6)�`�,�bH6-�b6`�b6a6)�*�*H6*6,vb�*�)�a�bHN6-�,v)�aK6+�)�a��KL͌CB�LL6*�,�`�b�*�6)�b6,vb�b6)�b6,v+6b�a�)�a6)�b�,�*�)�a�bHMͶ-�,v)�aK6+�)�a��KL���CB�L��LMLLN6)�*va�+�b6avbH6,�)�avb�)�a�-�6`�b6,vbHL�6-�,v)�aK6+�)�a��KLM��CB�L��LMM6)�*va�+�b6avbH6,�)�avb�)�a�-�6`�b6,vbHM6-�,v)�aK6+�)�a��KLM��CB����NL��6)�*va�+�b6avbH6,�)�avb�)�a�-�6`�b6,vbHM6-�,v)�aK6+�)�a��KLM��CB�L�͌��L6b6b�`v*v,H6-�b6`�b6a6)�*�*H6-�b6a6b6a�6)�b�,�*�)�a�bH�6-�,v)�aK6+�)�a��KLLLCB�LL�M�N6*6b�,�`�b6b�*�6*6)�a6b6`�b6)�b�*�)�a6bH�L6-�,v)�aK6+�)�a��KL�L�LCB�L�LMM��6a�*v,�*�*va6*H6a�,�`�b6b�`�6*�b6,�6)�b�,�*�)�a�bH6`�b6+�bH�L6-�,v)�aK6+�)�a��KLM��CB�M�L�M�̍��M�6-�b�*�,�6+�)�a�b�av)�,v`�bH6`va6`vaML6-�,v)�aK6+�)�a��KL���CB�M�L�M�̍�L�K6-�b�*�,�6+�)�a�b�av)�,v`�bH6`�,vb�aH6b6*�b�.6)�,�ML6-�,v)�aK6+�)�a��KL���CB�M�L�M����6-�b�*�,�6+�)�a�b�av)�,v`�bH6+�b6bvc�6+�*v,vb�)�6b6`va6`va6,v*v-ML6-�,v)�aK6+�)�a��KL���CB�͌���L��M6a�*v,�*�*va6*H6avb�a6`�)�6,�b6b�,�a6*va�+�bHL6-�,v)�aK6+�)�a��KLM��CB�͌���LN�6a�*v,�*�*va6*H6avb�a6`�)�6,�b6b�,�a6*va�+�bHL6-�,v)�aK6+�)�a��KLM��CB��LMLML�6a�*v,�*�*va6*H6avb�a6`�)�6,�b6b�,�a6*va�+�bHL6-�,v)�aK6+�)�a��KLM��CB�͌���LL�M�6a�*v,�*�*va6*H6avb�a6`�)�6,�b6b�,�a6*va�+�bHL6-�,v)�aK6+�)�a��KLM��CB��NM�N6a�*v,�*�*va6*H6-�b6)�*v*�6)�b6,�*6*v`�,�*�)�a�bH�6.v+�+�6+�)�a��KLLLCB��LL�L�6*�,�`�b�*�6avb�,va6)�6a�b6a6*va�+�bH�6-�,v)�aK6+�)�a��KL���CB��LL���K6*�,�`�b�*�6avb�,va6)�6a�b6a6*va�+�bH�6-�,v)�aK6+�)�a��KL���CB��LL����6*�,�`�b�*�6avb�,va6)�6a�b6a6*va�+�bH�6-�,v)�aK6+�)�a��KL���CB��LL�MM��6*�,�`�b�*�6avb�,va6)�6a�b6a6*va�+�bH�6-�,v)�aK6+�)�a��KL���CB��LL�M�L�6*�,�`�b�*�6avb�,va6)�6a�b6a6*va�+�bH�6-�,v)�aK6+�)�a��KL���CB�LM�NM6`�)�b6*vbH6`�)�a�*�)�*�)�6*�)�b�a6*va�+�bH6`�b6+�bH��vava6+�)�a��KLM��CB�LM�̌MNK6`�)�b6*vbH6`�)�a�*�)�*�)�6*�)�b�a6*va�+�bH6`�b6+�bH��vava6+�)�a��KLM��CB�LM�NL6`�)�b6*vbH6`�)�a�*�)�*�)�6*�)�b�a6*va�+�bH6`�b6+�bH��vava6+�)�a��KLM��CB�LM�L���6`�)�b6*vbH6`�)�a�*�)�*�)�6*�)�b�a6*va�+�bH6`�b6+�bH��vava6+�)�a��KLM��CB�NLLL�L��L�6+�b6bvc�6a�b�av)�a6)�6*�,vb�av)�*�LL6-�,v)�aK6+�)�a��KL�LCB��LLLLM�L�M�6`�-v*6ava6*vb6a�6b6,v`�bH6ava6aH6`vb6+�*�)�`�L6.v+�+�6+�)�a��KLLLMLCB��NM���͋6b6b�`v*v,H6-�b6)�*v*��6-�,v)�aK6+�)�a��KLCB��NM����6b6b�`v*v,H6-�b6)�*v*��6-�,v)�aK6+�)�a��KLCB��LLL�MK6av,vb�-6`�6`�b6,�+�*HL�6.�6+�)�a��KL�LCB�ML�L6.va6`�6avb�a�*�b6,�6*6,vb�*�)�a�bHL6.v+�+�L6-�,v)�aK6+�)�a��KL�LCB��L�NK6.va6`�6avb�a�*�b6,�6*6,vb�*�)�a�bHL6.v+�+�L6-�,v)�aK6+�)�a��KL�LCB�MM�M�6.va6`�6avb�a�*�b6,�6*6,vb�*�)�a�bHL6.v+�+�L6-�,v)�aK6+�)�a��KL�LCB�MM�N6.va6`�6avb�a�*�b6,�6*6,vb�*�)�a�bHL6.v+�+�L6-�,v)�aK6+�)�a��KL�LCB��L�LLLNLM�L�6-�*va�-�)�a6-�b6a6+�6a�)�bH6`vb6+�*�)�`�L�.v+�+�6+�)�a��KLLL�LCB��L�LLLNLM�L�K6-�*v`�b6-�b6a6+�6a�)�bH6`vb6+�*�)�`�L�.v+�+�6+�)�a��KLLL�LCB��NNM�L��M�K6*�b6+�b�a�-�6`�)�`�)�b6)�)�a6b�a�L6-�,v)�aK6+�)�a��KLLLCB���LLML�NK6a�b6.6)�6`�b6*�6`v)�a6`�b6a��v.v+�+�6+�)�a��KL�L�LCB����LLLNNN��6,�`v,v*vbH6,�*v`v*v,vbH6`vb6+�6*�)�`�L6-�,v)�aK6+�)�a��KL�L�LCB����LLLNNM���6,�`v,v*vbH6,�*v`v*v,vbH6b�*va6*vb6-�,v)�aK6+�)�a��KL�L�LCB��L�LLLNN�N�6`�a6)�b6bH6*�*6bH6,�*v`v*v,vbHL6.v+�+�6+�)�a��KL�L�LCB��L�LLLM�LL��6`�)�.vb�+�*vbH6*6*v,v+�)�+�6+�)�a�*vbH6-6`v)�`HL6.v+�+�6+�)�a��KLLM�L�CB��L�L���N6*�*v,vb6`�6-�b�b6*H6-6b6*�6-�*vb6,v*K6+�)�a��KLLL�LCB��MM���K6`�a6b�a�,�6)�b�a�a6b6,�L6.v+�+�6+�)�a��KLLLMLCB��L�M�NL���L6-�b6,v*vbH6`�-�)�a�6)�*v,�*�b6,H6av)�,v`�*K6+�)�a��KL�LCB��MN�MM�L��K6-�b6,v*vbH6,6a�)�a�6)�a6-6a�*6)�(K6+�)�a��KL�LCB��M���L�LMLMK6+�*v,�`�b�-�6+�)�a��KLM��CB��M�LMM̌LL�6-�b6,v*vbH6)�*v,�*�b6,vbH6ava�+�)�a6)�a�6+�)�a��KLLL�LCB�M�L�M�̍�M6-�b�*�,�6+�)�a�b�av)�,v`�bH6.v)�b�a6bHML6-�,v)�aK6+�)�a��KL���CB�����LM�N6-�b6,v*vbH6*�b�)�b6)�a�6)�*v,�*�b6,H6av*va�b�)�,K6+�)�a��KLM��CB��NL�͎͌L��6-�b6,v*vbH6+�b6a�+�)�,H6b6*v,�*v*�6+�)�a��KLM��CB��M�ML��M�6*�*vav*�*vbH6+va6)�`�bH6-�b�b6*H6-6b6*�6+�)�a��KLLLMLCB��M�M���LM6-6*v,v*6*v*�6*�b6,�6av)�+6b�`��v-�6+�)�a��KLCB��ML�M͍��6-�b�*�,�6*�)�*�b6,�6-6b�a�Lv-�,v)�aK6+�)�a��KLLLMLCB���LL�MM6*6)�+�bH6,�*va6)�*�*H6b6*v*�*va�bHL6.v+�+�6+�)�a��KLLLMLCB���LNM�M��K6-�b6-6*�6av,vb�-6`�6)�a6`v+6,H6`�b6+�bH6.�,v)�aK6+�)�a��KLM��CB���M�LM��L�K6*�b�`�b�a�6*�)�b6+�*v,H6a�)�a�)�L6-�,v)�aJ��6.v+�+�6+�)�a��KLLL�LCB���M�LM��L͋6*�b�`�b�a�6*�)�b6+�*v,H6a�)�a�)�L6-�,v)�aK6+�)�a��KLCB�M�ML�L�K6,�*vb�*�6-�b6a6*H6*6*v,v)6,6*vbH6`�)�-6)6*�*v*6b�.vbH�6ava6+�)�a��KLL�LL�LCB�����L6`�-6*�*H6`�,vb�aH6,v)�av`�L6.�,v)�aK6+�)�a��KLLLCB�����L�N6*6)�avbH6)�a6,v+vav*H6`�b�,�*H6-�,v)�aK6+�)�a��KLL�LM�LCB��M�ML�MLK6+�*va�`�*H6`v,�*�*v`�6-�b�*�b�,K6+�)�a��KLCB���L���LLM�6avb�,va�+�)�6`�b6+�bHML6ava6+�)�a��KLCB�M����K6-6*v,v*6*v*�6`�b6*6bH6a6)�a�+�6-6b6-6*H�6ava6+�)�a��KL�LCB����L���6-6*v,v*6*v*�6`�b6*6bH6a6)�a�+�6-6b6-6*H�6ava6+�)�a��KL�LCB����L��N�6,�`v,v*vbH6,�*v`v*v,vbH6)�)�`�6-vb6`vbHLL6-�,v)�aK6+�)�a��KLL�LM�LCB����LLLNNN�6,�`v,v*vbH6,�*v`v*v,vbH6a�)�bH6`vb6+�*�)�`�L�6-�,v)�aK6+�)�a��KL�L�LCB����L���K6-6*v,v*6*v*�6`�b6*6bH6a6)�a�+�6-6b6-6*H�6ava6+�)�a��KL�LCB��L�LLLN6av.v*v*�*v,H6+6*vb6)�b�`va6+�)�,v`�L�6ava6+�)�a��KLLLCB�ML�MNLK6-6)�av*�b6bH6+6a6`�6a�)�a�)�va6*�,K6+�)�a��KL�L�LCB��NLL�6avb�a6)�`�6*6a6b�`�b6+�)�a��KL�L�LCB����͌M��M�M�6,�*v`vb�a�`�bH6a�)�a�6`�)�b6*vbH6*6*v+�*v,�`�6+�)�a��KL�L�LCB��L�ML�M�NM�K6,�b�av*vbH6)�)�av)�a�6.v+�+�6+�)�a��KL�LCB��M��NL͍NK6+v)�`vb�,�*vbH6av.v`�*v,vb6a�6*�a6)�,�*�)�,HK�va6*�,K6+�)�a��KLM��CB��M���͌NK6,�b�*�a6-6*v`�,H6a6*�,HЌ6+�)�a��KLM��CB��M��NL�M�L6`�)�a6`�bH6+�b�)�,v-6b6,H6*�a6)�,�*�)�,H��va6*�,K6+�)�a��KL�L�LCB���MNL���6-�*v`�b6*�)�+�av*HL�.v+�+�6+�)�a��KL���CB��M�M��L͌K6`�)�,�`�bH6+6-�)�,v*H6-�b�b6*H6-6b6*�6+�)�a��KLLL�LCB�L�L�M�L���6av)�,�b�+v*vbH6*�*va�+6*v,v*H6*6-�b6`��6,�aK6+�)�a��KL�LCB��N���ML����K6`�*v*�*v,HN6avaH6-�b�a�bK6+�)�a��KL�LCB�M�LLN�MK6av.v*v*�*v,H6,�)�,v)��6ava6+�)�a��KL��L��LCB�M�LLN�K6av.v*v*�*v,H6,�)�,v)��6ava6+�)�a��KL��L��LCB����M��LM�K6`�b6*�bH6-�)�6a�b�`�)�6-6b6-6*H6*6*v+�*v,�`��.v+�+�6+�)�a��KL���CB��M�L�M6`�*va6*vaH6,v*va�-�6)�)�.6bH6.6b�a�+�,�L�,v*va�-�6+�)�a��KLLL�LCB��M�M�MLM���6`�*va6*vaH6av)�,6b�`�6ava6*vb6a�6.v+�+��NLKM6+�)�a��KL�LCB����M��LLM�6`�b6*�bH6-�)�6`vb�,v-�b6-6b6-6*H6*6*v+�*v,�`��.v+�+�6+�)�a��KL���CB����M��LMMNK6`�b6*�bH6-�)�6)�)�*�b�a�6-6b6-6*H6*6*v+�*v,�`��.v+�+�6+�)�a��KL���CB����M�LL��6`�b6*�bH6-�)�6)�b�a6)�6-6b6-6*H6*6*v+�*v,�`��.v+�+�6+�)�a��KL���CB����M�M��L�LK6,�`v,H6*�)�,�6*6,va�+6b6)�)�`v`��*�*v*6*v`�M��6+�)�a��KLM�MLCB��M�MM�LM6-�a6b6*�*vbH6-6*v+va�ML6b6)�*��LLK6+�)�a��KL�L�LCB����M��LM��6*6*v,v+�)�+�6)�)�b6,�*va�*va�+�6-6b6-6*H�.v+�+�6+�)�a��KL͌CB����L�LLM6*6*v,v+�)�+�6)�)�b6av)�`�)�b6-6b6-6*H�.v+�+�6+�)�a��KLLLCB��L͌L��L��6`�*va6*vaH6,v*va�-�6`�)�a6`�L�.v+�+�6+�)�a��KL�LCB��LL��LNL6av*v*�)�,v*vbH6)�)�b6-�b�b6*H6-6b6*��LNK6+�)�a��KL�L�LCB��L��L͍NK6`�b�`�6*�b6,va6b�b6)�)�a6+�b�.6)��6.v+�+�6+�)�a��KL�LCB��L��͍L6`�b�`�6*�b6,va6b�b6)�)�a6+�b�.6)�6+�)�a��KLCB������NK6`�b�`�6+�b6,va�)�b�,��6.v+�+�6+�)�a��KL�LCB������M���6`�b�`�6+�b6,va�)�b�,�6-6b�a�6+�)�a��KLCB��N��NM�L6-6*v`�,H6`�*va�+�6`�b6,v+�bHM�L6-�,v)�aK6+�)�a��KL�L�LCB���N�̌�NNK6-6*v`�,H6`�*va�+�6`�b6,v+�bH�`�-�,v)�aK6+�)�a��KL�LCB��M��MLL�6a�*v,�*�*va6*H6`v,�*�*v`�6+�b6*6*vbH6*6b6a6-�bH�6-�,v)�aK6+�)�a��KLLLMLCB��M�LMM�L���6avb6,v`�bH6,v,�aH6*�b6+�`�,va��
��6,�aK6+�)�a��KLM��CB��MM�MLM�6,�*v`vb�a�`�bH6)�)�,H6ava6*vb6a�6+�)�a��KL�LCB���MN6av*v`�a6b6`�6,�*v,H6-6b6-6*H6,�b�bͶ,�aK6+�)�a��KL͍���CB��L��LK6-6*v,v*6*v*�6+6)�a�b�aH�6ava6+�)�a��KLLLCB��M��NNL��K6`�b�*6a6-6*v+va�6)�)�b�`vb6a�6avb6`�,�b6aHЌ�6+�)�a��KL�L�LCB��LL��͌�6,�*v,v`�*H6-6*v+va��`�b�*6a6avb�,H6-�)�a6)�`�,�bHL��6+�)�a��KL�LCB��L�M���M̍L�6*�)�b6*v,H6*6)�a�`�6)�b�aH6)�)�bH�6avb�-�)�b6)�*�6+�)�a��KL̍���CB��MNML�LNM�6`�b�*6a6-6*v+va�6)�)�b�`vb6a�6avb6`�,�b6aHK��av*�,HЌ�M6+�)�a��KL�L�LCB�NM�L��M�M�6)�)�b�,v*�b6+�,�6*�,vbTQ�SK6+�)�a��KLM�LCB���M�LK6avb6*6)�b�a6a�b6`�b�)�6avb6+�b�aML6+�)�a��KL�M��CB���M���M�6avb6*6)�b�a6a�b6`�b�)�6avb6+�b�aLK6+�)�a��KLM�MLCB�NLM���͌�6,�*v,v`��`�b�*6a6-6*v+va�6)�)�b�`vb6a�vb6)�*�6+�)�a��KL�LCB�LLL���L�͋6,�*�,v)�b�*�6*�,v`�bH6*6*�a��va6*�,K6+�)�a��KL��L��LCB��LLLL�L�K6*�,�`�b�*�6,�*�)�,v,�6)�b6a6`�*v,H�-�,v)�aK6+�)�a��KLLLMLCB��LLLL�LL�6*�,�`�b�*�6,�*�)�,v,�6)�b6a6`�*v,H�-�,v)�aK6+�)�a��KLLLMLCB��ML�NLLK6-�b�*�,�6*�)�*�b6,�6,vb6a6`va6`va�v-�,v)�aK6+�)�a��KL�LCB��LL��LK6`�b�`�6av)�-�av)�6)�b6a6`�*v,H�v-�,v)�aK6+�)�a��KLLLCB�����L�M�6a�b�-6)�,�*�*H6a�*vb6,v*v,�L6-�,v)�aK6+�)�a��KL�LCB�����L��6*6,va�+6bH6a�*vb6,v*v,�v`�-�6+�)�a��KL�L�LCB���L��L6.v*va6)�-�*vbH6av+6*vavb�+�*H6*6)�.�6-�b6a6)�a�v`�-��ʍ�6+�)�a��KL���CB����L�LL���6+v*v`v)�,�*vbH6*�b6,v`�b6*6*vb�*6bH6.v+�+�6,v*v`�*vaHK6+�)�a��KL�L�LCB����LLLL�MLM�6*6)�+�bH6)�)�`v`�6`vb6+�*�)�`�6,�*v`v*v,vbH�L6,�b�,�bHL6.v+�+�6+�)�a��KLLLMLCB����M��N6-�b6a6)�`H6b6b�a6+�6`�,v)�`v*�L6ava6+�)�a��KL�M��CB����M�͍K6-�b6a6)�`H6b6b�a6+�6`�,v)�`v*�L6ava6+�)�a��KL�M��CB��M��MK6-�b6a6)�`H6*�b�,va6bH6+�bH6a6b6a�6*�)�,vb�,�L6ava6+�)�a��KL���CB�͌L�LM6-�b6a6)�`H6`v)�-6b�b6a�6a6)�+�bH6*�)�,vb�,�L6ava6+�)�a��KL���CB���LLL�LML��6-�b6a6)�`H6a6b�a6ava6`�bH6a6)�*�)�`v)�L6ava6+�)�a��KLNM��CB���LLL�NL�K6-�b6a6)�`H6a6b�a6ava6`�bH6.vb6+�6a6)�*�)�`v)�L6ava6+�)�a��KLNM��CB���NM�MMM6-�b6a6)�`H6)�)�`�b6)�6*�b6,vb�a��vava6+�)�a��KLM��M�CB���LM���6a�*v,�*�*va6*vbH6a6b6b�,�6-�,v)�aK6+�)�a��KL�LCB����M͍L���6a�*v,�*�*va6*H6`v,�*�*v`�6`vb6`�,�6-�b6`v,vb�*�6`�b�,�*HM�6-�,v)�aK6+�)�a��KL�LCB�ML�MML�M�6`v)�-H6`vb�,v,�6av.v*v*�*v,HH6a6*�,K6+�)�a��KL�LCB��M̎L�L��6av)�,�bH6,vb6b�)�a6`v,vb�c�-6`�b6+�bHL�v.�,v)�aK6+�)�a��KL�L�LCB����N̌L�6*�,v-6b6`�6a�)�,vb�a�6+�)�a��KLCB��NLMLMM��K6*�,�`�b�*�6)�b6,�avb6a�*v*�bH�ˍv.�,v)�aJ��6.v+�+�6+�)�a��KLLL�LCB��NLMLM�̋6*�,�`�b�*�6)�b6,�avb6a�*v*�bH�ˍv.�,v)�aK6+�)�a��KLCB��NLL�L�K6`v,�*�*v`�6*6b�-6a6*v,H6-�,v)�aK6+�)�a��KL�LCB��MLL̍�6*�,�`�b�*�6b6b�`v*v,H6`�,vb6`v`�)��v-�,v)�aK6+�)�a��KLLLCB��MLL̍���6*�,�`�b�*�6b6b�`v*v,H6`�,vb6`v`�)��v-�,v)�aK6+�)�a��KLLLCB��LM��͌K6+�*v,vav)�a�6`�)�-6bH6+�b�*�b6aL6ava6+�)�a��KLL�LM�LCB���MLL�N6+�*v,vav)�a�6+�b�*�b6a6(�a6)�,v,�b�)�*�K�6a6*�,K6+�)�a��KLM�LCB���MLL�L��6*�)�b6,H6*�a6)�,�6*�*vb6)�a6b�*�6a�)�,v*�b�`�L6ava6+�)�a��KL���CB���MLL�L�6*�)�b6,H6*�a6)�,�6*�*vb6)�a6b�*�6a�)�,v*�b�`�L6ava6+�)�a��KL���CB���MLL�L��L�6*�)�b6,H6*�a6)�,�6*�*vb6)�a6b�*�6a�)�,v*�b�`�L6ava6+�)�a��KL���CB���MLL�MM�K6-v)�*6b6a�6,�)�)�a6+�b�*�b6a�6ava6+�)�a��KL�L�LCB����ML��LL�6`�b�`�6+�a6*6,H�v-�,v)�aK6+�)�a��KLCB����N̌L�MK6*�,v-6b6`�6a�)�,vb�a�6+�)�a��KLCB����N̌L�L�6*�,v-6b6`�6a�)�,vb�a�6+�)�a��KLCB�������L�6-6b�,H6-�b6`�b6a6)�*�*H6a�+�bHL�v-�,v)�aK6+�)�a��KLCB�������6-6b�,H6`v,v)�b6a6*H6a�+�bHL�v-�,v)�aK6+�)�a��KLCB����M��6*�*v`�a6)�b6*H6+�)�,v+6b�a�bH6,�b�a�b�`�6+�)�a��KL�L�LCB����L��K6-6*v,v*6*v*�6`�b6*6bH6a6)�a�+�6-6b6-6*H�6ava6+�)�a��KL�LCB�M��L���L̋6-6*v,v*6*v*�6av)�a�-�b6)�b�,�bH6avb6a�`�bH6-6b6-6*H�L6ava6+�)�a��KLLLCB�NL�̌�6a�*v,�*�*va6*H6a6b�b6a�6`�,v)�avb�a6b6-�b6`�b6a6)�*�*H6`�)�,v*�b6a�6-�,v)�aK6+�)�a��KL�L�LCB�NMML�MM��6*6,�`�b6b�*�6-6b6`v)�a�6av)�a�)�6-�,v)�aK6+�)�a��KLLLCB�NMML�MM6*6,�`�b6b�*�6+�b6,vav*H6av)�a�)�6-�,v)�aK6+�)�a��KLLLCB�NMML�MM�6*6,�`�b6b�*�6-�b6`�b6a6)�*�*H6av)�a�)�6-�,v)�aK6+�)�a��KL�LCB�NMML�MMNK6*6,�`�b6b�*�6`�b�*�b6av)�a�)�6-�,v)�aK6+�)�a��KLLLMLCB�NMML�MM��6*6,�`�b6b�*�6*�,vb6*�b�a�6av)�a�)�6-�,v)�aK6+�)�a��KLLLMLCB�MLLLNM�K6,v)�a�`�6*6b6)�+�bH�`�-�6+�)�a��KL͌CB�����M��͎6a�*vav*6*v,v-�,H6-�,�b�a�-�L6-�,v)�aK6+�)�a��KL�L�LCB��NNM�M��6`�a6b�c�a�,�6a�b6)��.v+�+�6+�)�a��KL͌CB��NNM�M̌K6`�a6b�c�a�,�6a�b6)�L6.v+�+�6+�)�a��KL�LCB��NNM���L�6`�a6b�c�a�,�6a�b6)�L6.v+�+�6`�)�,v*�b6a�6+�)�a��KLL�LM�LCB��NNM�M�͋6`�a6b�c�a�,�6a�b6)�6.v+�+�6+�)�a��KLLLMLCB��NNM�M�M6`�a6b�c�a�,�6a�b6)�ML6.v+�+�6+�)�a��KLLLMLCB��LLLNNM�NK6-6)�av*�b6bH6+6a6`�6b6b�-ML6ava6+�)�a��KL���CB��M���MM�L��6*�b6`v-�)�bH6+�b6.�,�)�a6`�b�,�*H6`�*v,�`�6-�,v)�aK6+�)�a��KL�LCB��M���NNK6av.v*v*�*v,H6+6*vb6,vb�+6b�aH6*6*v+�)�+�6ava6+�)�a��KL�L�LCB�L�LNM�LK6-6)�av*�b6av)�a6b�,�b�)�6+6,�aHL6ava6+�)�a��KL�L�LCB�L�LNM�NK6-6)�av*�b6av)�a6b�,�b�)�6+6,�aHL6ava6+�)�a��KL�L�LCB�L��LM�6-6)�av*�b6bH6ava�+�)�a6)�a�6*6*vb�*6bH6a6b6.6ava6+�)�a��KL�L�LCB�NM��L���K6-6)�av*�b6bH6,v*v-6`�b6a�,�*�bH6+6b6,�*�6`vb6,vb�b�6ava6+�)�a��KLLLMLCB�NM��L���6-6)�av*�b6bH6,v*v-6`�b6a�,�*�bH6+6b6,�*�6`vb6,vb�b�6ava6+�)�a��KLLLMLCB�N��L��6-6)�av*�b6bH6ava�+�)�a6)�a�6-�b�`�b6*6*vb�*6bH6avb6avb�c�a�*�L6ava6+�)�a��KLLLMLCB��M�M͎�NL�6`�a6b�a�,�6*�*v,H6)�)�a6b6.6b�c�,v)�6*6bvc�6*6b6a�6*�*6bH6*6*va�av*va�6.v+�+�6+�)�a��KLL�LM�LCB��M��͎M�LLK6`�a6b�a�,�6*�*v,H6*�*6bH6.6bH6*6*vb�*6bH6.v+�+�6+�)�a��KLLL�LCB��NNM��LL6`�a6b�c�a�,�6av)�b�a6b6*�b6`HʌL6.v+�+�6+�)�a��KL�L�LCB��NNM���6`�a6b�c�a�,�6av)�b�a6b6*�b6`HL6.v+�+�6+�)�a��KL�LCB��M�L����6`�b�`�6,�*�avb�-�b�a6-�b6`�b6b6)�`vbH6*�)�`�*v*�N6-�,v)�aK6+�)�a��KL�L�LCB��M�L�MM��K6`�b�`�6,�*�avb�-�b�a6av)�+�b�a6b�a�6`v,v*va�,�bH6`�b�,�*H��ML6-�,v)�aK6+�)�a��KL�L�LCB��M�L��K6a�*v,�*�*va6*H6`�b6`�b6,vb�`�,��6.v+�+�6+�)�a��KL�L�LCB��NNM�L�M�6*6,�`�b6b�*�6)�*va�+�)�a6b6)�a6bH�6.v+�+�6+�)�a��KL�LCB��NNM�L�K6*6,�`�b6b�*�6)�*va�+�)�a6b6)�a6bK6+�)�a��KLCB��LM����K6*�,�`�b�*�6*6b�`v)�6`�b6a�+6bH�6-�,v)�aK6+�)�a��KLCB��M�L�6a�*v,�*�*va6*H6-�b6`�b6`�b6`�b6-�b6b�c�,�6a�a�+��6.v+�+�6+�)�a��KL�LCB��M�L�̌�6a�*v,�*�*va6*H6-�b6`�b6`�b6`�b6-�b6b�c�,�6a�a�+�N6-�,v)�aK6+�)�a��KLCB��LL�����6b6b�`v*v,H6+�)�,vb�a6b6)�b�*�bHL6-�,v)�aJ�N6.v+�+�6+�)�a��KLLLCB��LL��N�6b6b�`v*v,H6+�)�,vb�a6b6)�b�*�bHL6-�,v)�aK6+�)�a��KLLLCB������6,�*vb�*�b6a�6+6,vav,�bH6)�)�a6`�)�a�L�6-�,v)�aK6+�)�a��KLM��CB��LL��LNL�6`v,�*�*v`�6.v*6b�+�6*�b�a�)�,H��-�,v)�aK6+�)�a��KLCB��LL�M�L��6+6b�a6bH6a�)�,vb�*6b6av)�,v-6b�avb�a6b��-�,v)�aK6+�)�a��KL�LCB����M��M6`v,�*�*v`�6.va�*�)�*6av)�,�*�*v,H6`�b�,�*HL�6-�,v)�aK6+�)�a��KL͌CB��LL��M�6a�*v,�*�*va6*H6*�b�*�b�*�b6)�b�*�bHMv-�,v)�aK6+�)�a��KLLLCB��MNL��LNML�6+�*v,vav)�a�6+�*v-6*6b6a6bH6,�*vb�)�,v*H6*�*vav*�*H6`va6)�avb�a�-�b6+�)�a��KL�L�LCB��LL�M�LM͎6+6b�a6bH6av)�,v-6b�avb�a6b6a�)�,vb�*6b6-�b6b�c�,�6a�a�+�L�6-�,v)�aK6+�)�a��KLM��CB��LL�̌L�L6*�b6`v`�6*�b�a�)�,H6`�b�,�*HL6-�,v)�aK6+�)�a��KL�LCB�LL�L��M�N6+6b�a6bH6-�b6*�)�6-�b�*�,��6.�,v)�aK6+�)�a��KLLLCB�LL�L��N6+6b�a6bH6-�b6*�)�6-�b�*�,�6.�,v)�aK6+�)�a��KL�LCB��M�N�MML�MK6-�b6,v*vbH6,6a�)�a�6)�*v,�*�b6,H�+6b6*�6+�)�a��KLM��CB�MM��M�N�6av)�,�b�+v*H6,�)�av,�b6a�-�Mv,�aK6+�)�a��KLLL�LCB��N̌M���6`�a6b�a�,�6*�*v,H6)�b6`�,�bL6.v+�+�6+�)�a��KL�LCB��LM�ML��6-6)�a�,�bH6a�b�a6`�6-�*vb6,v*K6+�)�a��KL�LCB������NM��K6-6)�av*�b6bH6+6a6`�6)�*v`�*�b�.�L6ava6+�)�a��KL�LCB������NM�MK6-6)�av*�b6bH6+6a6`�6)�*v`�*�b�.�L6ava6+�)�a��KL�LCB��M��N��K6`v,v-�*vbH6+�+�)�a�6)�b6,v)�av*6bvc�6`�*v,�`��.v+�+�6+�)�a��KL�L�LCB��LLMK6,�*v,v`��`�b�*6a6-6*v+va�6*�)�b�*6,�bH6,�)�av,�b6a�-�vb6)�*�6+�)�a��KLM�LCB�͌���M͍��6*6,�`�b6b�*�6)�b6,vb�b6)�a6)�-va6bH�6.v+�+�6+�)�a��KLLLLLCB�͌���M͍L��6*6,�`�b6b�*�6)�b6,vb�b6)�a6)�-va6bH͋�6.�,v)�aK6+�)�a��KLLLCB�͌���MLL��6a�*v,�*�*va6*H6)�b6,vb�b6-�b6`�b6a6)�*�*H�v.�,v)�aJ�L�.v+�+�6+�)�a��KLLLLLCB�͌���MLL��K6a�*v,�*�*va6*H6)�b6,vb�b6-�b6`�b6a6)�*�*H�v.�,v)�aK6+�)�a��KL�LCB�͌���M͍��6*6b�,�`�b6b�*�6)�b6,vb�b6-�b6a6+�a�L�.v+�+ʌ͋�6-�,v)�aK6+�)�a��KLLLMLCB�͌���M͍�K6*6b�,�`�b6b�*�6)�b6,vb�b6-�b6a6+�a�͋�6-�,v)�aK6+�)�a��KLLLCB�͌���M͍M6*6b�,�`�b6b�*�6)�b6,vb�b6-�b6`�b6a6)�*�*HL�.v+�+ʌ͋�6-�,v)�aK6+�)�a��KLLLMLCB�͌���M͍MMK6*6b�,�`�b6b�*�6)�b6,vb�b6-�b6`�b6a6)�*�*H͋�6-�,v)�aK6+�)�a��KLLLCB��M�L�NNL6,vb6a�6)�)�a6*�b6a�6,�)�6*�*va�*v`�*HL6a6*�,K6+�)�a��KL��L��LCB��MM̎L�N��6-�b�*�,�6avb�*�b��-�,v)�aK6+�)�a��KLCB�LLMNM�M�6-6)�av*�b6bH6+6a6`�6*�b�,v,�b�aK��L6a6*�,K6+�)�a��KL��L��LCB�NMMN�6-6)�av*�b6bH6a�b�*v+�6-6b6a6+�*v,H6.vb6+�6ava6+�)�a��KLLLMLCB��LM���6,vb6a�bH6,v)�avbH6`v)�,vaH6,�,vb6-6*�bH�L6-�,v)�aK6+�)�a��KLM��CB��NLM��K6*�b6`v`�6*6b�-6a6*v,HL6-�,v)�aK6+�)�a��KL�LCB�����L���K6-�b�*�,�6av,�av,�6`vb�a�-�*v,H��-�6+�)�a��KLCB��LL͎LL̋6`�a6b�a�,�6*�*v,H6avb6a6`vb�`�,��6.v+�+�6+�)�a��KLL�LM�LCB����LM�6`�)�a6`�6-6*v`v)�`H6b6*v,�*v*�6`vb6+�*�)�`��v.v+�+�6+�)�a��KL���CB����LL��6`�)�a6`�6-6*v`v)�`H6-�*vb6,v*H6`vb6+�*�)�`��v.v+�+�6+�)�a��KLLLCB���L�����LL6-6)�a�b�6`�b6`�*�b�aML6ava6+�)�a��KLCB��NMLM6*�*va�b�,H6avb�a6`�)�-�6-�,v)�aK6+�)�a��KL�L�LCB��L��LNLK6*�*va�b�,H6avb�a6`�)�-6,v*v-6`��6-�,v)�aK6+�)�a��KL�L�LCB��MM��MM�MM̋6a6)�,�*�b�`�6av*vavb6`��LL6+�)�a��KL�L�LCB�M��M�M6av*vavb6`�6avb�dv,6,�)�b6)�6*6*vb�*6bK6+�)�a��KLLLMLCB��M��̍LL�6-�*v+�av)�+�6*�,vb�av,�6-�*vb6,v*K6+�)�a��KLM��CB��N�LMK6-v)�-H6,�*v,v`�b�`�6`vb6+�*�)�`�6`�,v)�avb�a�L6.�,v)�aK6+�)�a��KL���CB��N�L6-v)�-H6,�*v,v`�b�`�6`vb6+�*�)�`�6-�b6`�b6a6)�*�*H�L6.�,v)�aK6+�)�a��KL���CB���̍�M�K6,�b6`H6`�b�`��6.v+�+�6+�)�a��KL�L�LCB���̍�M�̋6`�b�`�6`va6)�avb�a�-�b6*6)�,vb�,��6.v+�+�6+�)�a��KL�L�LCB��LNML6-�b6`�a6b�c�*�6)�b6a6`�*v,H6*�b6`vbHL6-�,v)�aK6+�)�a��KL�LCB��LL����LK6`�b�`�6*6*v,v-�,H6)�b�*�bH�v-�,v)�aJ�M�.v+�+�6+�)�a��KL͌CB��LL�����6`�b�`�6*6*v,v-�,H6)�b�*�bH�v-�,v)�aJ�M�.v+�+�6+�)�a��KL�L̍LCB��LL��͎K6`�b�`�6*6*v,v-�,H6)�b�*�bH�v-�,v)�aJ�M�.v+�+�6+�)�a��KL�L̍LCB���L��LL���6+�b�b6*6*�a�6ava6+�)�a��KLCB��LL�L���6-6)�b6,H6+6,�aH6+6b�a6+�b6,vbL6ava6+�)�a��KL�L̍LCB�����������6*�*va�b�,H6*�b�*�,�)�6,v)�av`�6+�)�a�av)�,v`�bH6`�b�,�*H�`�-�6+�)�a��KLL�LL�LCB����M�MM�M�6-6b�,H6`�*vaH6-�*v,v*6av)�+6)�a��6ava6+�)�a��KLLLCB����M�MM͍6-6b�,H6*�,H6-�*v,v*6av)�+6)�a��6ava6+�)�a��KLLLCB��NL��M�L�6a�*v,�*�*va6*H6-�b6`v,vb�`�6`v,�*�*v`��6-ʌ�6.v+�+�6+�)�a��KLL�LLCB��M�͌�LL��6-v)�-H6*�b�*�,�)�6)�a6,v+vav*H6-6b6-6*H�v-�,v)�aK6+�)�a��KLM��CB��MM��L��6a�)�a�6-6)�b6,vav*H6av)�,vb�a�)�L6-�,v)�aK6+�)�a��KLM��CB�NLL�M�LM�6+�*v`v*�*v,H6-6b�a�M6+�)�a��KLLLMLCB��L�LM�6`�*v-�*v*�6)�a6,v+vav*H�6-�,v)�aK6+�)�a��KL�LCB��L�LL�6av)�b�b6a�b�,�6)�a6,v+vav*H̌6-�,v)�aK6+�)�a��KL�LCB��L�L6`�*v-�*v*�6a�)�,H6)�a6,v+vav*H�6-�,v)�aK6+�)�a��KL�LCB�M�L��M��K6,�,v`�*vbH6,�*�bH6)�a6,v+vav*H�a6*�,K6+�)�a��KLL�LM�LCB��NL��L��6*�*va�b�,H6*�b�*�,�)�6avb6,�)�,vb�a6)��L6-�,v)�aK6+�)�a��KL���CB��͍���6*6,va�+6*6,�av*�bH6,�)�+�bH6`�a�*�,HL6`�-�6+�)�a��KLM��M�CB�LL����6*�b6*�,H6av.v*v*�*v,vbH6ava�+�)�a6*�b6a�+�,��6-�,v)�aK6+�)�a��KL�L�LCB�����͌��M�6`�b�`�6-v*vavb6a�6*6b6*6b6*�b6+�)�a��KLCB��L��N6+6-�)�,v*vbH6b6b�c�a�,�*�b6a�6+�)�a��KLLLCB��LLLM�ML�K6*6a�)�,v)�*�6-�*v,�6av,vb�-6`�6`vb6+�*�)�`�6`�b�,�*HL6-�,v)�aK6+�)�a��KL�L�LCB��L�LLLNĽM�K6,�b�a�b�`�6*6,va�+6`vb6+�*�)�`�6)�b�a�+L6.v+�+�6+�)�a��KL�L�LCB����L�K6*6)�+�bH6)�)�`v`�6`vb6+�*�)�`��`�-�L6.v+�+�6+�)�a��KLLLMLCB��LLLL�L��6*6)�+�bH6,�b6*�6`vb6+�*�)�`�L�6avaH�v.v+�+�6+�)�a��KLLLMLCB����LLLLL�ML�6,�b�a�b�`�6*6,va�+6)�a6,�a�,v)�(HN6,�aH�v.v+�+�6+�)�a��KL�LCB��L�LLLNĽN6*6*va6*vaH6*6,va�+6`vb6+�*�)�`�L6)�b�a�+L6.v+�+�6+�)�a��KL͌CB��L�LLLNĽM��6*6*va6*vaH6*6,va�+6`vb6+�*�)�`�6a6b�`H6,�*v,HL6)�b�a�+L6.v+�+�6+�)�a��KL���CB��M�L�LM�LK6-�b6,v*vbH6)�*v,�*�b6,vbH6ava�+�)�a6)�a�6avb�+�b6+�)�a��KL�LCB��M̍����͍�K6-�b6,v*vbH6ava�+�)�a6)�a�6av)�,v`�*K6+�)�a��KL�LCB��M�LMM̌���6-�b6,v*vbH6av)�,v`�*K6+�)�a��KL�LCB��M�NM��M͋6-�b6,v*vbH6av)�,v`�*K6+�)�a��KL�LCB��M�M͍�NLMK6-�b6,v*vbH6`�-�)�a�6av)�,v`�*H6,�b6,�b�*�6+�)�a��KLLL�LCB��M�M͍�L�LK6-�b6,v*vbH6`�-�)�a�6av)�,v`�*H6,�b6,�b�*�6+�)�a��KLLL�LCB����MN����6`�a6b6-�*vbH6)�b�,�*�,vaH6avb6,��6.v+�+�6+�)�a��KLLLCB��M�L���LLK6*�)�`�b�*�6`�b�a�*�6a�)�a�b6`�a6b�`�L6.v+�+�6+�)�a��KLL͌MCB��L�L��K6av.v*v*�*v,H6+6*vb6)�b�.6a6*6*v+�)�+�L6ava6+�)�a��KLLLMLCB�L��ML6-6b6`�a6)�*�*H6`vb�,vb�,vb6,vb6-�*v,H6`�)�a6`�M̶-�,v)�aK6+�)�a��KL�LCB������NM�K6,v,6+�*vbH6`�a�)�`v*H6+�b6,v.6b�-ML6.�,v)�aK6+�)�a��KL�L�LCB���������̍�6,�b�,H6,�*�bH6,�b�av,v*H6-6b6-6*H��6.�,v)�aK6+�)�a��KLNL��LCB��M��NMM��NM6av.v*v*�*v,J�-6)�av*�b6bH6+6a6`�6`�a6)�b�a��L6ava6+�)�a��KLM��CB��MM̌�NM6a�*v,�*�*va6*H6+�b6*6*vbH6)�*va�*�b�*�b�)��v-�,v)�aK6+�)�a��KLLLMLCB��L�L��M�K6)�b�a�,v,6bH6,�av)�,v*�6`�b6+�bH��6ava6+�)�a��KL�LCB��N�M�̌M�NK6b�)�,vbH6ava�+�)�a6)�a�6+�*v,va�*v`vb�,�6b6*�a6)�b6b�,�6+�)�a��KL͌CB�NN�����6*6b6`�bH6`�-�)�a�6*�)�+�av*J�+�)�a�b
�a�*v,�*�6+�)�a��KL�L�LCB��ML̍L�K6+�*vav)�a�-�*vbH6+�)�b�a�*v,�b6,H6*�)�*�,vbK6+�)�a��KL���CB��M�LL��6b�)�,vbH6ava�+�)�a6)�a�6*�)�+�av*vbH6+�`�*�b6,K6+�)�a��KL͌CB�NN����M�6b�)�,vbH6,v,�aH6+�,vb6,�*�`�,va�6b6*v,�*v*�6+�)�a��KLM��CB�NN���̍͋6+�*vav)�a�-�*vbH6-�b6a6*H6*�)�+�av*H6a�b�,vb6,�6+�)�a��KLLLMLCB��LL�L�K6b�)�,vbH6*�)�+�av*vbH6av*v*�*6*v+�6*6-�b6`�6+�)�a��KL͌CB�NN����L�6+�*vav)�a�-�*vbH6-�b6a6*H
�,�*�)�b�+�*v,vav)�a�6+�)�a��KLLLMLCB��NLN���̋6*�)�b�*�6*6b�.6bH6.�*v,�)�a6*vbH6)�b6*�b6av)�*�b�`�v`�-�6+�)�a��KLLM�L�CB��M͍�L��6,�*vb�)�,v*vbH6+�*v*6a6*�)�+�av*H6.v+�+�6+�)�a��KLLLCB��L�NN�M��6a6)�,�`�,v*H�.v+�+�6*�)�*�,vbK6+�)�a��KLM��CB��M̎M���6+�*vav)�a�-�*H6*�)�*�,vbH6b6*v,�*v*�6+�)�a��KL���CB��MML�LLM͌�6`�)�,�)�a�`�6*�)�+�av*H6a�)�b6,�6,vb6a6)�a�+�6.v+�+�6+�)�a��KLL��L�CB��L�NMM�L6,�*vb�)�,v*vbH6*6-�b6`�6)�)�,�a�6+�)�a��KL͌CB��L�NL���̋6,�*vb�)�,v*vbH��6)�)�,�a�6+�)�a��KL͌CB��L�NM�L��6,�*vb�)�,v*vbH6*6-�b6`�6)�)�,�a�6+�)�a��KL͌CB��L�NM��M6,�*vb�)�,v*vbH6*6*v,v)�,�b�a6bH6)�)�,�a�6+�)�a��KL͌CB��L�NLĽLK6,�*vb�)�,v*vbH6*�)�,�6)�)�,�a�6+�)�a��KL͌CB���LL���L�6*�`v*v`�6+�)�a6b�)�6`v,�*�*v`�6.v*6b�+�L�v-�,v)�aK6+�)�a��KL�LCB�M�LLL��6+�*v,�-�)�bH6-�b6-6*�6a�b�b6`�b�a�b6+��L6b6)�*���6+�)�a��KL���CB��M�ML�M���K6-�*v`�b6+�*v,�`�6+�)�,H�LL�6+�)�a��KL͌CB��MM�����6+�*v,�-�)�bH6a�b�,�`�6a�b6`vav)�a�,�6)�a6av)�a�bH�6+�)�a��KLMM�M�CB��M̍��LLLMK6-v)�-H6,�*va6)�*�*H6,v)�a�-�6)�*vav,vb�`�)�a�6-�)�,v+�a���ava6+�)�a��KL�L�LCB��M�M������6*�*v,vb6`�6*6-�b6b6`�6ava6*vb6a�6.v+�+�6+�)�a��KL�L�LCB��M�͎�LL��6)�b6*�bH6+6a6`�6+�*v,�*�bH6,v)�`HML6b6)�*���Ľ�6+�)�a��KL���LCB����LMMLN���6-6)�av*�b6`�a6b�c�,H6av-v,vbH�6ava6+�)�a��KLL�LM�LCB����LMMLMM6-6)�av*�b6`�a6b�c�,H6av-v,vbH�6ava6+�)�a��KL�L�LCB����LMMLN�6-6)�av*�b6`�a6b�c�,H6av-v,vbH�6ava6+�)�a��KLL�LM�LCB��M�M����NK6*�*v,vb6`�6)�)�av)�a�6a�-6`�`�,va�6av)�b�`�,vb6`vb�*6,v)�v.v+�+�6+�)�a��KL�L�LCB��MLLM�LL�L6`�b6*�bH6-�)�6*6a6b�a�`�6av)�`�,�6-6b6-6*H6,�)�+�*H�.v+�+�6+�)�a��KL�LCB��NNM�M��6*�*v,vb6`�6ava6*vb6a��.v+�+�6+�)�a��KLLLMLCB��ĽL�NLM�K6av*vavb6`�6-6b�,H6*6*vb�*6bH6avb�a6)�N6ava�KL�LK6+�)�a��KL͌CB��M���LM����6av*vavb6`�6-6b�,H6avb�a�b�*�,vbH��6ava��LMK6+�)�a��KL͌CB��M̍M��M�6,v*va�+�*vbH6*�*v*�)�*�*H6)�)�,�a�L��̋6+�)�a��KL��L��LCB��ĽL�NL�MK6av*vavb6`�bH6-6b�,H6*6*vb�*6bH6avb�a6)���6ava�KL�M�6+�)�a��KLL�LM�LCB��L�LNM��6,v,�`�6av*vavb6`�6*�*v,vb6`�6*6*vb�*6bH6avb�a6)��6+�)�a��KL�L�LCB��M͍LN̌LLK6,v,�`�6av*vavb6`�6avb6,v`�6*6*vb�*6bH6avb�a6)�K6+�)�a��KL�L̍LCB��M͍LN̌MNL6,v,�`�6av*vavb6`�6avb6,v`�6*6*vb�*6bH6avb�a6)�K6+�)�a��KL�L̍LCB��M͍LN̌M��6,v,�`�6av*vavb6`�6avb6,v`�6*6*vb�*6bH6avb�a6)��6+�)�a��KL�L̍LCB��M�ML�M�L��6`�a6b�c�a�,�6*�*v,H6,�a6b�*�bH6.v+�+�6+�)�a��KL��L��LCB��L�����͍�6`v,v-�*vbH6+�+�)�a�6b6b�,�+�b6aH6`�)�a6`��L�6+�)�a��KL�L�LCB��M͍LN̌M6av*vavb6`�6avb�c�,6*6*vb�*6bH6avb�a6)��6+�)�a��KL���CB��M͍LN̌MLK6av*vavb6`�6avb�c�,6*6*vb�*6bH6avb�a6)��6+�)�a��KL���CB��ĽL�NL�K6,�*v,v*H6av*vavb6`�6-6b�,H6*6*vb�*6bH6avb�a6)��.v+�+�6+�)�a��KLM��CB��ĽL�NL�6,�*v,v*H6av*vavb6`�6-6b�,H6*6*vb�*6bH6avb�a6)��.v+�+��6+�)�a��KLM��CB��ĽL�NLM6,�*v,v*H6av*vavb6`�6-6b�,H6*6*vb�*6bH6avb�a6)��.v+�+�K6+�)�a��KLM��CB��M͍LN̌ML�6av*vavb6`�6avb�c�,6*6*vb�*6bH6avb�a6)��6+�)�a��KL���CB��L�NN�L6b�)�,vbH6av)�,�bH6-�,v*�a�6ava�+�)�a6+�)�a��KL͌CB��L�NN��M6b�)�,vbH6ava�+�)�a6)�a�6*6a6b6`�6+�)�a��KL�L�LCB�NN�����L�6*6b6`�bH6`�-�)�a��av*vavb6`��+v*v`v)�,�*H6b6*v,�*v*�6+�)�a��KLM�LCB�NN��M͌�6*6b6`�bH6`�-�)�a�6*�)�+�av*H�.v+�+�6+�)�a��KL�LCB��M�͌�͌��̋6`�)�.vb�+�*vbH6-�*v,�*�6.v+�+�v`�-�6+�)�a��KLLL�LCB��M̌MNM�LL�K6av`�*v,�6+�)�,H6b6*v,�*v*��N�6+�)�a��KL���CB��MNLL�M�LM��6*�*v,vb6`�6,�*vb�)�,v*H6-6b6-6*�a�����6+�)�a��KL�L�LCB��M�MN�LM�K6`�b6*�6-6`v)�`H6-�a6)�,�*�)�,H�.v+�+�6+�)�a��KLM��CB��ML�MNN�M�6`va6)�`�,�bH6)�)�bN6avaL�6+�)�a��KLN�NLCB��M�L��M�MLMK6,�*v,v*H6av*vavb6`�bH6-6b�,H6*6*vb�*6bH6`v,vbHv.v+�+�6+�)�a��KLM��CB�NL��N�K6av.v*v*�*v,H6a�b�.6b�)�6*6a�6*6)�a6)�*va6av)�a�bH6)�b6,v+6b�a�)�a�6ava6+�)�a��KL�LCB�LMM����M�6av.�.v+6b6a�6+�+�)�a�6,�a�,�b6+�)�b�a�6,vb�*�)�,vbH�vava6+�)�a��KLM��CB��L���NL�K6av`�a6b6`�6,v*v-6)�-va6bH�6,�aK6+�)�a��KLLM�L�CB��L���NL��6av`�a6b6`�6,v*v-6)�-va6bH�6,�aK6+�)�a��KLL��L�CB��M��M��L�6+6*va�*�*vbH6`�*va6*vaH6ava6*vb6a�6+�)�a��KLM��CB��LM��M���K6`�b�`�6`�b�`�,�6*6b�`v)��6.v+�+�6+�)�a��KL�LCB��LM������6`�b�`�6`�b�`�,�6*6b�`v)�6+�)�a��KLCB�MLLLNMM�M�6`�a�*�)�`�bH6av,vb�-6`�6`vb�a6bH6*6b6)�+�bH6`�b�,�*H6-�,v)�aK6+�)�a��KLLLCB��N����6,v,6+�*vbH6`�b6a�)�`v*H6+�`�*�b6,H6`vb�a6a6b6`�b�,�*HL6-�,v)�aK6+�)�a��KL�L�LCB�MLLLNM�6`�a�*�)�`�bH6av,vb�-6`�6+v)�,H6*6b6)�+�bH6`�b�,�*H6.v+�+�6+�)�a��KL͌CB�MLLLNM�LL6`�a�*�)�`�bH6av,vb�-6`�6*6b6)�+�bH6`�b�,�*H�L6-�,v)�aK6+�)�a��KL͌CB��LMN͌M�6-6b�,H6-�b6`�b6a6)�*�*H6+�b�avb�,��L6ava6+�)�a��KLM��CB��LMN�̎�6-6b�,H6-6av*�bH6+�b�avb�,��L6ava6+�)�a��KLM��CB��LMN���6-6b�,H6avb6,�6b6`v,v)�b6a6*H6+�b�avb�,��L6ava6+�)�a��KLM��CB��LMN�M�6-6b�,H6av-6*v`�a6+�b�avb�,��L6ava6+�)�a��KLM��CB��LMN��N6-6b�,H6`v,v)�b6a6*H6+�b�avb�,��L6ava6+�)�a��KLM��CB���LM�NM��M�6-6*v,v*6*v*�6)�*v`�b6)�6a6)�a�b�)�6-6b6-6*HL6ava6+�)�a��KL�L�LCB���LM�NM��K6-6*v,v*6*v*�6)�*v`�b6)�6a6)�a�b�)�6-6b6-6*HL6ava6+�)�a��KL�L�LCB���LMNLLM��NK6-6*v,v*6*v*�6)�*v`�b6)�6a6)�a�b�)�6-6b6-6*HL6ava6+�)�a��KL�L�LCB�����LM���6*�*va�b�,H6`�b�,vbH6-6b6-6*H�6-�,v)�aK6+�)�a��KL���CB����M��LL�L�6-6*v,v*6*v*�6-6)�*��6ava6+�)�a��KLCB����M��LL��K6-6*v,v*6*v*�6-6)�*��6ava6+�)�a��KLCB����M��LL��6-6*v,v*6*v*�6-6)�*��6ava6+�)�a��KLCB����M��LL�L�6-6*v,v*6*v*�6-6)�*��6ava6+�)�a��KLCB����M��LL��6-6*v,v*6*v*�6-6)�*��6ava6+�)�a��KLCB�M�L��LL�6+6-�)�,v*vbH6`�)�*�*�a�6*6a6)�`���v-�,v)�aK6+�)�a��KL�L�LCB����L�M��K6,�b�a�`�6a6)�,�`�b�6.�6+�)�a��KL͌CB���LĽ�6a�*v,�*�*va6*H6a6b6b�,�6`v,v)�b6a6*H6-�,v)�aK6+�)�a��KL�LCB���LL��M�6-�b�*�,�6`vb�a�-�*v,H6,�*�b�`�,�6+�)�a6b�)�M�6-�,v)�aK6+�)�a��KL�LCB�NL�LL6`�)�b6*vbH6avb6`�)�*�6`�a6)�,�b�`�6-ʌL6.v+�+�6+�)�a��KLM��CB����M�L�6*6*va�b�-6*�6,vb�`�,�6`v,vb�-�v.�,v)�aK6+�)�a��KLCB����M�͋6*6*va�b�-6*�6,vb�`�,�6`v,vb6*��v.�,v)�aK6+�)�a��KLCB����M�L6*6*va�b�-6*�6,vb�`�,��v.�,v)�aK6+�)�a��KLCB���LM����6,�*6b6`�bH6*�,v-�6.6b�b6,vb�c�+�6+�)�a��KL�L�LCB���LM���͋6,�*6b6`�bH6*�,v-�6.6b�b6,vb�c�+�6+�)�a��KL�L�LCB����L�����6`�b�`�6,vb6`�,�bH�6.v+�+�6+�)�a��KL�L�LCB����L���L�6`�b�`�6,vb6`�,�bH�6.v+�+�6+�)�a��KL�L�LCB����L����6`�b�`�6,vb6`�,�bH�6.v+�+�6+�)�a��KL�L�LCB��LLLLLK6avb6`�*vb�`H6a�)�b�,H6-�b6b�c�,�6a�a�+��6-�,v)�aK6+�)�a��KLL�LM�LCB����L�M�̍6`�a6b�c�a�,�6*�*v,H6,�a6b�*�bH6*�*6bHL6.v+�+�6+�)�a��KL�L̍LCB��NNM�M�L�6`�a6b�c�a�,�6a�b6)�
���6.v+�+�6+�)�a��KLLLMLCB��NNM�M�6`�a6b�c�a�,�6a�b6)���6.v+�+�6+�)�a��KLLLMLCB��M��NL���K6`�a6b�c�a�,�6)�)�,vb�)�,�L6.v+�+�6+�)�a��KLM��CB�������6`�b�`�6+�b6a�)�*�6`�a�a�b6-Mv-�,v)�aK6+�)�a��KLCB����M���L�6*6a�`��)�,�*�b�`�)�a�6-�)�6+�*v*�6,�*v,H6*�,vb6av,�b�,�L�.v+�+�6+�)�a��KL�M��CB����M����6*6a�`��)�,�*�b�`�)�a�6-�)�6+�*v*�6,v,�)�,�bH6*�,vb6av,�b�,�L�.v+�+�6+�)�a��KL�M��CB����M�M�NK6*6*v,v+�)�+�6)�)�b6*�,vb6av,�b�,�6+�*v*�6,v,�)�,�bH�.v+�+�6+�)�a��KLM͌NCB����LMMM�N6*6*v,v+�)�+�6)�)�b6*�,vb6av,�b�,�6+�*v*�6,�*v,H�.v+�+�6+�)�a��KLM͌NCB����MLM�M��6*6*v,v+�)�+�6)�)�b6*�,vb6av,�b�,�6a�*v+�-6*H6,v,�)�,�bH�.v+�+�6+�)�a��KLM��M�CB����MLL�L�6*6*v,v+�)�+�6)�)�b6*�,vb6av,�b�,�6a�*v+�-6*H6,�*v,H�.v+�+�6+�)�a��KLM��M�CB����M�L�M�6*6a�`��)�,�*�b�`�)�a�6*�,vb6av,�b�,�6a�*v+�-6*H6,v,�)�,�bHL�.v+�+�6+�)�a��KL�M���CB����M�LM��6*6a�`��)�,�*�b�`�)�a�6*�,vb6av,�b�,�6a�*v+�-6*H6,�*v,HL�.v+�+�6+�)�a��KL�M���CB���LL͍NLK6-v)�*6b6a�6)�b�.6bHL6-�,v)�aK6+�)�a��KLLLCB��M̎L�LLK6a�*v,�*�*va6*H6`v,�*�*v`�6+�b6*6*vbH6-�b6`�b6a6)�*�*H�v-�,v)�aK6+�)�a��KLLLCB�NNNNNLL���6-6)�av*�b6a6)�b�`H6*6b6+6,�aHML6ava6+�)�a��KLM��CB������̌L���6`va6`va6-6b�)�*�6-6b6-6*H�6.�,v)�aK6+�)�a��KL�LCB�LMM��LM��6av.v+6b6a�6+�+�)�a�6,�a�,�b6+�)�b�a�6b�`�,�*�,v)�6`v,vb�-�vava6+�)�a��KLM��CB������̌LM�K6av.v+6b6a�6*�*vav)�*�*H6-6b�)�*�6-6b6-6*HML6-�,v)�aK6+�)�a��KL���CB����NLLLL���6-�b6`�a6b�c�*�6a�*v,�*�*va6*H6*�)�a�b�)�a�6+�)�,v`�	M�6+�)�a��KLL�LM�LCB������̌MM�6,�*vb�*�b6a�6,�*v,H6-6b�)�*�6-6b6-6*H�6-�,v)�aK6+�)�a��KLLL�LCB��LL�MM��K6-v)�*6b6a�6`v)�`�,�6+�)�a��KLLLCB��NLN���NL�6-v)�*6b6a�6,�*vb�*�b6a�6*6b�.6bHL�v-�,v)�aK6+�)�a��KLLLCB����M�ML�LK6-�b6`�a6b�c�*�6-6b6a�b�,��L6-�,v)�aK6+�)�a��KL��L��LCB��M��L�L�K6a�*v,�*�*va6*H6*�b6,vb�a�6`�a6)�,�b�`��6.v+�+�6+�)�a��KLLL�LCB�����LL��6*�,�`�b�*�6av)�+�*v,H6-6b�,vbH6*�)�`�*v*��L6-�6+�)�a��KL�LCB��MMM���6*�*va�b�,H6av,v)�+�*6bH6)�a6(�-v)�*6.HML6.�,v)�aK6+�)�a��KL�L�LCB���L�L�M�M�6`�a�*�)�`�bH6av,vb�-6`�6,�a�b�b6,v*H6`�b�,�*HL6.�,v)�aK6+�)�a��KLLLCB����L��NNMMK6+�b6,v-6`�b�av*H6`�)�av-�b�a�6`�b6+�bH6-�,v)�aK6+�)�a��KL��L��LCB�NL�M�6*�,�`�b�*�6+�`�*�b6,H6+6b�,v)�,v+���v-�,v)�aK6+�)�a��KLLLCB�͌��L�NK6,vb�`�)�6)�)�av)�a�̈6-�*vb6,v*H̍L6-�,v)�aK6+�)�a��KL͌CB�͌��L���6,vb�`�)�6)�)�av)�a�̈6-�*vb6,v*H̍L6-�,v)�aK6+�)�a��KL͌CB�ML�̌�MML͋6,vb�`�)�bH6)�)�av)�a�6+�)�a�aHL6-�,v)�aK6+�)�a��KLLLMLCB��������K6,�b�,H6,�*�bH6,�+v,H6-6b6-6*HL6-�,v)�aK6+�)�a��KLM��CB���L�MLNN6-6)�av*�b6bH6av*vavb6`�6-6b6-6*�a�6,vb6a6*HL6ava6+�)�a��KL͌CB��L�L���L��K6+�)�,v`�bH6+�+�)�a�6`�)�a6`��6.v+�+�6+�)�a��KLLLCB��L�NML�͋6.va6`�6)�)�b�avb�c�a�*��.v+�+�6+�)�a��KLCB��L�NML�M�6.va6`�6)�)�b�avb�c�a�*��.v+�+�6+�)�a��KLCB����M�NM6.va6`�6)�)�b�avb�c�a�*��.v+�+�6+�)�a��KLCB��L�NML̎L�6.va6`�6)�)�b�avb�c�a�*��.v+�+�6+�)�a��KLCB��NNM�L���M̋6*�b6a6*6b�*6*v,H6*�,v`�bH6)�)�a6b�a�L6-�,v)�aK6+�)�a��KLLL�LCB�M�����6+�b6bvc�6*6+v,H6+�)�b�avb6a�+�L6-�,v)�aK6+�)�a��KL��L��LCB���LL���L��6*6,�`�b6b�*�6,�b6b�-�6+6a6b6`�b6,�L6.v+�+�6+�)�a��KLLLMLCB���LL�NNK6*6,�`�b6b�*�6,�b6b�-�6)�b6a�6*6b6bH�6.v+�+�6+�)�a��KL���CB������M�6-v)�-H6av)�,�*�6,�+v,H6+�*v*6*H�6-�,v)�aK6+�)�a��KLL�LM�LCB������ML6av)�b�b6a�b�,�6,�+v,H6+�*v*6*H��6.�,v)�aK6+�)�a��KLL�LM�LCB������M��6-v)�-H6`v,v*va�,�bH6,�+v,H6+�*v*6*H�6.�,v)�aK6+�)�a��KLLLMLCB�������LLLK6*�,v-6b6`�6av*vavb6`�6a�*vav*�)�6+�)�a��KLCB��L�LL��L�NK6-�b6,v*vbH6*�b�)�b6)�a�6)�)�b�,�6+�)�a��KLM��CB�M��K6*6,�`�b6b�*�6-6b6`�6,�bK6+�)�a��KLCB�N���K6,�*vb�*�6,�*vb�*�b6a�6a6b6-�b�a6b�a6*�,K6+�)�a��KL�M��CB�N�L6,�*vb�*�6-�b6a6*H6*6*v,v)6,6*H6a6b6-�b�a6b�a6*�,K6+�)�a��KLLLCB��M�NM��LK6-�b6,v*vbH6ava�+�)�a6)�a�6*�b�a�bH6*6)�,K6+�)�a��KL�LCB��LM���6*�*va�b�,H6*�b�*�,�)�6,v)�avbHL6`�-�6+�)�a��KL͌CB��L��L̍�N�LK6+�b�*�b6a6a6b�,�b6*�b6aL6ava6+�)�a��KL�LCB���L�����K6,�`va�6*6*�a�6ava6+�)�a��KLCB����M�ML��͌�6*�,vb6av)�,�*�6`�)�a6*H6*�,vb6*�b�a�6-�,v)�aK6+�)�a��KLM��CB����M�M�6`�a�*�)�`�bH6av,vb�-6`�6,�`�)�a6b6*�6*�avb�a�)�L6.�,v)�aK6+�)�a��KL�LCB����NM�ML6+�)�,v`�bH6-�b6-�`�6*6b�a6b6`�,�6`�)�a6`�6+�)�a��KLLL�LCB��LL�MMML�6-v)�*6b6a�6+�b6,vb
�L6-�,v)�aK6+�)�a��KLNL��LCB��LL�MMM�K6-v)�*6b6a�6+�b6,vb
�L6-�,v)�aK6+�)�a��KLNL��LCB�NLL��MM�̍K6+�*v.6*vavb6,�6b6b6a6`H6+�*vbH�+�*v.6bHv.v+�+�6+�)�a��KL�LCB�NLL��L��M6+�*v.6*vavb6,�6b6b6a6`H6+�*vbH�+�*v.6bH�.v+�+�6+�)�a��KL�L�LCB�NLL���LLMLM�6+�*v.6*vavb6,�6b6b6a6`H6+�*vbH�+�*v.6bH�.v+�+�6+�)�a��KL�L�LCB��MLL�L�6`v,v-�*vbH6*�*vb6)�a6b�c�*�6*�)�,vb�`�,�6*�,v`�bK6+�)�a��KLLLCB��MLL�MN6*�*v,vb6`�6*�)�,vb�c�`�,�6ava6*vb6a�v.v+�+�6+�)�a��KL�LCB��MLL�M�K6*�*v,vb6`�6*�)�,vb�c�`�,�6ava6*vb6a�6.v+�+�6+�)�a��KL�L�LCB��LN����K6av.v*v*�*v,H6*6a6)�+�bHML6ava6+�)�a��KL�L�LCB��LL�MLL�6av.v+6b6a�6+�+�)�a�6,�)�a�b�a�b6,�b�a�,�*�b�.L6ava6+�)�a��KLLLMLCB��LL�MLLM�6av.v+6b6a�6+�+�)�a�6,�)�a�b�a�b6a�)�*�b6,v)�a6)�b�`�,�*�,v)�`�*�L6ava6+�)�a��KLLLMLCB��LL�ML�6av.v*v*�*v,H6,vb6a6*6a�6*6)�a6*6a6)�+�bHL6ava6+�)�a��KL�L�LCB��LL�MLN�6av.v*v*�*v,H6,vb6a6*6a�6*6)�a6*6a6)�+�bHL6ava6+�)�a��KL�L�LCB��LL�MLM�6av.v*v*�*v,H6,vb6a6*6a�6*6)�a6*6a6)�+�bHL6ava6+�)�a��KL�L�LCB��LN�M̋6av.v*v*�*v,H6b�avb6-6a�ML6ava6+�)�a��KL�L�LCB��LL�M�M�K6-6)�av*�b6bH6ava�+�)�a6)�a�6*6*vb�*6bH6+�b6.6ava6+�)�a��KL�LCB�̌NLML�MK6-6)�b6,H6+6,�aH6)�*v`�,�bH6ava6+�)�a��KL͌CB�̌NLML�M͋6-6)�b6,H6+6,�aH6)�*v`�,�bH6ava6+�)�a��KL͌CB�̌NLML�ML�6-6)�b6,H6+6,�aH6)�*v`�,�bH6ava6+�)�a��KL͌CB���L�L�L�K6av.v+6b6a�6,�b�-�a�)�a6)�a6*�,�b6,�N�.�,v)�aK6+�)�a��KLL�LM�LCB��M̎LNL��͋6`v,v-�*vbH6+�+�)�a�6`�)�a6`�6-�b6,v)�a6+�)�a��KL�LCB��NM�NLM6*6*va�b�-6*�6`�b6a6)�+6b�a�M6.v+�+�6+�)�a��KL�LCB�L��M�LM��6,vb�`�)�6*�,vb�a�L6ava6+�)�a��KLNL��LCB�L��M�LM�NK6,vb�`�)�6*�,vb�a�L6ava6+�)�a��KLM��CB��MM�M�NK6,�*vb�*�b6a�6*�b�*�,�)�6a�b�+6)�6`�b6+�bH�6-�,v)�aK6+�)�a��KL�LCB��M����N�6,�*vb�*�b6a�6,v*v-6)�a6,v+vav*H6`�b6+�bH��6-�,v)�aK6+�)�a��KLLL�LCB��������6*�*va�b�,H6ava�-�a6`�aH6-�,v*6`�)�a6`��L6-�,v)�aK6+�)�a��KLLLMLCB�������L��6,�*6+�*H6ava�-�a�L6-�,v)�aK6+�)�a��KLLL�LCB����M͎�LM�6-6b�,H6avb6,�6avb�a�a�L�vava6+�)�a��KLCB����M͎�MK6-6b�,H6`v,v)�b6a6*H6avb�a�a�L�vava6+�)�a��KLCB����M͎N���6-6b�,H6-�b6`�b6a6)�*�*H6avb�a�a�L�vava6+�)�a��KLCB����M͎N�K6-6b�,H6*�,H6-�,v*6avb�a�a�L�vava6+�)�a��KLCB���L��L�6*�b6`�*vbH6*�,v-�6+�)�a��KLLLCB��MNL�NMK6av`�*v,�6-�*vb6,v*H6ava6*vb6a��L̋6+�)�a��KL�LCB��M�LLL����6,�b6*�6*�*vav)�*�*H6)�)�a6*�b6a�6,�)�L�.v+�+�6+�)�a��KL�L�LCB��M�LLL��L�6,�b6*�6*�*vav)�*�*H6)�)�a6*�b6a�6,�)�Mv-�,v)�aK6+�)�a��KLLLCB��M̌NL�6*6,va�+6bH6)�*vav,vb�`�bH6)�)�a6*�b6a�6,�)�6*�)�`�*v*�L6-�,v)�aK6+�)�a��KL�L�LCB�͎LM�LL�6*6a�)�,v)�*�6*�`�*vbH6av,vb�-6`�6`�)�a6`�6)�a6a�,�,H6,�a�*6bK6+�)�a��KL�LCB���MM�LNL��K6-6b�,H6a�b�+�b6`�b�,�*H6,�*v,H��L6.�,v)�aK6+�)�a��KL�LL�MLCB�̌��LNMMML�6,vb�`�)�6)�)�av)�a�6+�b6.6b�c�,HML6-�,v)�aK6+�)�a��KL�L�LCB�̌��LM�ML��K6,vb�`�)�6)�)�av)�a�6+�b6.6b�c�,HML6-�,v)�aK6+�)�a��KL�L�LCB�̌��LM�MM͍6,vb�`�)�6)�)�av)�a�6+�b6.6b�c�,HML6-�,v)�aK6+�)�a��KL�L�LCB�̌��LM�MM��K6,vb�`�)�6)�)�av)�a�6+�b6.6b�c�,HML6-�,v)�aK6+�)�a��KL�L�LCB��L͍�L̎M�K6b6b�`v*v,H6)�*va6*�b�c�a6)��6-�,v)�aK6+�)�a��KLCB�����LM��MK6,vb�`�)�6)�)�av)�a�6)�b�`�,�*�,v)�6,�*�,vb6a�-�6-�,v)�aK6+�)�a��KLM��CB��MM��L�͋6b6*v,v*v`�*vbH6*�b�*6b�a�bH6*6-�b6`�6ava6*vb6a�L6.v+�+�6+�)�a��KLLLCB��M̍LLNM�K6+vav-H6*6)�a6-6*�*H6)�a6`�,�b�+H
�L�v.�,v)�aK6+�)�a��KL���CB��M̍LLNK6+vav-H6*6)�a6-6*�*H6)�a6`�,�b�+K6+�)�a��KL�L�LCB�����LM�LM�6`�a6b�c�a�,�6,vb�c�a�6+�)�a��KLLLCB���K6`�a6b�c�a�,�6,vb�c�a�6+�*v,�*�*HL6.v+�+�6+�)�a��KL�L�LCB��M̌NL�K6*�)�b�*�6)�)�a6*�b6a�6,�)�6.�*v,�)�a6*vbH6)�b6*�b6av)�*�b�`��`�-�6+�)�a��KLM��CB�����LM���6*�)�b�*�6)�a6b6,�b�,H6.�*v,�)�a6*vbH6.v)�+�bH6`�-�6+�)�a��KLLM�L�CB�����LM��M�6*�)�b�*�6)�a6b6,�b�,H6.�*v,�)�a6*vbH6.v)�+�bH6`�-�6+�)�a��KLLM�L�CB�����LM����6*�)�b�*�6)�a6b6,�b�,H6.�*v,�)�a6*vbH6.v)�+�bH6`�-�6+�)�a��KLLM�L�CB���LMLNML6`�)�,�)�a�`�6,�*v,H6)�)�-�,H6a�)�bH6`vb6+�*�)�`��.v+�+��v,�aK6+�)�a��KL�L�LCB���LMLNM��6`�)�,�)�a�`�6,�*v,H6)�)�-�,H6a�)�bH6`vb6+�*�)�`��.v+�+��v,�aK6+�)�a��KL�LCB���LMLNM�6`�)�,�)�a�`�6,�*v,H6)�)�-�,H6a�)�bH6`vb6+�*�)�`��.v+�+��6,�aK6+�)�a��KLM��CB���LMLM�6`�)�,�)�a�`�6,�*v,H6)�)�-�,H6a�)�bH6`vb6+�*�)�`��.v+�+�6-�*vb6,v*K6+�)�a��KL��L��LCB���LL��6`�)�,�)�a�`�6,�*v,H6)�)�-�,H6a�)�bH6`vb6+�*�)�`��.v+�+�6*6-�b6`�6+�)�a��KL�L�LCB����L����K6`�b�`�6,vb6`�,�bH�6.v+�+�6+�)�a��KL�L�LCB��L�LLLLL6,�*v,v`��`�b6*�6`�)�b6*H6b�a6b6*6)�`��v.v+�+�6)�b6a�,�6+�)�a��KLNL��LCB��L�LLLLLL�6`�b6*�6`�)�b6*H6b�a6b6*�)�`�6)�b6a�,�L6.v+�+�LLL�6+�)�a��KLLL�LCB��L�LLLLL6,�*v,v`��`�b6*�6+�*6a6b�a6b6*�)�`��v.v+�+�L�)�b6a�,�6+�)�a��KL��L��LCB��L�LL��6,�*v,v`��`�b6*�6b�a6b6*�)�`��v.v+�+�L�)�b6a�,�6+�)�a��KL�L�LCB��L�LLLLL��6`�b6*�6*6*v,�*v,v`�6b�a6b6*�)�`�L6.v+�+�L�)�b6a�,�LL��6+�)�a��KLL�LM�LCB��MMLL�LL�L�6-�a6b6*�*vbH6*6-�b6`�L6b6)�*�R��6+�)�a��KL�LCB�L�NNNL���M6-6*v,v*6*v*�6)�*vavb�`�b�6ava6+�)�a��KLLLCB��L�L��M���6,�av)�,v*�6+�,v)�`�b6a�6*6b�6-6`�,K6+�)�a��KL�LCB��LLL���K6a�*v,�*�*va6*H6-�b6`�b6*6,vb�c�`��6.v+�+�6+�)�a��KLLL�LCB��LLL���̋6a�*v,�*�*va6*H6-�b6`�b6*6,vb�c�`�6+�)�a��KLCB�ML�M��L6*�*va�b�,H6*�b6a6b6aH6,�b6aH6,�,vb6-6*�bH6*�,H6-�*vb6,vbH�L6.�,v)�aK6+�)�a��KL�L�LCB�ML��6*�*va�b�,H6*�b6a6b6aH6,v*va�+�*v`�,vbH6,�b6aH6,�,vb6-6*�bH6*�,H6-�*vb6,vbH�L6.�,v)�aK6+�)�a��KL�L�LCB�����L�6*�,�`�b�*�6*�b6*6b�*�6-�b6`�b6,�*va�+�*vb6b�-��6.v+�+�6+�)�a��KL�LCB�������6*�,�`�b�*�6*�b6*6b�*�6-�b6`�b6,�*va�+�*vb6b�-�̶-�,v)�aK6+�)�a��KLCB�LLMNML�6,vb�`�)�6*�,vb�a�L�ava6+�)�a��KLM��CB��M̍LL��K6+vav-H6*6)�a6*�+vb�a�*H6)�a6`�,�b�+H
�L�v.�,v)�aK6+�)�a��KL���CB��M̍LLMM��6+vav-H6*6)�a6*�+vb�a�*H6)�a6`�,�b�+K6+�)�a��KL�L�LCB��͎�NML�6.�,�b6a6bH6*6b�+�b6a6a�*vavb6b6*�b�c�,�*�b�c�`��Ͷava6+�)�a��KLL�LLCB��͎�NMLM�6.�,�b6a6bH6*6b�+�b6a6*�b�c�,�*�bH6a�-6`��Ͷava6+�)�a��KL͌CB��͎�NML��6.�,�b6a6bH6*6b�+�b6a6*�b�c�,�*�bH6-�*vb6,H�Ͷava6+�)�a��KLL�LLCB����͍͍��M�6*�,�`�b�*�6-�b6`�b6*6b6a�,�6a�b�,�6b6*va��6.v+�+�6+�)�a��KL�LCB����͍͍��K6*�,�`�b�*�6-�b6`�b6*6b6a�,�6a�b�,�6b6*va��6-�,v)�aK6+�)�a��KLCB����͍͍��K6*�,�`�b�*�6-�b6`�b6*6b6a�,�6a�b�,�6b6*va��6.v+�+�6+�)�a��KL�LCB����͍͍���6*�,�`�b�*�6-�b6`�b6*6b6a�,�6a�b�,�6b6*va��6-�,v)�aK6+�)�a��KLCB����͍͍M�K6b6b�`v*v,H6-�b6`�b6a6)�*�*H6a�b�,�6b6*va��6.v+�+�6+�)�a��KL�LCB����͍͍M�6b6b�`v*v,H6-�b6`�b6a6)�*�*H6a�b�,�6b6*va�Mv-�6+�)�a��KLCB����͍͍�MNK6`�b�`�6-6b�,vbH6a�b�,�6b6*va��6.v+�+�6+�)�a��KL�LCB����͍͍�M�6`�b�`�6-6b�,vbH6a�b�,�6b6*va�6+�)�a��KLCB��LL�����6`�b�`�6)�*v+�b�`�*�b6-�b6a6+�v.v+�+ʌ�6-�,v)�aK6+�)�a��KLM��CB�LLM�͋6*�b�c�`�*va6*vbH6a6b6,�)�6`�b�,�*H6`�*v,�`��L6-�,v)�aK6+�)�a��KL�LCB��M�������6,�*vb�*�b6a�6*�b�*�,�)�6)�)�,v-6b�)�6`�b6+�bH�v-�,v)�aK6+�)�a��KL�L�LCB��M�����6a�*v,�*�*va6*H6+�b6*6*vbH6-�b6`�b6a6)�*�*H6*6b6a6-�bHM�-�,v)�aK6+�)�a��KLLLMLCB��LL��NL���6a�*v,�*�*va6*H6-�b6`�b6a6)�*�*H6)�b�c�*�bH6-�b6a6+��v-�,v)�aK6+�)�a��KLLLCB��LLLM�L6*�,�`�b�c�*�6-�b6`�b6*�b6,v)�*�)�6)�b6a6`�*v,H6*�,v*�*v`�)�aL6-�,v)�aK6+�)�a��KL�LCB��M��NNMK6a�*v,�*�*va6*vbH6+�b6*6*vbH6-�b6`�b6a6)�*�*H6*6b6a6-�bHL6-�,v)�aK6+�)�a��KL͌CB����L��L�K6-6b�,vb�a�bH6,v+�-6+�6av-6*v`�aL6-�,v)�aK6+�)�a��KLM��CB����L��LK6`�b�`�6-6b�,vb�a�bH6,v+�-6b�+�6+�)�a��KLLLCB��M��M6*�*v`�a6)�b6*vbH6`v,�*�*v`�6*�,v`�bH̶-�,v)�aK6+�)�a��KLLLMLCB����LL�6*�*v`�a6)�b6*vbH6`v,�*�*v`��6-�,v)�aK6+�)�a��KL�L�LCB����LLNK6*�*v`�a6)�b6*vbH6-�b6b�c�,��6-�,v)�aK6+�)�a��KLLLCB��M��LM�6a�*v,�*�*va6*vbH6+�b6*6*vbH6-�b6`�b6a6)�*�*H6*6b6a6-�bHM�-�,v)�aK6+�)�a��KL�LCB��M̎MK6av.v*v*�*v,H6*6a�6*6)�a6+�b�b6,H6a�b6aH�6ava6+�)�a��KL͌CB��M̎N�6av.v*v*�*v,H6*6a�6*6)�a6*�,v)�+�)��6ava6+�)�a��KL͌CB��M̎M�K6av.v*v*�*v,H6*6a�6*6)�a6.6b�`�*�b6,vb�)�6,�b�`�b�,v*��6ava6+�)�a��KL͌CB�M�L�L�LM�6+�*v,vav)�a�6*6b6,vbH6`�,v+�a�*vb6*H6avb6av*�)�,�6+�)�a��KLL�LM�LCB��M���L��6-6b6,v*�6*�b�)�b6)�a�6,�*�,vb6a�-�6*6b6bH�.v+�+�6+�)�a��KL�LCB��NL�L��LN6,�+6b6`�6,�b�-�b�+�b6.�a6b6-�,v)�aK6+�)�a��KL�LCB��M�MLL�M��6a6)�b�*�6b6)�b�*�6a6)�,�b�,H6-6*v.va�6*�)�b�*�6+�)�a��KL�LCB��M�LLN�6a6)�b�*�6a6b�+��LK6+�)�a��KLMLLMMLCB��M�̌�LNM�6av*v`�b�a�*vbH6,v+�b�a�6.6-�,H�NLNK6+�)�a��KLLLLLCB�M�M�L�L�K6+�*v,vav)�a�6`vb6,v,�)�a�6*�*vb6)�a6b�c�*�L�vava6+�)�a��KL��L��LCB�����NL�K6+�b6bH6,v*�)�a6)�,H6+�*v*6*vbH6-�*vb6,v*K6+�)�a��KL��L��LCB�͌L���M�6-6)�av*�b6a6b6,vb�)�a6av,�,vbH6ava6+�)�a��KL͌CB��M�ĽL��6-6.v,vb�*H6*6b�a�6*6b�a�6*6*v,v+�)�+��6-�,v)�aK6+�)�a��KLLLCB��M�ĽL�LK6-6.v,vb�*H6*6b�a�6*6b�a�6*6*v,v+�)�+��6-�,v)�aK6+�)�a��KLLLCB��M��L�M��6*�,�`�b�*�6av,�*�*v,H6*6)�b�*�6*�b6,vb�a��6.v+�+�6+�)�a��KLLL�LCB��M��L�M��6*�,�`�b�*�6av,�*�*v,H6*6)�b�*�6*�b6,vb�a�6-�6+�)�a��KLCB��M��L�M�6*�,�`�b�*�6av,�*�*v,H6*6)�b�*�6*�b6,vb�a��6.v+�+�6+�)�a��KLLLMLCB��M��L�L�M�6*�,�`�b�*�6av,�*�*v,H6*6)�b�*�6*�b6,vb�a�6-�6+�)�a��KLCB��M��L�L�̋6*�,�`�b�*�6av,�*�*v,H6*6)�b�*�6*�b6,vb�a��6.v+�+�6+�)�a��KLLL�LCB��M��L�L͍K6*�,�`�b�*�6av,�*�*v,H6*6)�b�*�6*�b6,vb�a�6-�6+�)�a��KLCB��M��L��K6*�,�`�b�*�6av,�*�*v,H6*6)�b�*�6*�b6,vb�a��6.v+�+�6+�)�a��KLLL�LCB��M��L�NM�6*�,�`�b�*�6av,�*�*v,H6*6)�b�*�6*�b6,vb�a��6-�,v)�aK6+�)�a��KLCB��M��L�M��6*�,�`�b�*�6av,�*�*v,H6*6)�b�*�6*�b6,vb�a��6.v+�+�6+�)�a��KLLL�LCB��M��L�L�6*�,�`�b�*�6av,�*�*v,H6*6)�b�*�6*�b6,vb�a��6-�6+�)�a��KLCB�N�͌��MNK6-�b�*�,�6avb6a�b�,�*�b�,H6avb6a�-�6a6b6,vb�a�,��v-�,v)�aK6+�)�a��KLNL��LCB�N�͌̌�6-�b�*�,�6avb6a�b�,�*�b�,H6avb6a�-�6a6b6,vb�a�,��v-�,v)�aK6+�)�a��KLNL��LCB�N�͌���L�6-�b�*�,�6avb6a�b�,�*�b�,H6avb6a�-�6a6b6,vb�a�,��v-�,v)�aK6+�)�a��KLNL��LCB�����M�6,vb6a�6a�*vb6,v*v,�6*�*va�*v`�*HL6a6*�,vbK6+�)�a��KL���LCB�MMML�LLNL��6-�*v+�av)�+�6*�*v*6)�+�6b6.�)�,�6)�)�,vb�)�,�6+�)�a��KL�LCB�M����NL͋6+�)6bvc�6a�b�av)�a6)�6,�*�bH6a�b�c�a�)�a�6`�)�a6`�L6-�,v)�aK6+�)�a��KL��L��LCB�L��L��L�K6-6*v`�,H6`�)�b6*vbH6av)�+6,�*�b�`�6,�b6`�*v,vbHv`�-�6+�)�a��KL�L�LCB��LLL�6*6,�`�b6b�*�6*�b6,v*�b�6.v+�+�6+�)�a��KLLL�LCB��LL�K6*6,�`�b6b�*�6*�b6,v*�b��-�,v)�aK6+�)�a��KLCB��LLL�M�6*6,�`�b6b�*�6*��av)�`�,��6.v+�+�6+�)�a��KLLL�LCB��LL�L6*6,�`�b6b�*�6*��av)�`�,��6-�,v)�aK6+�)�a��KLCB����LM��NK6av)�`�)�,vb6a�bH6a6)�,�)�a�b�)�6av`�6*�)�`�*v*�L6-�,v)�aK6+�)�a��KL���CB�M����MNL�6+�b6bvc�6,�*�bH6a�b�av)�a6)�b�)�6a�b�c�a�)�a�6`�b�,�*HL6-�,v)�aK6+�)�a��KLM��CB�L��͎NN�6+�*v,vav)�a�6`�b�c�`�6,�)�.6b6,vbH6-6b6-6*H�6ava6+�)�a��KL�L�LCB�L��͎NL�6+�*v,vav)�a�6`�b�c�`�6,�)�.6b6,vbH6-6b6-6*H�6ava6+�)�a��KL�L�LCB�L��͎NM��6+�*v,vav)�a�6`�b�c�`�6,�)�.6b6,vbH6-6b6-6*H�6ava6+�)�a��KL�L�LCB�L��͎NL�6+�*v,vav)�a�6`�b�c�`�6,�)�.6b6,vbH6-6b6-6*H�6ava6+�)�a��KL�L�LCB�����LM�K6`�a6b6-�*vbH6avb�a�bH6,v)�`�bH�6-�,v)�aK6+�)�a��KLCB��NM�͎K6*�*va6`�*H6avb�c�b6a�b�c�a�)�a�6`�b6+�bH6-�,v)�aK6+�)�a��KL�L�LCB��N�����6+�b6+�6,�*v,H6a�b�c�a�)�a�6`�b6+�bH�6-�,v)�aK6+�)�a��KL���CB�M����N�K6+�b6bvc�6a�b�av)�a6)�b�)�6,�*�bH6a�b�c�a�)�a���v-�,v)�aK6+�)�a��KL���CB�M����N�6+�b6bvc�6a�b�av)�a6)�b�)�6a�b�c�a�)�a���v-�,v)�aK6+�)�a��KL���CB����LL�6-6)�a�,�bH6+6b6bH6*�b6*�6*6)�,�a�*vbK6+�)�a��KLM��CB�NL���L��͋6)�)�b6bH6,vb�)�,�*H6)�b6-6bH6*6*�aMMvava6+�)�a��KL�L�LCB�NL���LLMK6)�)�b6bH6,vb�)�,�*H6)�b6-6bH6*6*�aMMvava6+�)�a��KL�L�LCB�NL���LL��6)�)�b6bH6,vb�)�,�*H6)�b6-6bH6*6*�aMMvava6+�)�a��KL�L�LCB�NL���L��6)�)�b6bH6,vb�)�,�*H6)�b6-6bH6*6*�aMMvava6+�)�a��KL�L�LCB��LNM�LL��6-6)�a�,�bH6+6b6bH6*�b6*�6+�)�a��KL�L�LCB����LML�6*�,�`�b�*�6,�a6)�av*��6-�,v)�aK6+�)�a��KLLLCB����LMLL�L�6*�,�`�b�*�6,�a6)�av*��6-�,v)�aK6+�)�a��KLLLCB����LMLLL�6*�,�`�b�*�6,�a6)�av*��6-�,v)�aK6+�)�a��KLLLCB����LMLM6*�,�`�b�*�6,�a6)�av*��6-�,v)�aK6+�)�a��KLLLCB����LML�L�6*�,�`�b�*�6,�a6)�av*��6-�,v)�aK6+�)�a��KLLLCB��MMM��L�6*�,�`�b�c�*�6b6b�`v*v,H6*�,vb�avb�b6aH6`�b�,�*H�6-�,v)�aK6+�)�a��KL�L�LCB��MMM���MK6*�,�`�b�c�*�6b6b�`v*v,H6*�,vb�avb�b6aH6`�b�,�*H�6-�,v)�aK6+�)�a��KL�L�LCB��MMM����K6*�,�`�b�c�*�6b6b�`v*v,H6*�,vb�avb�b6aH6`�b�,�*H�6-�,v)�aK6+�)�a��KL�L�LCB��MMM�����6*�,�`�b�c�*�6b6b�`v*v,H6*�,vb�avb�b6aH6`�b�,�*H�6-�,v)�aK6+�)�a��KL�L�LCB����MM�6-6)�av*�b6bH6+6a6`�6+�b6.v)��a6*�,K6+�)�a��KLLLMLCB����MM��L�6-6)�av*�b6bH6.�*v,�)�a6*vbH6)�)�av)�a�6+�b6.v)��L6ava6+�)�a��KL�L�LCB����MM���6`�,vb�c�aH6*�*v*6)�+�6+�b6.v)��L6ava6+�)�a��KL�L�LCB����MM��͋6`�,vb�c�aH6*�*v*6)�+�6+�b6.v)��L6ava6+�)�a��KL�L�LCB����M�L�6+�*v,vav)�a�6*�*vb6)�a6b�c�*�6+�b6.v)��L6ava6+�)�a��KLM��CB����MM�M�K6-v)�*6b6a�6,�)�)�a6+�b6.v)���va6*�,K6+�)�a��KL�L�LCB�LNLLL�NM�6,vb�`�)�bH6.�*v,�)�a6*vbH6)�)�av)�a�6`vb�a�b�-6ava6+�)�a��KL�L�LCB���M�NM��6av.v*v*�*v,H6+6*vb6`vb�*6,vb�,�NH6ava6+�)�a��KL͌CB���M�NNNN6av.v*v*�*v,H6+6*vb6`vb�*6,vb�,�NH6ava6+�)�a��KL͌CB���M�NNL�6av.v*v*�*v,H6+6*vb6`vb�*6,vb�,�NH6ava6+�)�a��KL͌CB���M�NM�LK6av.v*v*�*v,H6+6*vb6`vb�*6,vb�,�NH6ava6+�)�a��KL͌CB����M��LK6,vb�`�)�bH6.�*v,�)�a6*vbH6)�)�av)�a�6+�b6.v)�L6ava6+�)�a��KLM��CB���LM����MK6-6)�av*�b6bH6*�,v-�6.6b�b6,vb�c�+�6+�)�a��KL�L�LCB����MM���6,vb�`�)�6)�)�av)�a�6*�*vav*�*H6+�b6.v)�L6ava6+�)�a��KL�L�LCB�L��L�MNN�6`v,�*�*v`�6*6*v*�)�aK6+�)�a��KLLLCB��LL͎LLMM�6-6)�av*�b6bH6+6a6`�6*6b�a�-�b�a6*�,K6+�)�a��KL�L�LCB�LLMNM�M�6-6)�av*�b6bH6+6a6`�6*�b�,v,�b�aK�6a6*�,K6+�)�a��KL͌CB�LNLLLL��K6,vb�`�)�bH6.�*v,�)�a6*vbH6)�)�av)�a�6`vb�a�b�-6ava6+�)�a��KL���CB�LLMM�MM�6av.v*v*�*v,H6.�*v,�)�a6*vbH6)�)�av)�a�6`vb�a�b�-6ava6+�)�a��KL��L��LCB�LNLL��6+v*v*6.�*v,�)�a6*vbH6)�)�av)�a�6`vb�a�b�-�6.v+�+�6+�)�a��KLL�LM�LCB�LNLLM��6+v*v*6.�*v,�)�a6*vbH6)�)�av)�a�6`vb�a�b�-�6.v+�+�6+�)�a��KLLM�L�CB�LLMM�M�K6+�b6bvc�6.6)�a�b�-6+�*v`�6+6a6`�6`�)�a6`��6-�,v)�aK6+�)�a��KLLLCB�LLMM�MMM�6+�b6bvc�6.6)�a�b�-6+�*v`�6+6a6`�6`�)�a6`�v`�-�6+�)�a��KL͌CB�LLMM�MMLMM�6+�*v,vav)�a�6.6)�a�b�-6+�*v`�6+6a6`�6a6*�,K6+�)�a��KLMLMLCB�����K6+�*v,vav)�a�6*�*v*6)�+�6av,�*�*v,H6avb6,�`�a�L6ava6+�)�a��KL�L�LCB�����M�6+�*v,vav)�a�6av*v+�,�*va6*H6av,�*�*v,H6avb6,�`�a�L6ava6+�)�a��KL�L�LCB���6`�a6b�c�a�,�6*�)�a6*H�6.v+�+�6+�)�a��KL�LCB����̌�L�MM6.v*va6)�-�*vbH6,�*v,H6`�*v*�)�*�6*�b�a6-�b6a�MJ��6,�aK6+�)�a��KLL�LM�LCB����L�NK6`�*v-�`�6-�)�6,�*v`v*v,vbH6.v+�+�6+�)�a��KLLLMLCB�������L�6`�b�`�6-�)�`�,H6.v*6)�,�bH�v-�,v)�aK6+�)�a��KLCB�NM��6avb�c�,6avb�c�,6b6`�6avb�a6b6+�bH6*�b6*�,�6+�)�a��KLLLCB��MM��ML�6-6b�,H6*�,vb�av)�6.6b�*�)�6-�,v)�aH6,v*v`�*vaHK6+�)�a��KL�L�LCB��MM��L�NK6-6b�,H6*�,vb�av)�6.6b�*�)�6-�,v)�aH6,v*v`�*vaH�6+�)�a��KL�L�LCB��MM��M�K6-6b�,H6*�,vb�av)�6.6b�*�)�6-�,v)�aH6,v*v`�*vaH�6+�)�a��KL�L�LCB���L���M�6-6b�,H6-�b6`�b6a6)�*�*H6)�a6av,v)�.vbH��vava6+�)�a��KL�LCB�������MM6*�*va�b�,H6,�*va6)�*�*H6)�a6`vb�*�)�6,�b6*�a6bH�6-�,v)�aK6+�)�a��KL�L�LCB�������L��6*�*va�b�,H6`�)�a6*6a�)�b6)�)�b6,�b6*�a6bH6`�b6+�bH�6-�,v)�aK6+�)�a��KL�L̍LCB���L���NK6a6*6a�*H6)�a6av,v)�.vbH6`�,vb�avbHN6.�,v)�aK6+�)�a��KLM��CB����L�͌6`�*vb�av)�+�6(�a6)�avb�,v*HL6-�,v)�aK6+�)�a��KLM��CB����̎��͍6`�-6*�*H6`�)�a6*HL6.�,v)�aK6+�)�a��KL�L�LCB������L�L��6-6b�,H6`�)�`�)�b6,�*�b6*�)�6*�)�`�*v*�va6*�,K6+�)�a��KLL�LM�LCB������L�L��K6-6b�,H6avb6,�6,�*�b6*�)�6*�)�`�*v*�va6*�,K6+�)�a��KLL�LM�LCB�NL�L��K6+6b6`�b6a6)�*�6avb6`�)�*�b�6+�)�a��KLLLCB��LL���K6+6b�a6,v+�b�a�6)�)�,v`�b�6ava6+�)�a��KL�L�LCB����M�L�̌�6`v)�,�6`vb6`�)�6-�,v)�aK6+�)�a��KLL�LM�LCB��MM��M��6-6b�,H6*�,vb�av)�6.6b�*�)�6*�a6*v,�6`�b6+�bH6-�,v)�aK6+�)�a��KLLLMLCB���L��̍K6-6b�,H6)�a6av,v)�.vbH6`�b6+�bH�M�-�,v)�aK6+�)�a��KL�L�LCB�LK6`v)�-H6-v+v*�6a�b6,vav)�ava6*�,K6+�)�a��KL�L�LCB��L�L�ML�K6-6*vbH6+va6)�`�bH6*�)�+�av*H6.v+�+�6+�)�a��KLLL�LCB��L�ML�K6+�)�`vbH6+�+�)�a�6`�a6)�b�a�6,�*�)�,H6`�)�a6`��6.v+�+�6+�)�a��KLLLMLCB�LLNM�K6*�)�b�*�6)�,vb�)�a6`�)�,v*�b6a���v`�-�6+�)�a��KL͌CB��M�M���M�M�6av+�)�a6bH6`�a6b�a
�`�a6b�a6*6b�*6,�bHL�L6+�)�a��KLLL�LCB���LLL��6-�b6a6)�`H6,vb6,�b�+�6*�,v)�b�`H6)�-va6bHL6ava6+�)�a��KL�M��CB��M͍���6+�*v,�`�bH6+�*v.6*vavb6,���M���6+�)�a��KLLL�LCB��M��MM��LM6,�b�a�b�`��*6*v,v+�)�+��`�*v-�`��-�*va�-�)�a6*�)�+�av*K6+�)�a��KL͌CB��L�L�NM̌͌M6`�b6+�bH6,vb6a�)�bH6+�b�b6)�,H�
��6avaK6+�)�a��KL�LCB�N�MM���MLL�6av)�,�b�+v*vbH6av*v+�,�*va6*H6+�)�a��KL�LCB����MMNK6`v,v-�*vbH6*�*vb6)�a6b�c�*�6*6)�a�b�,�6+�)�a��KLNL��LCB��L�L�L̎L��6`v,v-�*vbH6av*vavb6`�6-6b6-6*�a�L�6+�)�a��KL�LCB��MLL̎NL�6+v*va6)�`�*H6*�)�+�av*H�.v+�+�6+�)�a��KL�LCB��MMLM�LM�NNK6av*vavb6`�bH6`vb�`�bH��SK6+�)�a��KL�LCB��M���M�͌�6`�)�.vb�+�*vbH6av)�,�b�+v*H�.v+�+�6+�)�a��KLLL�LCB���M��K6b6b�`v*v,H6`v,�*�*v`�6b6`�b6a�)�`v*H6+�b6*6*vbH6*6)�a6,���-ʌL�.v+�+�6+�)�a��KLM��CB���M�N6b6b�`v*v,H6`v,�*�*v`�6b6`�b6a�)�`v*H6+�b6*6*vbH6*6)�a6,���-�6+�)�a��KL�L�LCB��M��L�MNK6a�*v,�*�*va6*H6av,�*�*v,H6*6)�b�*�6-�b6`�b6`v,�*�*v`���-�6+�)�a��KLCB�L���MLM��6+va6)�`�*vbH6+6a6`�6-6`v)�`H6.v+�+�6+�)�a��KLM��CB��NM�L�M�K6,�b�*�a6`�,v-6*�,v`�bH6*6-�b6b6`�6+�)�a��KL�L�LCB��NM�L�N6,�b�*�a6`�,v-6*�,v`�bH6b6*v,�*v*�6+�)�a��KL�L�LCB��NM�L�NMK6,�b�*�a6`�,v-6*�,v`�bH6-�*vb6,v*K6+�)�a��KLLLCB��L�M̍�ML6`v)�-vb6a6bH6,�*�bH6*6b�c�,�*�)��6-�,v)�aK6+�)�a��KL�L�LCB�͌L���L͋6avb6`�*vb�`H6a6b6,vb�)�a6av,�,vbH͌6ava6+�)�a��KLM��CB���N̋6av.v*v*�*v,H6*6a�6*6)�a6+�b6.6-�,v)�aK6+�)�a��KL͌CB��L�M�M�MLM��6a6b6-6a�6+6,�aH6+�b6.L6ava6+�)�a��KL�LCB�̌NMM��6a6b6-6a�6+6,�aH6+�b6.L6ava6+�)�a��KL�LCB�̌NMM���6a6b6-6a�6+6,�aH6+�b6.L6ava6+�)�a��KL�LCB�̌NML�NL6a6b6-6a�6+6,�aH6+�b6.L6ava6+�)�a��KL�LCB��ML�M��M����6`va6)�`�,�bH6)�)�bL6ava���6+�)�a��KL�L�LCB��M̍M�L��K6-6b6-6*vbH6*6a�)�,v)�*�6,�*v,v+�)�,H�.v+�+�6+�)�a��KLM�LCB��M����K6)�b6*�bH6+6a6`�6,�b6`�*va�bH��M��K6+�)�a��KLM�LCB��N���LL�LK6-�)�*�*v,�*�bH6-�)��)�)�b6*�)�+�av*H6)�a6av)�a�bH�a6*�,J�K�va6*�,K6+�)�a��KL̍���CB��N���LL��K6-�)�*�*v,�*�bH6-�)��)�)�b6*�)�+�av*H6)�a6av)�a�bH�a6*�,J�K�va6*�,K6+�)�a��KL̍���CB��L�͌��M͌�6a6)�,�*�b�`�bH6+�+�)�a�bH6ava�+�)�a��SK6+�)�a��KLL�LM�LCB���LM�M�ML��6+6b�)�,�bH6`�)�b6*H6a�-�b6b�a��6b6)�*���a6*�,K6+�)�a��KL�M���CB��L��NLL�6*�*va�b�,H6+va6`�*H6avb�a6`�)�-�6-�,v)�aK6+�)�a��KL���CB����M͎�̍�6*�*va�b�,H6`vb�*�)�6avb�a�a�N6-�,v)�aK6+�)�a��KLLLMLCB��N���LM̋6-�)�*�*v,�*�6-�)��)�)�b6)�a6av)�a�bHK�6a6*�,J̋�va6*�,K6+�)�a��KL͍���CB���M��MM�6+�*v,�-�)�bH6a6*v`v*H6a�b�b6)�aL�6b6)�*�LK6+�)�a��KL�͌�CB����LNLK6,�*6+�*vbH6`v,�*�*v`�6`�)�a6`�6+�)�a��KLM�LCB����NLL��6*�,�`�b�*�6avb6*�*H6*�)�a�b�)�a��6.v+�+�6+�)�a��KLLLCB����NLL��6*�,�`�b�*�6avb6*�*H6*�)�a�b�)�a��6-�,v)�aK6+�)�a��KLCB�MMM���̌��M�6*�b6*�6-�b�*�,�6`�b6+�bH6-�,v)�aK6+�)�a��KL�LCB��M�MLM�6*6)�avbH6,�b�c�,H6-6b6-6*H�Mv-�,v)�aK6+�)�a��KL�L�LCB���L��M��LK6-6)�av*�b6bH6,�b6`v*�6`�a6)�,�,�6ava6+�)�a��KLLLMLCB�LNNL��K6-6)�b6*v,H6+6,�aH6*6bH6a�)�b�,�6ava6+�)�a��KLLLCB�LNNL��M6-6)�b6*v,H6+6,�aH6*6bH6a�)�b�,�6ava6+�)�a��KLLLCB����N�LM6+�*v,vav)�a�6+6b6`�*v,H6,vb�*�)�6-�,v)�aK6+�)�a��KL͌CB�NL���L����6-v)�*6b6a�6a6)�,v`�ML6-�,v)�aJ��.v+�+�6+�)�a��KL�L�LCB�NL���L�M���6-v)�*6b6a�6a6)�,v`�ML6-�,v)�aJ��.v+�+�6+�)�a��KL�L�LCB�NL���L��L���6-v)�*6b6a�6a6)�,v`�ML6-�,v)�aJ��.v+�+�6+�)�a��KL�L�LCB�NL���L��L6-v)�*6b6a�6a6)�,v`�ML6-�,v)�aJ��.v+�+�6+�)�a��KL�L�LCB�NL���L�NML�6-v)�*6b6a�6a6)�,v`�ML6-�,v)�aJ��.v+�+�6+�)�a��KL�L�LCB�NL���L�NNN�6-v)�*6b6a�6a6)�,v`�ML6-�,v)�aJ��.v+�+�6+�)�a��KL�L�LCB��M��MM�6)�)�b6bH6+6)�aH6,�b�av*�)�`�6*6*v+�)�+��L6ava6+�)�a��KLLLMLCB����L�M�NNK6,�)�a�*�bH6,�a6b�*�bH6av)�`�,�bH6*�)�+�6.v+�+�6+�)�a��KL�LCB����L�M�͍�6+v*v`v)�,�*vbH6-6b6,v*�bH6a�*v+�b6-6)�a�6,�a6b�*�bH�6.v+�+�6+�)�a��KL�LL�MLCB����LLLNL�MLLK6-�*va�-�)�a6*�*v`�a6)�b6*H6*6-�b6`�6b�*va6*vb6*�)�`��v.v+�+�6+�)�a��KL�L�LCB���LL�M�6*6)�+�bH6,�*vb�*�b6a�6b6*v*�*va�b�*HL6.v+�+�6+�)�a��KL�LCB��M͍�NMM�K6`�a6b�c�a�,�6,�b�a6)�*�6-�b6a6+�6,vb6a6-�*vb6,v*Hv`�-�6+�)�a��KL͌CB��M�����6`�a6b�c�a�,�6,�b�a6)�*�v.v+�+�6+�)�a��KL�L�LCB��M�L��K6`�a6b�c�a�,�6*�*v,H6)�b6a�a6*vaHL6.v+�+�6+�)�a��KL�LCB��L�M̍���K6+�)�a�6*6b�c�,�*�)��6-�,v)�aK6+�)�a��KLLL�LCB������L�6.v*va6)�-�*vbH6`�,v-6`vb�a6+6b6a��6.v+�+��
�L6+�)�a��KLLLMLCB����͍N�6-�b6`�a6b�c�*�6,v*vb6-6*va�6,�b�aH6,�b�aHv`�-�6+�)�a��KL�L�LCB��M�NM�NLM�6avb6aH6,v*v`�*vaK6+�)�a��KL�L�LCB�L��M�LN�K6-6)�av*�b6bH6+6a6`�6*�,v,�b�a�6a6*�,K6+�)�a��KLM�LM�LCB�L��M�LN��6-6)�av*�b6bH6+6a6`�6*�,v,�b�a�6a6*�,K6+�)�a��KLM�LM�LCB��LL��L�6`v,�*�*v`�6.v*6b�+�6*�b�a�)�,H�6-�,v)�aK6+�)�a��KLCB��LL��L�LK6`v,�*�*v`�6.v*6b�+�6*�b�a�)�,H�6-�,v)�aK6+�)�a��KLCB��LL���L�6a6b6`�av*H6*�b�a�)�,H6*6*va6*vaH6-�,v)�aK6+�)�a��KL���CB��LL���LN6`�*vb�,�bH6a�-6`�6*�b�a�)�,HML6-�,v)�aK6+�)�a��KL�L�LCB��LL��L���6`v,�*�*v`�6.v*6b�+�6*�b�a�)�,H�6-�,v)�aK6+�)�a��KLCB���LLL͌6-�b�*�,�6`vb�a�-�*v,H6-6b�*�b6,��v-�,v)�aK6+�)�a��KLLLCB��̍��͋6*�`v*v`�6*�b�*�,�)�6`�a6)�b�avb6a�*�6+�)�a��KLCB�N���L�M�K6-�*�,�6a6b6,vb�a�,�6a�)�*�b6,v)�aL6.�,v)�aK6+�)�a��KL�L�LCB�N���Ľ�K6-�*�,�6a6b6,vb�a�,�L6.�,v)�aK6+�)�a��KL�L�LCB��M��L�LNL6+6-�)�,v*vbH6)�*va6`�*�,vb6a�bHML
�6+�)�a��KLM�MLCB��M��L�LL�6+6-�)�,v*vbH6)�*va6`�*�,vb6a�bHML
�6+�)�a��KLM�MLCB��M��L�LL̍6+6-�)�,v*vbH6)�*va6`�*�,vb6a�bHML
�6+�)�a��KLM�MLCB��M��L�L�L�6+6-�)�,v*vbH6)�*va6`�*�,vb6a�bHML
�6+�)�a��KLM�MLCB�LM��NL��̍6+6-�)�,v*vbH6)�*va6`�*�,vb6a�bHL
�6+�)�a��KL���CB�LM��NL�N6+6-�)�,v*vbH6)�*va6`�*�,vb6a�bHL
�6+�)�a��KL���CB�LM��NL����K6+6-�)�,v*vbH6)�*va6`�*�,vb6a�bHL
�6+�)�a��KL���CB�LM��NL��M͋6+6-�)�,v*vbH6)�*va6`�*�,vb6a�bHL
�6+�)�a��KL���CB���LLL��N6-6*v,v*6*v*�6+�)�a6b�)��L6ava6+�)�a��KLCB���LLLL�6-6*v,v*6*v*�6+�)�a6b�)��L6ava6+�)�a��KLCB���LLL�NK6-6*v,v*6*v*�6+�)�a6b�)��L6ava6+�)�a��KLCB��ML�NK6*6*va�b�-6*�6.6b�.6b�+�a�*�6-6b�a���-�,v)�aHK6+�)�a��KLLL�LCB��ML���6*6*va�b�-6*�H6.6b�.6b�+�a�*���-�6+�)�a��KLLL�LCB�L�LNLLK6-6)�av*�b
�+�*v,v,�bJ�+v*v*6a6)�b�`H6*�)�b6*v,HML6ava6+�)�a��KLL�LL�LCB��L�NML��6.va6`�6)�)�b�avb�c�a�*��.v+�+�6+�)�a��KLCB��L�NML�K6.va6`�6)�)�b�avb�c�a�*��.v+�+�6+�)�a��KLCB��L�M��6.va6`�6)�b6a�b�b6)�b6a6`�*v,H�.v+�+�6+�)�a��KLCB��M�N�6,�b�*�a6`�,v-6,�)�av*6)�`��6a6*�,K6+�)�a��KL�LCB�L�LML����L6-6b�,H6)�)�*�*�)�avb�a6-�,v)�aH6,v*v`�*vaHK6+�)�a��KL�M���CB�M�K6*6*va�b�-6*�6-�b6*�)�6-�b6*�,�6`�)�a6`�v.v+�+ʎ�-�,v)�aK6+�)�a��KL���CB���L�͌L�L�LK6a�*v,�*�*va6*vbH6+�b6*6*vbH6+�)�b�avb6a�+�6*�b6b�,�*��L6-�,v)�aK6+�)�a��KLL͌MCB��̍L�L�L6av,vb�-6`�6`�+�b�`��L6.�6+�)�a��KL͌CB����M�M�MM�6`�,v,�*6bH6,�b�a�-�6*�avb�a�)�6-�,v)�aK6+�)�a��KLLLCB��LL��M�̌�MK6,vb6a�6*�,vb6,�b�c�,H6*�*va�*v`�*HL6a6*�,HL�6+�)�a��KL���LCB��M�L�NN6,�*�,v)�bH6*�,v-�6,�)�,v)�L6ava6+�)�a��KLM��CB��M�L�NM�6,�*�,v)�bH6*�,v-�6,�)�,v)�L6ava6+�)�a��KLM��CB��LMN6av.v+6b6a�6+�+�)�a�6,�a�,�b6+�)�b�a�L6ava6+�)�a��KLM��CB���LLL�L�6-�b�*�b6,�6`�,va�-�bH�v-�,v)�aK6+�)�a��KLCB�MMM���̌��6*�b6*�6-�b�*�,�6`�b6+�bH6-�,v)�aK6+�)�a��KL�LCB��M̎M͌��6-�,v`�bH6av-6`�6+�*v`v*�*v,H6-�*vb6,v*K6+�)�a��KL�LCB��M��L�ML��6a�*v,�*�*va6*H6av,�*�*v,H6*6)�b�*��6.v+�+�6+�)�a��KLLLMLCB��M��L��MLK6a�*v,�*�*va6*H6av,�*�*v,H6*6)�b�*��6.v+�+�6+�)�a��KLLLMLCB��M��L�MLL6a�*v,�*�*va6*H6av,�*�*v,H6*6)�b�*���-�6+�)�a��KLCB��M��L��M6a�*v,�*�*va6*H6av,�*�*v,H6*6)�b�*���-�6+�)�a��KLCB���M�M6*�,v-6b6`�6-6)�,va�6+�)�a��KL�L�LCB����LL�6,�,v`�*vbH6`�*v,�b6b�a��a6*�,K6+�)�a��KLLLMLCB�M���MMK6*6b�,�`�b6b�*�6)�b6,v)�,��6-�,v)�aK6+�)�a��KL�L�LCB����͍͍NLM�6*�,�`�b�*�6b6b�`v*v,H6a�b�,�6b6*va��6.v+�+�6+�)�a��KL�LCB����͍͍NLK6*�,�`�b�*�6b6b�`v*v,H6a�b�,�6b6*va��6-�,v)�aK6+�)�a��KLCB����MM̎K6*�,�`�b�*�6)�b6,v)�,�6+�)�a��KLLLCB����͍͍NM�6*�,�`�b�*�6b6b�`v*v,H6a�b�,�6b6*va��6.v+�+�6+�)�a��KL�LCB����͍͍NM�K6*�,�`�b�*�6b6b�`v*v,H6a�b�,�6b6*va��6-�,v)�aK6+�)�a��KLCB����͍͍NM�6*�,�`�b�*�6b6b�`v*v,H6a�b�,�6b6*va��6.v+�+�6+�)�a��KL�LCB����͍͍NL�6*�,�`�b�*�6b6b�`v*v,H6a�b�,�6b6*va��6-�6+�)�a��KLCB�����N�L�6`�b6a6b�-�*vbH6*�b6*�b6*6)�a6+�)�a��KLLLCB��MM̎L�N6-�b�*�,�6b6b�,�b6+�)�a��KLCB������LNM�6-6)�av*�b6bH6*�,v-�6.6b�,�*�6ava6+�)�a��KLM��CB������LNNMK6-6)�av*�b6bH6*�,v-�6.6b�,�*�6ava6+�)�a��KLM��CB��LL�ML�M�6av.v*v*�*v,H6*6a�6*6)�a6*6a6)�+�bHL6ava6+�)�a��KL�L�LCB��MM�LL�6-v)�*6b6a�6-6)�avbHML6-�,v)�aK6+�)�a��KL�LCB�����L���K6-�b6`�a6b�c�*�6*�*v-6av*v`�6a�)�,vb�`�)�6`�b�,�*K6+�)�a��KL͌CB����LLM��6.v*va6)�-�*vbH6`�,v-6,�)�b�+�)��6.v+�+��6a6*�,K6+�)�a��KL�L�LCB����LLM��6.v*va6)�-�*vbH6`�,v-6,�)�b�+�)��.v+�+��6a6*�,K6+�)�a��KL͌CB����L�L���6*�*va�b�,H6*�)�`�)�a�L6-�,v)�aK6+�)�a��KLLLCB����M�MM���6-6*v,v*6*v*�6a6)�`�bH6+6b6,��6ava6+�)�a��KLCB����M�MM���6-6*v,v*6*v*�6a6)�`�bH6+6b6,��6ava6+�)�a��KLCB����M�MM���6-6*v,v*6*v*�6a6)�`�bH6+6b6,��6ava6+�)�a��KLCB��LL�ML�6av.v+6b6a�6+�+�)�a�6,�)�a�b�a�b6*�b6*�)�a6`�)�,vbHL6ava6+�)�a��KLLLMLCB�MMLL�L�NNMK6`�a6b�a�,��,vb6a�\6+6)�av*6b6+�)�a��KL�L�LCB�MMLL�L��6`�a6b�a�,��,vb6a�\6+6)�av*6b6+�)�a��KL��L��LCB��LN�6-6)�av*�b�T6+6a6`�6,v*v-�L6-�,v)�aK6+�)�a��KL͌CB����̎L���6+�b�)�,H6-6b6,H6,v+vav*H6+�)�-H6-6b6-6*H�6-�6+�)�a��KLNL��LCB������L�6+�b�)�,H6-6b6,H6,v+vav*HML6-�6+�)�a��KL�L̍LCB����N����6`�b�`�6*�b6,va6b�b6av)�a6b6b�6.v+�+�+�6+�)�a��KL�L�LCB���L�̍�K6b6b�`v*v,H6*6)�-�a6)�6av,v*v*6.HML6-�6+�)�a��KL�LCB�����M��6`�*vb�,�bH6)�)�`�6,�b6`vbHH6`�b�a6b6+�)�a��KLM��CB����LM��6`�b�`�6-vavb6a�bH6-6b�)�*6)�H6-�6+�)�a��KLCB��M��6*6*va�b�-6*�6)�*v`�-6a�6`vb�`vb�+�a�*���6-�6+�)�a��KLLL�LCB�ML�LL�6-6*v,v*6*v*�6.6b�av*�b6-6b6-6*H�L6-�6+�)�a��KL��L��LCB��M͍LN̌LL̋6,�a�+6b�,H6*6*vb�*6bH6avb�a6)�6*6)�`�*v*�6+�)�a��KL�L̍LCB�MLM�L��6+6)�bH6)�+vav+�6`�*v,�`�b6a�b�aL6.v+�+�6+�)�a��KL�L�LCB���L�LLMNMK6-6)�av*�b6+6a6`�6*�b6,vbH�6a6*�,K6+�)�a��KLL�LLCB���L�LLM��6,�)�*6b6a�6`�)�a6`�6*�b6,vbH6-�6+�)�a��KLM��CB���L�LLN�6,�)�*6b6a�6`�)�a6`�6*�b6,vbH6-�6+�)�a��KLM��CB���L�LLM�MK6,�)�*6b6a�6`�)�a6`�6*�b6,vbH6-�6+�)�a��KLM��CB���L�LLM��MK6av.v*v*�*v,H6*�b6)�a6b�*�6`va6b6,v)��6ava6+�)�a��KL�L�LCB���L�LLM��M6av.v*v*�*v,H6*�b6)�a6b�*�6`va6b6,v)��6ava6+�)�a��KL�L�LCB���L�LLM��K6av.v*v*�*v,H6`�)�-6bH6a6*vavb�,��6ava6+�)�a��KLM��CB���L�LLM����6av.v*v*�*v,H6+�)�,vbH6.v*v,v+�6*�b6,vbH�6ava6+�)�a��KLNL��LCB�ML�NN�L�L�6-�b�*�,�6*�)�b6,v`�6+�)�a��KLCB�����N�L�6`�b�`�6+�b�a6)�bK6+�)�a��KLCB����N��LK6`�b�`�6+�b6,va�b�)�a�6avb�`�,�6,vb6aL�.v+�+�6+�)�a��KL�L�LCB����N���6`�b�`�6avb�`�,�6,vb6a6+�b6,va�b�)�a�L�.v+�+�6+�)�a��KL�L�LCB����ML��L�N6`�b6a6b�-�*vbH6a6)�a�b�+6)�a�6+�)�a��KLCB����L͌M��K6`�b6a6b�-�*vbH6a�)�avbH6*�,�a�+�6+�)�a��KLCB����M�LMNLK6`�b�`�6)�,�`v*va�+6bH6,6b�a6+�)�,��6.v+�+�6+�)�a��KL͌CB����M�LMK6`�b�`�6)�,�`v*va�+6bH6,6b�a6+�)�,�6+�)�a��KLCB��LM�L�L�K6-�b6,v*vbH6,6a�)�a���6+�)�a��KL�LCB����L��LLML�6-6*v`�,H6)�)�`�,vbvc�6`�-�6+�)�a��KL�LCB�͌���6,�*vb�*�6-�b6a6*H6*6*v,vb6,6*H6av,v+6)�a�L6ava6+�)�a��KL�LCB��L�M�L���6`�a6b�a�,�6*�)�*�a6b�b6a�6`�)�.�*v,�M�6-�6+�)�a��KL�L�LCB��M���M�K6av.v*v*�*v,H6+6*vb6,vb�+6b�aH6*6*v+�)�+�6ava6+�)�a��KL�L�LCB��L�ML�M�6`v,vb�-6a6b�avb6+�)�a��KLLLCB�����LM��L�6*�)�`�`�*v,v*vb6*vbH6.v)�aH6)�a6.6,�b�,HH6a6*�,K6+�)�a��KL�L̍LCB�����LM�MMM�6)�)�b6+6)�aH6av.v*v*�*v,H6)�a6b6,�b�,H�6ava6+�)�a��KLLL�LCB�����LM�ML��6)�)�b6+6)�aH6av.v*v*�*v,H6)�a6b6,�b�,H�6ava6+�)�a��KLLL�LCB���LLLM�MM�6,�a�+6*6b�a6b6.v,�a6-6b6*�6-6b6-6*H�6ava6+�)�a��KL�L�LCB�͌MLLLMMNM�6-6)�av*�b6)�b�*6*v`��L6ava6+�)�a��KLNL��LCB�͌MLLLMM���6-6)�av*�b6)�b�*6*v`��L6ava6+�)�a��KLNL��LCB�͌MLLLMM�N6-6)�av*�b6)�b�*6*v`��L6ava6+�)�a��KLNL��LCB�͌L���L�6avb6`�*vb�`H6)�b6a6*�,v)�6-�)�,va�b�,H͌6ava6+�)�a��KLLLCB�͌L���LL�6avb6`�*vb�`H6)�b6a6*�,v)�6-�)�,va�b�,H͌6ava6+�)�a��KLLLCB�͌L���M6avb6`�*vb�`H6)�b6a6*�,v)�6-�)�,va�b�,H͌6ava6+�)�a��KLLLCB�͌L���L��K6avb6`�*vb�`H6)�b6a6*�,v)�6-�)�,va�b�,H͌6ava6+�)�a��KLLLCB���LL�NL�6-v)�*6b6a�6,�)�.6)�a�)��6.�,v)�aJ��.v+�+�6+�)�a��KLM��CB���LL�NLL6-v)�*6b6a�6,�)�.6)�a�)��6.�,v)�aJ��.v+�+�6+�)�a��KLM��CB���LL�M͍�6-v)�*6b6a�6,�)�.6)�a�)��6.�,v)�aJ��.v+�+�6+�)�a��KLM��CB��ML�����6)�b�c�a�,v,6bH6*�)�aH6*6b6`v)�a6b�L6ava6+�)�a��KLLLCB�MMLLLLM�LMM��6a6*v*�`�6)�b�`�b6-�,vb�a�6avb�+�b�*vaHL6.v+�+�6+�)�a��KL�LCB����LLLL��L��6a�)�b�a6b6a�6av+6*vavb�+�*H6b�*va6*vbv`�-��
��,�aK6+�)�a��KL���CB����LLLL��L��6a�)�b�a6b6a�6av+6*vavb�+�*H6b�*va6*vbv`�-��
�Mv,�aK6+�)�a��KL���CB����LLLL��LLM6a�)�b�a6b6a�6av+6*vavb�+�*H6b�*va6*vbv`�-��
��6,�aK6+�)�a��KL���CB��L�LLLNM�L�6a�)�b�a6b6a�6,�*v,H6`�)�,�)�a�6`vb6+�*�)�`�6`�)�,v*�b6a�L6.v+�+�6+�)�a��KLM��CB��L�NML�M6*6*va�b�-6*�6)�)�av+�b�a�*��.v+�+�6+�)�a��KLCB��L�NML�L��6*6*va�b�-6*�6)�)�av+�b�a�*��.v+�+�6+�)�a��KLCB��L�NML�̌�6*6*va�b�-6*�6)�)�av+�b�a�*��.v+�+�6+�)�a��KLCB��L�NML��L�6*6*va�b�-6*�6)�)�av+�b�a�*��.v+�+�6+�)�a��KLCB��L�NML�NNK6*6*va�b�-6*�6)�)�av+�b�a�*��.v+�+�6+�)�a��KLCB��ML�͍�6`�)�,vb6)�a�+6b�6*6,v*�`�)�a6+�)�a��KLCB�M����L��6+�b6bvc�6a�b�av)�a6)�b�)�6a�b�c�a�)�a�6`�)�a6`�L6-�,v)�aK6+�)�a��KL��L��LCB��M����̌L�6,�*vb�*�b6a�6,�*v,H6,�b�c�,H6`�b6+�bHL6-�,v)�aK6+�)�a��KL��L��LCB��NLMLMM�M�K6*�,�`�b�*�6)�)�av)�+�*H6avb6+�6-�,v)�aK6+�)�a��KLLLCB��M�MN6`va6`va6+v)�,H6,�b�c�,H6-6b6-6*H�6-�,v)�aK6+�)�a��KLM��CB������LLL�6.v,v-H6+�)�-H6a�b6`�6,�+v,H6-6b6-6*H�6-�,v)�aK6+�)�a��KL�LCB��M̌NL�L�6,�*vb�*�b6a�6,v*v-6)�)�a6*�b6a�6,�)�6`�b6+�bHL�6-�,v)�aK6+�)�a��KL͌CB���LL�L�L��K6av.v*v*�*v,H6,vb�`�,�b6a�)��6ava6+�)�a��KL�L�LCB��NNM�LL���6-6*v*6,vav)�a�6a�*va�)�,H6)�)�a6b�a�L6ava6+�)�a��KLM��CB����LLL��6*�`v*v`�6avb�a�b6*�*va�b�,K6+�)�a��KL�LCB��M�M�L��M6-�b�*�,�6avb�a6`�)�6`�b6+�bH�6-�,v)�aK6+�)�a��KL�LCB��LM�MM̍��6-�b�*�,�6avb�a6`�)�6`�b6+�bH�6-�,v)�aK6+�)�a��KL�LCB��M�M�L��L�6-�b�*�,�6avb�a6`�)�6`�b6+�bH�6-�,v)�aK6+�)�a��KL�LCB��M�L�L�K6-�b�*�,�6avb�a6`�)�6`�b6+�bH�6-�,v)�aK6+�)�a��KL�LCB��M�M�L��M�6-�b�*�,�6avb�a6`�)�6`�b6+�bH�6-�,v)�aK6+�)�a��KL�LCB��M�M�L��̋6-�b�*�,�6avb�a6`�)�6`�b6+�bH�6-�,v)�aK6+�)�a��KL�LCB��LML���ML�6,�b�a�`�6`�b6*6)�`�b6a6`�)�*�6.�6+�)�a��KLLLCB����M͎�L��6-6b�,H6`�a�+�b6,H6avb�a�a�6+�)�a��KLCB�͌��L�N�6-v)�*6b6a�v.v+�+ʌ�L6-�,v)�aH̋6+�)�a��KLL�LM�LCB�͌��L��L�6-v)�*6b6a�v.v+�+ʌ�L6-�,v)�aH̋6+�)�a��KLL�LM�LCB�͌��L���6-v)�*6b6a�v.v+�+ʌ�L6-�,v)�aH̋6+�)�a��KLL�LM�LCB��̌M�LL�M6*6a�)�,v)�*�6av,vb�-6`�6a�+6)�*�6.v*�)�,H�6-�,v)�aK6+�)�a��KL�LCB��M̎L�LLM�6a�*v,�*�*va6*vbH6+�b6*6*vbH6-�b6`�b6a6)�*�*H6,vb6,�b6*6b�)�a�`�b�6.v+�+�6+�)�a��KLM�LCB���LL��NK6*�`v*v`�6,�*�b�`�,�6+�)�a6b�)��6-�,v)�aK6+�)�a��KLCB����L�M��6av)�,�*�6*6*vb�)�a�b�)�a�6av)�a�b�,�)�a�L6.�6+�)�a��KLM��CB����M�MM��M̋6-v)�-H6`�)�`�b6,�b6,v*6b6a�L6.�,v)�aK6+�)�a��KL͌CB��L��L6-6*v*6,vav)�a�6a�*va�)�,H6)�a6,v+vav*H�L6-�,v)�aK6+�)�a��KL�LCB����͍͍���K6*�,�`�b�*�6a�b�,�6b6*va�6*6*v,v+�)�+�L�v-�,v)�aK6+�)�a��KLLL�LCB����͍͍��L6*�,�`�b�*�6a�b�,�6b6*va�6*6*v,v+�)�+�L�v-�,v)�aK6+�)�a��KLLL�LCB����͍͍�N6`�b�`�6a�b�,�6b6*va�6-�b6`�b6a6)�*�*H�6.v+�+�6+�)�a��KL�LCB����͍͍�M��6`�b�`�6a�b�,�6b6*va�6-�b6`�b6a6)�*�*K6+�)�a��KLCB����͍͍�N6*6,�`�b6b�*�6a�b�,�6b6*va�6-�b6`�b6a6)�*�*H6b6-6b�,H�6.v+�+�6+�)�a��KL�LCB����͍͍�K6*6,�`�b6b�*�6a�b�,�6b6*va�6-�b6`�b6a6)�*�*H6b6-6b�,K6+�)�a��KLCB��N���L�K6-6.v,vb�*H6`�a�)�`v*H6-6b6`�b6a6)�*�*H6+�*6bH�6-�6+�)�a��KLM��CB����̎����K6+�b6bH6a�.va�)�.H6`�)�a6*HML6ava6+�)�a��KLLLMLCB�NLMLL�LM�K6a�*v,�*�*va6*H6av)�,v,�Lv.��6.v+�+�6+�)�a��KL���LCB����LL�LN�K6a�*v,�*�*va6*H6*�b6b�`�,�L6.���6.v+�+�6+�)�a��KL���LCB���L�LM�N�K6,vb�`�)�6a�b6,v)��6ava6+�)�a��KL�LCB��LL���M���6*�,�`�b�*�6*�b�*�bH6*�b6,H6avb�a�bH6)�b�*�bH6`�b�,�*HM�v-�,v)�aK6+�)�a��KL�LCB��LL��͍K6a�*v,�*�*va6*H6a6b�a6)�b�*�bH�6-�,v)�aK6+�)�a��KLLLMLCB��L��M�LL6`�b�`�6-v*vavb6a�6a�b6`�)��6-�,v)�aK6+�)�a��KLCB���L�M��6*�,�`�b�*�6a�b6`�)�6`v,v)�b6a6*H�6.v+�+�6+�)�a��KL�L�LCB���L�M�L�6*�,�`�b�*�6a�b6`�)�6-6b�,H�6.v+�+�6+�)�a��KL�L�LCB��M���MMK6-6b6,v*�6*�b�)�b6)�a�6`�)�a6b6b�a�6`�)�a6bH�6.v+�+�MK6+�)�a��KL���CB���L��6`�b�`�6-v*vavb6a�6`�)�,vb6,�b6`v,�*�*v`��6-�,v)�aK6+�)�a��KLLLCB����MM�L�6a�*v,�*�*va6*H6+�b6,vav*vb6*6)�b�`H6+�a6b6`�)��L6-�,v)�aK6+�)�a��KL�L̍LCB����MM�LK6a�*v,�*�*va6*H6+�b6,vav*vb6*6)�b�`H6+�a6b6`�)��L6-�,v)�aK6+�)�a��KL�L̍LCB�������L�M�6av.v+6b6a�6*�*vav)�*�*H6*�b6a�)�a6`�b6+�bH6-�,v)�aK6+�)�a��KLLLMLCB�LLL���͎K6-6*v,v*6*v*�6`�)�*�bH6*6*�ava6*�,K6+�)�a��KLM��CB��M͍����6-�b6,v*vbH6*�b�)�b6)�a�6`�b6,v*�6av)�,v`�*K6+�)�a��KL�LCB��M������L�6-�b6,v*vbH6*6)�av*6b6`�b6,v*�6+�)�a��KLLLMLCB��M��L�M��K6-�b6,v*vbH6-�b�-�*v`�6+�)�a��KL�LCB��M���M��K6-�b6,v*vbH6,6a�)�a�6a�b�-6bH6-�b6,v)�*�6+�)�a��KL�LCB�M�L���6avb�c�,6avb�c�,6b6`�6a6b6a6bH6*�b6*�6+�*v*6*K6+�)�a��KLM��CB����L���K6-6*v,v*6*v*�6,�*va�6)�b�-�6avb6+6b�*�b6-6b6-6*H�6ava6+�)�a��KL���CB��L��L��L�6`�b�`�6+6b6,�*�b6)�b�a6b�*�,�6-�b6`�b6a6)�*�*H�6.v+�+�6+�)�a��KL�LCB��L��L��K6`�b�`�6+6b6,�*�b6)�b�a6b�*�,�6-�b6`�b6a6)�*�*H6-�6+�)�a��KLCB������M�M�6-6,v*6*�6*6*�b6*6*6)�`�*v*�6a�a�)�,K6+�)�a��KLCB������M�M��K6-6,v*6*�6*6*�b6*6av-6`�a6+�)�a��KLCB��L�NN�NM�K6,�*vb�)�,v*H6*�b6*�+6bH6`�b6a�*�,vb6a6-6*v+va�6+�)�a��KLLM�L�CB��L�NMNK6,�*vb�)�,v*H6`�b6a�*�,vb6a6)�`�,�*�,vb�aH͌6*�a6*K6+�)�a��KL�M���CB��L�NN�L�MN6,�*vb�)�,v*H6av*v,v,�bH6ava6*vb6a�6`�b6a�*�,vb6a6+�)�a��KL�L�LCB��L�������6a�b�*�*v,vbH6`v*v+vaH6+�,v*v-�b6a�L6b6)�*�L�6+�)�a��KL���CB�NLLN�LL�M�6+6*6,�6a6b6,vb�a�,�6)�b�`�,�6`�b6*�H6-�6+�)�a��KLM��CB�NLLN�LLN6+6*6,�6a6b6,vb�a�,�6)�b�`�,�6`�b6*�H6-�6+�)�a��KLM��CB��LL�M��L�6a�*v,�*�*va6*H6a�*vav*6*v,H6b6*va�6,�b6av*v,H6a6b�avb6b6*�b6*��6.v+�+�6+�)�a��KLLLMLCB��LL�MĽ��6a�*v,�*�*va6*H6a�*vav*6*v,H6b6*va�6,�b6av*v,H6a6b�avb6b6*�b6*�6+�)�a��KLCB��LL�M��LMK6a�*v,�*�*va6*H6a�*vav*6*v,H6b6*va�6,�b6av*v,H6-�b6b�,�6a�a�+�b6av)�a�`�b�6.v+�+�6+�)�a��KLLLMLCB��LL�ML̍�6a�*v,�*�*va6*H6a�*vav*6*v,H6b6*va�6,�b6av*v,H6-�b6b�,�6a�a�+�b6av)�a�`�b6+�)�a��KLCB��LL�M�͌̋6a�*v,�*�*va6*H6a�*vav*6*v,H6b6*va�6,�b6av*v,H6-�b6b�,�6*6a�+�*v`��6.v+�+�6+�)�a��KLLLMLCB��LL�ML��6a�*v,�*�*va6*H6a�*vav*6*v,H6b6*va�6,�b6av*v,H6-�b6b�,�6*6a�+�*v`�6+�)�a��KLCB��LN�6-6*v,v*6*v*�6,vb�a�)�6-6b6-6*H�L6ava6+�)�a��KLLLCB��LN�L�6-6*v,v*6*v*�6,vb�a�)�6-6b6-6*H�L6ava6+�)�a��KLLLCB��LN��6-6*v,v*6*v*�6,vb�a�)�6-6b6-6*H�L6ava6+�)�a��KLLLCB��LL͎L���K6`�a6b�a�,�6*�*v,H6*6b�a�-�b6a�)�b6av)�a6a6)�`va�+�*v,HM�6.v+�+�6+�)�a��KL�LCB�L͌�L�L��6av)�,�b�6)�a6)�av)�,v)�*�L6.�6+�)�a��KL�LCB����NL��K6,�)�a�*�bH6`�b6a�`vbH6a6b�+�bHM6.v+�+�6+�)�a��KLM��CB��LL���M6+6a6`�)�-6bH6*6b�.6bHH6`�b�a6b6+�)�a��KLM��CB�L�L��M�6-6*v,v*6*v*�6*�*v*6b�.vbH6`v,vb6+�,�6*6bH6-6*v`�,HML6-�6+�)�a��KLLLMLCB�L�L��6-6*v,v*6*v*�6*�*v*6b�.vbH6`v,vb6+�,�6*6bH6-6*v`�,HML6-�6+�)�a��KLLLMLCB�L�L����6-6*v,v*6*v*�6*�*v*6b�.vbH6`v,vb6+�,�6*6bH6-6*v`�,HML6-�6+�)�a��KLLLMLCB�L�L���6-6*v,v*6*v*�6*�*v*6b�.vbH6`v,vb6+�,�6*6bH6-6*v`�,HML6-�6+�)�a��KLLLMLCB�L�L��L6-6*v,v*6*v*�6*�*v*6b�.vbH6`v,vb6+�,�6*6bH6-6*v`�,HML6-�6+�)�a��KLLLMLCB�L�L���6-6*v,v*6*v*�6*�*v*6b�.vbH6`v,vb6+�,�6*6bH6-6*v`�,HML6-�6+�)�a��KLLLMLCB����M��L��6`�)�.vb�+�*H6`�b�`�6`�*v*6)�.�6)�*v,�)�6+�)�a��KL͌CB��M��L�MMN6a�*v,�*�*va6*H6av,�*�*v,H6*6)�b�*�6-6b6`�b�6.v+�+�6+�)�a��KLLLMLCB��M��L�MMK6a�*v,�*�*va6*H6av,�*�*v,H6*6)�b�*�6-6b6`�b�6-�6+�)�a��KLLL�LCB��M��L�͍�6a�*v,�*�*va6*H6av,�*�*v,H6*6)�b�*�6+�b�a�b�6.v+�+�6+�)�a��KLLLMLCB��M��L�͌�K6a�*v,�*�*va6*H6av,�*�*v,H6*6)�b�*�6+�b�a�b6+�)�a��KLCB��MLML��6`�a6b�a�,�6,v*va�+6`�b�,�*H�6*6a6b�*�6+�)�a��KL�LCB��NL���MK6`�)�,�)�a�6.6b�`�)�a6b�a�)�6,�*�b�a6`�*vb6,v*K6+�)�a��KLL͌MCB��NL����N6`�)�,�)�a�6.6b�`�)�a6b�a�)�6,�*�b�a6b6*v,�*v*�6+�)�a��KL͌CB���M�M��6`�)�,�)�a�6,�b�b6a�b6`v)�6,v`�aH6+�)�a��KL���LCB���M�M��K6`�)�,�)�a�6,�b�b6a�b6`v)�6+v+6aH�6+�)�a��KLLM�L�CB��NM��NL��6av`�*v,�6+va6)�`�bH��K6+�)�a��KL�LCB��NL��M̌L�6`�*v*�*v,H6avb6,�b6+�*v.6,�b�)�+�6+�)�a��KLLL�LCB��ML����NL�6-6*v,v*6*v*�6`v,vb6*�bH6`vb�`�bH�MH6ava6+�)�a��KLLLCB��ML����NL�6-6*v,v*6*v*�6`v,vb6*�bH6`vb�`�bH�MH6ava6+�)�a��KLLLCB�L�LMLL��M�6av.v+6b6a�6+�+�)�a�6,�*�)�,v*6a6b�`�,�L6-�6+�)�a��KL���CB�L�LMLL��M��6av.v+6b6a�6+�+�)�a�6,�*�)�,v*6a6b�`�,�L6-�6+�)�a��KL���CB�L�LMLL���6av.v+6b6a�6+�+�)�a�6,�*�)�,v*6a6b�`�,�L6-�6+�)�a��KL���CB�L�LMLL��NLK6av.v+6b6a�6+�+�)�a�6,�*�)�,v*6a6b�`�,�L6-�6+�)�a��KL���CB����L��LL�K6av.v+6b6a�6+�+�)�a�6.6)�,vb�)�6,�b�a�,�*�b�.LL6-�6+�)�a��KL͌CB����L��M�6av.v+6b6a�6+�+�)�a�6av)�`�,�6b6)�b�*�6,�*�b�`�,va�LL6-�6+�)�a��KL͌CB��M̎���̍�6+6*v+�av)�+�6*�*v*6)�+�6ava6+�b6)�,K6+�)�a��KLLL�LCB�͌��L��6,vb�`�)�6)�)�av)�a�6-6b6-6*�a�̍L6ava̋6+�)�a��KL��L��LCB�͌��LL�6)�)�`H6+6)�aH�L6ava̋6+�)�a��KLLL�LCB��MM�M��6,�*vb�*�b6a�6,v*v-6a�b6,v`�,vbH6a�b�,6)���6-�6+�)�a��KLLL�LCB�N������6+�*v.6*vavb6,�6+�`�*�b6,H6avb6,�)��+�*v.�.v+�+�6+�)�a��KL�L�LCB����L�L�MK6+v)�`v,�*vbH6-6b6-6*H6,�*v,v`�6-6b�a��6.v+�+�6+�)�a��KL�L�LCB�����LM�LL�͋6avb�a�*�b6`�*v,�`�6+�)�a��KLLLCB����̎L��6+�b�)�,H6-6b6,H6,v+vav*H6+�,v+6*H�6+�)�a��KLL�LM�LCB��NL�L��LNMK6,�*vb�*�6,�*vb�*�b6a�6*�)�*�av)�`�6-6b6-6*HL6-�6+�)�a��KLLLCB����M�ML�NM6*�b6+�b�a�-�6`v,v)�b6a6*H6`�)�a6*K6+�)�a��KLCB�M̌�N�K6`�b�`�6-vavb6a�bH6*6)�b6a6bH�6.v+�+��6-�6+�)�a��KLLLMLCB�M̌M�MK6`�b�`�6-vavb6a�bH6*6)�b6a6bH�.v+�+��6-�6+�)�a��KLLLMLCB�M̌N�K6`�b�`�6-vavb6a�bH6*6)�b6a6bHL6-�6+�)�a��KL�LCB�M̌M�K6`�b�`�6-vavb6a�bH6*6)�b6a6bHL6-�6+�)�a��KL�LCB�L�LM�L��6*�,�`�b�*�6,�b�,vb6-6*v`�,H6*6b�b6a�*�)�M�6-�6+�)�a��KL͌CB�L�LM͍�6*�,�`�b�*�6,�b�,vb6-6*v`�,H6*6b�b6a�*�)�M�6-�6+�)�a��KL͌CB�L�LM�LL�6*�,�`�b�*�6,�b�,vb6-6*v`�,H6*6b�b6a�*�)�M�6-�6+�)�a��KL͌CB�L�LML�6*�,�`�b�*�6,�b�,vb6-6*v`�,H6*6b�b6a�*�)�6-6b6`v)�a�N6-�6+�)�a��KL͌CB�L�LML6*�,�`�b�*�6,�b�,vb6-6*v`�,H6*6b�b6a�*�)�6-6b6`v)�a�N6-�6+�)�a��KL͌CB���LLL�LM�6*�,�`�b�*�6-v*6)�+H6-�b6b�,�6a�a�+��6.v+�+�6+�)�a��KL�LCB���LLL��6*�,�`�b�*�6-v*6)�+H6-�b6b�,�6a�a�+�6+�)�a��KLCB��L��M�LL�6`�b�`�6-vavb6a�6`�,vb6b�,�)�a�*�6a�b6`�)��6.v+�+�6+�)�a��KLLLCB���M��M�6a�*v,�*�*va6*H6)�b�a�+�*v,H6avb�a6`�6*�b6b�,��6.v+�+�6+�)�a��KLLL�LCB���M��L͋6a�*v,�*�*va6*H6)�b�a�+�*v,H6avb�a6`�6*�b6b�,�6+�)�a��KLCB���������6av)�b�a�b6,�6-6b6-6*H6a�)�avb�`�)�ML6-�6+�)�a��KL��L��LCB����M�MNM�6-6b�,H6`�*v`�*vb6`�)�a6*H6*6*�a�6ava6+�)�a��KLLLCB��L�M�NK6,vb�`�)�6)�)�av)�a�6-6b6`H6*6a6*v,�6`v+vaHL6-�6+�)�a��KLLLMLCB��L�M�NL�6,vb�`�)�6-6b6`H6*6a6*v,�6-�b6aL6-�6+�)�a��KLLLMLCB��LL���M͎K6-6)�av*�b6+6a6`�6-6b6`HML6ava6+�)�a��KL���CB��LL���M�L6-6)�av*�b6+6a6`�6-6b6`HML6ava6+�)�a��KL���CB��LL���M��6-6)�av*�b6+6a6`�6-6b6`HML6ava6+�)�a��KL���CB������L��6`�b�`�6*6b�,�b6,vb�a�b6)�)�+�,vb�a��6.v+�+�6+�)�a��KL�L�LCB������L�K6`�b�`�6*6b�,�b6,vb�a�b6)�)�+�,vb�a��6.v+�+�6+�)�a��KL�L�LCB�������̎K6`�b�`�6*6b�,�b6,vb�a�b6)�)�+�,vb�a�6+�)�a��KLCB����LM�NLLM��6`�b�`�6+�b6a�b6*�6a�)�,vb�a�)�`��6.v+�+�6+�)�a��KL��L��LCB����LM�NLLM��6`�b�`�6+�b6a�b6*�6a�)�,vb�a�)�`��6.v+�+�6+�)�a��KL��L��LCB����LM�NLLMNK6`�b�`�6+�b6a�b6*�6a�)�,vb�a�)�`��6.v+�+�6+�)�a��KL��L��LCB������L�6-6`�,vb6`�6+v*6a�.va�)�.H6*�b6a6bL�6-�6+�)�a��KL�LCB��������6-6`�,vb6`�*H6a�-�`vb�a�6a�b6,v+��6-�6+�)�a��KL�LCB�������N6-6`�,vb6`�6)�b�avb6+6bH6a�b6,v+�6)�+�,vb�a�M6-�6+�)�a��KL�LCB�������6a�.va�)�.H6`�b�,�*H6ava6*vb6a�6)�)�+�,vb�a�v`�.�6+�)�a��KL�L�LCB������L��6`�b�`�6)�)�+�,vb�a�6*6b�,�b6,vb�a�b�6.v+�+�6+�)�a��KL�L�LCB��������͋6`�b�`�6)�)�+�,vb�a�6*6b�,�b6,vb�a�b6+�)�a��KLCB����LMLM��L�6*�,�`�b�*�6*�b�,�*�6)�b�*��6.v+�+�6+�)�a��KL�LCB����LMLM��K6*�,�`�b�*�6*�b�,�*�6)�b�*�̈6-�,v)�aK6+�)�a��KLCB���L�M�MM�K6,�.v*�,H6)�+vav,H6*6,�*�)�a�M6-�6+�)�a��KL�L�LCB��M�L�LL�6-�*�,�6*�)�`�b�,�6*6a6b6a�b�*�L���6-�6+�)�a��KL�LCB��M�L�6-�*�,�6*�)�`�b�,�6*6a6b6a�b�*�M���6-�6+�)�a��KL���CB��L�͍�M�6-6*v*6,vav)�a�6a�a�)�,H6b6*v,v+�*H�H6-�6+�)�a��KL�LCB�L��͎ML��6*�)�aH6`�b�`�6`�,v)�avb�a�6ava6+�)�a��KL�L�LCB�L��͎MMM�6*�)�aH6`�b�`�6-�b6a6-6b6-6*K6+�)�a��KL�L�LCB�L��͎MNK6*�)�aH6`�b�`�6-6b6-6*H6*6,v*�`�)�a6+�)�a��KL�L�LCB�L��͎ML��6*�)�aH6-6b6-6*H6*6,vb�)�a�bK6+�)�a��KL�L�LCB�L��͎MMMNK6*�)�aH6-6b6-6*H6avb6,�6`�b�`�6+�)�a��KL�L�LCB�L��͎N�K6,v*va�-�6-6b�a�6-6b6-6*K6+�)�a��KL�L�LCB�L��͎N��6,v*va�-�6-6b6-6*H6`�*v,�`�6+�)�a��KL�L�LCB�L��͎MNN6,v*va�-�6`�b�`�6*6b�`v)�,�bK6+�)�a��KL�L�LCB�LM��6a�*v,�*�*va6*H6,�a�b�`�,v,�N6-�6+�)�a��KLCB��̌M����6a6)�b�*�6,v*v-6-6)�-6*H��6+�)�a��KLMLLMMLCB��M�L�L�6-6+va�6+6b6`�*v,H�6*6)�*�,vbK6+�)�a��KL�L�LCB��MMMMĽ���6av*v`�b�a�*H6`�b�avbH6-6)�-6*H����6+�)�a��KLL͌MCB��MMMMĽ��6av*v`�b�a�*vbH6,v+�b�a�6`�b�avbH6,�`v,v`�,va���6+�)�a��KLL�LLCB����L���͋6`�*v,�*6.v+6b6*H6`�)�a6`�6-6`v)�`H6-�6+�)�a��KLM�LM�LCB��LLM�LM�K6,v*va�+�*H6`�b6a�+�`�6,�*�b�a6+�)�a��KL�LCB��LL�MLL��6,v*va�+�*H6+�*v,�`�6+�)�,K6+�)�a��KLL�LM�LCB����͌M���6*�b�,vb6`�6+�)�,H6,�*�b6,K6+�)�a��KL͌CB����͌M���K6+�)�,H6*6-6*�6+�b6,v)�a�+�a�6+�)�a��KL�LCB��ML��LNL�6,v*va�+�*H�6,�*v,H6a6)�,�*�b�`�6+�)�a��KLLL�LCB��NM����6+�)�b6a6bH6ava6*vb6a�6`�*vb6,v*K6+�)�a��KL͌CB��M�M�MN�6+�*v.6*6*v`�a6)�b6*H6b6*6)�avbH6,�*�b�a6+�)�a��KLNL��LCB��LLM��6,v)�a��`�b�a6b6)�b6,v)�,v)�6+�)�a��KLM�LCB����LL���6`�b6*�bH6-�)�6*�)�-6)�*6)�-�bH6*6)�,�b�`�6-6b6-6*Hv.v+�+�6+�)�a��KL���CB��L��M��M�6`�b6*�6*6*v+�*v,�`�6*�)�-6)�*6)�-�bH6)�b�`�b6a�b�`�6-6b6-6*H�.v+�+�6+�)�a��KL�LCB��L��M�L��M͋6+�b6a6`�6-6b6-6*H6+�b�)�a�)�6,�*v,H6a6)�,�*�b�`�6a�*v+�-6+�)�a��KL�LCB����N��͋6`�)�,�`�bH6+6-�)�,v*H6*�)�-6)�*6)�-�bH6`�b6-6b�aH�.v+�+�6+�)�a��KL�L�LCB��L��M͌�K6`�b6*�6)�)�b�,�6`�,vb�c�aH6*�)�-6)�*6)�+6bH6)�b�-�b6-6b6-6*H�.v+�+�6+�)�a��KL�L�LCB��M̍LL���6a6b�`v`��,�b�av*vbH6)�)�av)�a�6ava6*vb6a��.v+�+�6+�)�a��KL�LCB��L�͌M��LML6*�*vav*�*vbH6+va6)�`�6-�b�b6*H��L�MK6+�)�a��KL�LCB����M��MNK6+�*v,�-�)�bH6,�*va6)�*�*H6+�*v,�*�bH̍L6+�6+�)�a��KL�L̍LCB��NM�NLLMN�6`va6)�-6avb�avb6,vbH6,�*va�6+�b�,�`�M�-�b�-�)�*6)�b�*�6+�)�a��KL�L�LCB��L�LL��6`�*v.6*v,vbH6avb6*6)�b�a6)�b�*�b�`v*�6+�)�a��KL���CB��M������NMK6)�*v+�)�*�*�*v,vbH6-6*v+va�6)�)�a�,�*�bH6,�*vb�)�,v*H6+�)�a��KLM��CB����͌M�̍K6-�*v`�b6+6b�a�+6b6a�a6bH6+�*v,�`�6+�)�,K6+�)�a��KLLL�LCB��MNML�LN6`�b�*6a6-6*v+va�6avb6`�,�b6aHK��av*�,H�6b6)�*�6*�)�b�*�6+�)�a��KLM��CB��MNML�LL̍�6a�b�*�`vb6a�6`�b�*6a6avb6`�,�b6aHT�K6+�)�a��KLLLCB��MNML�L�6`�b�*6a6-6*v+va�6)�)�b�`vb6a�6avb6`�,�b6aHvav*�,HЌ��6+�)�a��KL͌CB���M���MM�K6,�*v,v*H6-6*v.va�6av)�,v.6b�,v,��L�6+�)�a��KLLLCB��M��M�MM�6)�)�b�,v*�b6+�6)�b�a�`�)�`�,���M��6+�)�a��KLM�MLCB��M��NNLM�K6)�*v+�)�*�*�*v,vbH6,�*vb�)�,v*H6-6*v.va�6avb6`�,�b6aH���6+�)�a��KL�L�LCB�NM�L�ML6`�b�*6a6)�)�b�`vb6a��6b6)�*�vav*�,H6*�)�b�*�6+�)�a��KLM��CB��N���M�6`�b�*6a6-6*v+va�6avb6`�,�b6aHvav*�,H6*�)�b�*�6+�)�a��KL�LCB��MNML�L͌LK6a�b�*�`vb6a�6avb6`�,�b6aH6*6a6b6*�b6,��6+�)�a��KL�LCB����͌M��K6+va6)�`�*vbH6+6a6`�6+�)�,H6-�b�b6*H�.v+�+�6+�)�a��KL�L�LCB��MM�L�̌��L6*�*v,vb6`�6*6-�b6`�6ava6*vb6a��.v+�+��
��6,�aK6+�)�a��KLLL�LCB��LLML�ML���6+�)�,v`�bH6+6a6`�6b�b6+6b�a�6ava6*vb6a�M�.v+�+�6+�)�a��KL�LCB��L�LNL��K6`�b6,v,�bH6ava�+�)�a6)�a�6ava6*vb6a��6+�)�a��KLM��CB���LL�NL6-�b6a6)�`H6*�+v`v*H6.6)�a�b�a6)�6)�b�`�,�*�,vb�aK6+�)�a��KLNLNLCB��L�LM�MLL��K6a�b�*�`vb6a�6`�b�*6a6,�b�a6b�*6,v)�*�̌K6+�)�a��KL���CB�NM�L�MM��K6,�*v,v`�*H6-6*v+va��6b6)�*�6*�)�b�*�6+�)�a��KL�LCB����͌M��LK6*�*v,vb6`�6,�*vb�)�,v*H6-6b6-6*�a�6-�b�b6*H6-6b6*��L6+�)�a��KLM��CB���LL��LLLL�6`�)�,�`�bH6+6-�)�,v*H6)�)�-6*�,v)�bK6+�)�a��KL�L�LCB��M��NM�͋6`�)�.vb�+�*vbH6`�a6b�a�,�6`va6b6,�b6`v*�6+�)�a��KL͌CB�M�LL��L�6av.v*v*�*v,H6,�)�,v)�6*�b�`v)�,�bH�6ava6+�)�a��KL��L��LCB��MNML�L��6,�*v,v`��`�b�*6a6avb6`�,�b6aH6)�)�b�`vb6a��M�K6+�)�a��KL�LCB��L�MN��6)�b�,�`v*va�+6av`�b�)�+6a�,vb6,K6+�)�a��KLLLMLCB��L�MN�L6+�*v.6*vavb6,�6*�)�`�,6`�,va��.v+�+�6a�,vb6,K6+�)�a��KLL�LM�LCB��L��M̍��L��6*6*v,v+�)�+�6)�)�b6*�)�-6)�*6)�-�bH6*6b�,�*�,vb6,�)�+�*H6-6b6-6*H6.v+�+�6+�)�a��KL�LCB��N͍M̌LK6-�*v,�*�*vbH6*6,vb�a�6*6)�a�+�)�+6+�)�a��KLLL�LCB�̌NMN6avb6`�*vb�`H6*�,vb�,�avbH6,�*�bH�vava6+�)�a��KL�LCB��M�̍M��N6`�a6b�c�a�,�6+va6)�`�*HL�6.v+�+�6+�)�a��KL�L�LCB��LLLLNM�K6-6)�av*�b6a�)�b�,H�6ava6+�)�a��KLL�LM�LCB��LLLNNMMK6*�)�b�*�6b6b�-6.�*v,�)�a6*vbH6)�b6*�b6av)�*�b�`�v`�-�6+�)�a��KL͌CB��M���6,�)�a�*�bH6)�b6a6b6*vb�,�6)�)�a6b6.6b�,v)�M�.v+�+�6+�)�a��KL�L�LCB��LMLLM��K6-6)�av*�b6bH6*�b6-6`�6,�b6b�*�6a6)�b�`H�L6ava6+�)�a��KLLLMLCB��LMLLM��K6avb6`�*vb�`H6,�b6b�*�6a6)�b�`H�L6ava6+�)�a��KLLLMLCB��LML��NL��6-6)�av*�b6bH6a�*va6b6*v,vb�a�6,�b6b�*�6a6)�b�`H�L6ava6+�)�a��KLLLMLCB��LMLNL�MK6-6)�av*�b6bH6,v*va�-�bH6*�,v-�6,�b6b�*�6a6)�b�`H�L6ava6+�)�a��KLLLMLCB�NM�̌̌�6,vb�`�)�6)�)�av)�a�6,�)�bNL6ava6+�)�a��KL�L�LCB�NM��L���6-6)�av*�b
�avb6`�*vb�`H6+6b6,�*�6`vb6,vb�b6ava6+�)�a��KL��L��LCB�NM��L�����6-6)�av*�b
�avb6`�*vb�`H6+6b6,�*�6`vb6,vb�b6ava6+�)�a��KL��L��LCB�NM��L��͌6-6)�av*�b
�avb6`�*vb�`H6+6b6,�*�6`vb6,vb�b6ava6+�)�a��KL��L��LCB�L�N6-6)�av*�b6bH6*�,v-�6,�)�bL6ava6+�)�a��KLL�LM�LCB�L�N��6-6)�av*�b6bH6*�,v-�6,�)�bL6ava6+�)�a��KLL�LM�LCB�L�N��6-6)�av*�b6bH6*�,v-�6,�)�bL6ava6+�)�a��KLL�LM�LCB��NNNLLNM�6av.v*v*�*v,H6`�)�-6bH6a6b�a6b6,��6ava6+�)�a��KLLL�LCB��MNM��M6,�)�a�*�bH6)�b6a6b6*vb�,�6*�b�.6)�,�bH�.v+�+�6+�)�a��KLLL�LCB�͍LM�M��6+�*v,vav)�a�6+�)�,H6+�b6.6b�c�,H6*6+�)�+��L6ava6+�)�a��KL���CB��L�NK6a6*6a�*H6b�b6,v,�)�a�6`�)�a6`�N6-�,v)�aK6+�)�a��KLL�LM�LCB��LL�K6a6*6a�*H6b�b6,v,�)�a�6`�)�a6`��L6-�,v)�aK6+�)�a��KL�L̍LCB�LM�LM6)�b�a�,v,6bH6,vb�c�+�*6b6a6-6b�a��L6ava6+�)�a��KLNL��LCB���LMML��L̍6-6*v,v*6*v*�6)�)�,�b�a�b6-6`v)�`H�L6ava6+�)�a��KLLLMLCB���LMML��L��K6-6*v,v*6*v*�6)�)�,�b�a�b6-6`v)�`H�L6ava6+�)�a��KLLLMLCB����M���NK6-6*v,v*6*v*�6)�)�,�b�a�b6-6`v)�`H�L6ava6+�)�a��KLLLMLCB���LMML��L�MK6-6*v,v*6*v*�6)�)�,�b�a�b6-6`v)�`H�L6ava6+�)�a��KLLLMLCB��MNM�LM�NK6`�)�,v*�b�+�bH6*6a�bH6*�bvc�6`�b�a6bH6*6b�b6*�bH�.v+�+�6+�)�a��KLM��CB�����L͎MK6`�*v,�*�6ava6`�6)�a6*�avb6,HL6.�,v)�aK6+�)�a��KLL�LLCB��M�NL�L�6-6b�,H6b�b6,vb6-�b6a6+�6`�b�,�*HL6.�,v)�aK6+�)�a��KLLLMLCB��M��L�M�LK6a�)�a�6*�b6,�*�6,v*v-6`�6*6bH6-6*v`�,H�L6-�6+�)�a��KLM��CB���MLL�MK6av,vb�-6`�6)�a6+va6)�aML6-�6+�)�a��KLLLMLCB��M���6av)�,�*�6,v)�avbH6`v)�,vaH6,�*�a6+�b6av)�a6bK6+�)�a��KLM��CB�����M�NK6,�a�b�`�6*6,va�+6)�)�`�6-vb6`vbH6)�-va�6.v+�+�6+�)�a��KLLL�LCB�L�L�ML�K6a�b�,�`�)�`vbH6+�b6a6-�bvc�6-�b6,�*�b6`�)�,v*�b6a�L6-�,v)�aK6+�)�a��KLM�LCB�L�L�L��6a�b�,�`�)�`vbH6+�b6a6-�bvc�6-�b6,�*�b6`�)�,v*�b6a�L6-�,v)�aK6+�)�a��KLM�LCB�͌���L��6a�*v,�*�*va6*H6avb�a6`�)�6)�b6,vb�b6,�*va�+�*vb6b�-�L�-�,v)�aK6+�)�a��KLM��CB�͌���LNM�6a�*v,�*�*va6*H6avb�a6`�)�6)�b6,vb�bL6-�,v)�aK6+�)�a��KLM��CB�NNN��MM��K6*�*va�b�,H6av)�,vb�a�)�6.v+�+ʌL6.�,v)�aK6+�)�a��KL�L�LCB�NNN��MM�LK6*�*va�b�,H6av)�,vb�a�)�6-6b6-6*HM6-�,v)�aK6+�)�a��KLLL�LCB��͎���LM��6*�*va�b�,H6*�b�*�,�)�6a�b�,v`�,vbH6a�)�,�*H6`�b�,�*H6-�,v)�aK6+�)�a��KLNL��LCB�LML��K6-6*v`�,vb6`�6*�*v,v,�b�`H6*�b�`�*�b6aNK��-�,v)�aK6+�)�a��KLLLCB�����6`�*v,�*6*6bvc�6-6*v`�,H6,vb�`H6a6`�-vb�aH6`�)�a6`�6+�)�a��KLM��CB�LMLLNM�6*6a�)�,v)�*�6*6,vb�)�a�bH6`�)�b6*vbH6-�a6*6)�,v*H6`�)�a6`�6-�,v)�aK6+�)�a��KL�L�LCB����NM�N��6*6a�)�,v)�*�6*6,vb�)�a�bH6,�*v,H6-�b6a6*�*v,vbH6`�)�a6`�6+�)�a��KL�L�LCB�L͌M��̍��6-6*v,v*6*v*�6.6b�a�b6*���6ava6+�)�a��KL�LCB���L�LM�M�6*�b�c�*�,�bH6*6,vb�*�)�a�bH6`�b6+�bH6-6b�a���6ava6+�)�a��KLLLMLCB�L�L͍M�L�6-6*v,v*6*v*�6)�*vavb�`�b�6ava6+�)�a��KLLLCB�L�6-6)�av*�b6bH6+6b6+�6ava�+�)�a6)�a�L6-�,v)�aK6+�)�a��KL�LCB��������M�6`va6`va6-6b6-6*H6)�*va�b�a�6.�,v)�aK6+�)�a��KLLLMLCB���L��LMK6av.v*v*�*v,H6`�)�-6bH6`v)�b�a��6ava6+�)�a��KLM��CB���L���M�K6av.v*v*�*v,H6`�)�-6bH6`v)�b�a��6ava6+�)�a��KLM��CB���L���L6-6)�b6*v,H6+6,�aH6`v)�b�a�L6ava6+�)�a��KLLLCB���L��M��6-6)�b6*v,H6+6,�aH6`v)�b�a�L6ava6+�)�a��KL�LCB��ML�NN�L��6`�a6b�c�a�,�6*6b�.6bH6.v+�+�6+�)�a��KLM��CB��ML�NN�LNK6`�a6b�c�a�,�6*6b�.6bH�6.v+�+�6+�)�a��KLL�LM�LCB��MM͌L͎L�6`�*vb�av)�.�6)�a6,v+vav*HL6-�,v)�aK6+�)�a��KLM��CB��MNML�LL�K6a�b�*�`vb6a�6`�b�c�*6a6avb6`�,�b6aHT�6+�)�a��KLLLCB��NN��NLM�6a�)�a�6-6)�b6,vav*H6avb�c�,v,�b�a�6`�b�,�*H�L6-�,v)�aK6+�)�a��KL�L�LCB���M͌M�6`�-6*�*H6avb�c�,v,�b�a�6-�,v)�aK6+�)�a��KLLLCB�NNN��MM��6*�*va�b�,H6`�-6*�*H6av)�,vb�a�)��.v+�+ʌL6.�,v)�aK6+�)�a��KL�LCB�NNN��MM�L�6*�*va�b�,H6`�-6*�*H6av)�,vb�a�)�L�.v+�+ʌ�6.�,v)�aK6+�)�a��KLLLMLCB���M�L��M�6a�*v.6b�,vbH6*�*v`�a6)�b6*H6)�a6,v+vav*HL6-�,v)�aK6+�)�a��KLM��CB���MN��LK6)�)�-6bvc�6*�*v+vb�a�)�6`�*va6bvc�L6ava6+�)�a��KLM��CB���LMM��K6`�a�b6*H6*6a�6)�a6+vavb6bH6*6,v)�b�*�N6-�,v)�aK6+�)�a��KLLLCB��M����L�6-�b6`�b6a6)�*�*H6+�b6*6*vbH6*6b6a6-�bH6`�b�,�*HL6-�,v)�aK6+�)�a��KLN�NLCB���LMMLLK6`�a�b6*H6*6a�6)�a6+vavb6bH6+�)�,v`�N6-�,v)�aK6+�)�a��KLLLMLCB���LMMNL�6`�a�b6*H6*6a�6)�a6+vavb6bH6)�b�c�`�,�*�,v)�N6-�,v)�aK6+�)�a��KLLLMLCB�͌M��LM�6-�b6`�a6b�c�*�6b6)�a6`�b�c�,v,�6)�b6,v+6b�a�)�av`�-�6+�)�a��KL���CB��MMNNML�6-�b6`�a6b�c�*�6avb�,va6b�*�b6`�b�,�*Hv`�-�6+�)�a��KL���CB�͌M��LMK6+6b�c�a6bH6-�b6`�b6+6b�c�a6`�b�,�*Hv`�-�6+�)�a��KL���CB�͌M��LMM6+6b�c�a6bH6-�b6`�b6+6b�c�a6`�b�,�*Hv`�-�6+�)�a��KL���CB�͌M���N��6+6b�c�a6bH6-�b6`�b6+6b�c�a6`�b�,�*Hv`�-�6+�)�a��KL���CB���L�6`�b�c�`�6-v*vavb6a�6`�)�,vb6,�b6-�b6`�b6a6)�*�*H�6-�,v)�aK6+�)�a��KLLLCB��L̎NMM�6`�,vb�c�aH6`v,�*�*v`�6a6)�avb�,v)�6-6b6-6*H�6-�,v)�aK6+�)�a��KL�LCB����L�L��K6b6b�`v*v,H6`v,�*�*v`�6+�b6*6*vbH6-�b6`HͶ-�,v)�aK6+�)�a��KLCB����L�L��6b6b�`v*v,H6`v,�*�*v`�6+�b6*6*vbH6-�b6`HͶ-�,v)�aJ��6.v+�+�6+�)�a��KLLLMLCB���N���K6*�,�`�b�*�6b6b�`v*v,H6`v,�*�*v`�6+�b�b�b�6-�,v)�aK6+�)�a��KLCB����L�L�6a�*v,�*�*va6*H6+�b6*6bH6a�b6-�)��6.v+�+�6+�)�a��KLLLMLCB����L�L�K6a�*v,�*�*va6*H6+�b6*6bH6a�b6-�)�L6-�,v)�aK6+�)�a��KLCB��L͍�M�K6a�*v,�*�*va6*H6)�*va6*�a6)�6-�b6`�b6a6)�*�*H�6.v+�+�6+�)�a��KLLL�LCB��L��M̌��N6`�b6*�bH6-�)�6*�)�-6)�*6)�-�bH6*6)�,�b�`�6-6b6-6*H�.v+�+�6+�)�a��KL�L�LCB���L���6-�*v+�av)�+�6*6b6,v+6*6-�b6`�6+�)�a��KLLLCB��N̌M�M�K6`�a6b�c�a�,�6*�*v,H6)�a6av)�,�L�6.v+�+�6+�)�a��KL�LCB��M�L�M��M�6)�b6*�bH6+6a6`�6,v)�`H6b6)�*�LM�Q�6+�)�a��KLL�LLCB�M��LNMNK6-6)�av*�b6bH6av)�`vb6,H6*�b6a6b�c�`�,�va6*�,K6+�)�a��KL�L�LCB���LLMLL��L�6+�*v,vav)�a�6*�*vb6)�a6b�c�*�6`v)�a6`�b6a��L6ava6+�)�a��KL�L�LCB���LLMLM�K6)�)�b6bH6+6)�aH6`v)�a6`�b6a�L6ava6+�)�a��KLM��CB��M���L��6+v)�,�b�*6*vbH6-�*vb6,v*H�LL�6+�)�a��KL�L�LCB���L�M��6*�,�`�b�*�6`vb6a�+�b�c�,v)�a6)�6a�b6`�)��6.v+�+�6+�)�a��KL�L�LCB�����L̌�K6+6b�c�a6bH6`�b6`�6avb�`�,�6`v,vb6*�L�.v+�+�6+�)�a��KL�L�LCB�����L��6+6b�c�a6bH6`�b6`�6avb�`�,�6`v,vb6*�v-�,v)�aK6+�)�a��KLCB��LLLM��NK6a�*v,�*�*va6*H6+�*va�`�6+�)�ava6*H6-�b6`�b6a6)�*�*Hv`�-�6+�)�a��KLLLMLCB��M���L�MK6a�*v,�*�*va6*H6*6b6a6-�bHL��v-�,v)�aK6+�)�a��KLLLCB�NLL����6a�*v,�*�*va6*H6+�)�,v`�6-�b6`�b6a6)�*�*H6b6)�b6b�aL6-�,v)�aK6+�)�a��KL���CB��������6`�*v-�*v*6*�*vav)�*�*H6,�+v,H6+�*v*6*H�6.�,v)�aK6+�)�a��KLLL�LCB������6`�*v-�*v*6a�)�,H6,�+v,H6+�*v*6*H�6.�,v)�aK6+�)�a��KLLL�LCB�L�͌�LK6*�,�`�b�*�6-�b6a6b6a�6avb6a�b�a�-�6`�b6`vbH�6-�,v)�aK6+�)�a��KLLLMLCB�LLMM��6+�b6b�c�bH6,�+�*�6a6b6,�)�a6*��L6-�,v)�aK6+�)�a��KL�LCB�ML�͌�6-�b6`�a6b�c�*�6b6b�*v,�b�c�,H6)�b6,v+6b�a�)�a6`�b�,�*HL6-�,v)�aK6+�)�a��KLMM�M�CB����L���6-�b6`�a6b�*�6a�*v,�*�*va6*H6a�)�+�bH6-�b6b�,�a�a�+�6`�b�,�*HL6-�,v)�aK6+�)�a��KL�L�LCB����L��L�6-�b6`�a6b�*�6a�*v,�*�*va6*H6a�)�+�bH6`�)�`�)�b6`�b�,�*HL6-�,v)�aK6+�)�a��KL�L�LCB�NNNNNMLNL�6-v)�*6b6a�6a6b6`�,�6)�*va�+�*va�b6,�bH6.v+�+ʌL6-�,v)�aK6+�)�a��KL�L�LCB�M�LM�MLN6-v)�*6b6a�6a6b6`�,�M̶-�,v)�aJ��.v+�+�6+�)�a��KLLLMLCB�M���L�M�6*6*va�b�-6*�6)�b6a�)�6,�*�b�,vava�*���6-�,v)�aK6+�)�a��KLNL��LCB��LL�MMM�6-v)�*6b6a�6+�b6,vbM�v-�,v)�aJ��.v+�+�6+�)�a��KLLL�LCB��LL�MMM��K6-v)�*6b6a�6+�b6,vbM�v-�,v)�aJ��.v+�+�6+�)�a��KLLL�LCB��LL�MMM�MK6-v)�*6b6a�6+�b6,vbM�v-�,v)�aJ��.v+�+�6+�)�a��KLLL�LCB��LL�MMNK6-v)�*6b6a�6+�b6,vbM�v-�,v)�aJ��.v+�+�6+�)�a��KLLL�LCB��LL�MMNN6-v)�*6b6a�6+�b6,vbM�v-�,v)�aJ��.v+�+�6+�)�a��KLLL�LCB�LM��̌L6-6*v,v*6*v*�6a6b6*�bH6`�b6+�bH��6ava6+�)�a��KL�LCB�LM�̍���6-6*v,v*6*v*�6*�,v*�*v`�)�a6,�)�`�6,�)�`�6`�b6+�bH��6ava6+�)�a��KL�LCB����L��L�6-6*v,v*6*v*�6`�b6*6bH6a6)�a�+�6-6b6-6*H�6ava6+�)�a��KL�LCB����L���6-6*v,v*6*v*�6`�b6*6bH6a6)�a�+�6-6b6-6*H�6ava6+�)�a��KL�LCB����L���6-6*v,v*6*v*�6`�b6*6bH6a6)�a�+�6-6b6-6*H�6ava6+�)�a��KL�LCB��MM��M��6-�b�*�,�6*�b6*�b�a6)�6+�a�b�)�6-�,v)�aK6+�)�a��KLCB�����L�L�K6-�b�*�,�6av,�av,�L6-�,v)�aK6+�)�a��KLLLCB����M�MM̌�M�6*�*va�b�,H6-6b�+�,H6`�)�a6*HL�6.�,v)�aK6+�)�a��KL�LCB���M�LLM�LL6*�`v*v`�6ava�6ava��6.�,v)�aK6+�)�a��KLCB����M�MM�L�K6*�*va�b�,H6`�-6*�*H6b6b�a6bH�.v+�+ʌLv.�,v)�aK6+�)�a��KLLL�LCB����M�MM�L�K6*�*va�b�,H6*�b�*�,�)�6`�)�a6*H�`�-�6+�)�a��KLL�LL�LCB��L�L��K6*�*v,vb6`�6-�b�b6*H6-6b6*�6+�)�a��KLLL�LCB�͌��L�M̎6+6-�)�,v*vbH6av)�a6b�*6,vb6+�)�a��KL���CB���ML��N�K6-6*v*6,vav)�a�6a�*va�)�,H6)�a6,v+vav*HL6-�,v)�aK6+�)�a��KL�L�LCB��M����NL6,�*vb�*�b6a�6*�b�*�,�)�6)�a6,v+vav*H6`�b6+�bH�6-�,v)�aK6+�)�a��KLLLLLMLCB��M���LM�6,�*vb�*�b6a�6,v*v-6)�b�`v*�b�a6b�)�6`�b6+�bH�6-�,v)�aK6+�)�a��KLLNLL��LCB��M���LK6,�*vb�*�b6a�6,�*v,H6)�b�`v*�b�a6b�)�6`�b6+�bH�v-�,v)�aK6+�)�a��KL�L�LCB��MM���6,�*vb�*�b6a�6*�b�*�,�)�6)�a6,v+vav*H6`�b6+�bH��6-�,v)�aK6+�)�a��KLLL�LCB���LLLLLN6-6b�,H6-�a�+�b6,H6,va�+��6ava6+�)�a��KLCB���LLLL6-6b�,H6avb6,�6,va�+��6ava6+�)�a��KLCB���LLLL��6-6b�,H6`v,v)�b6a6*H6,va�+��6ava6+�)�a��KLCB���LLLLM�6-6b�,H6-�b6`�b6a6)�*�*H6,va�+��6ava6+�)�a��KLCB�̎LLL�6+6-�)�,v*vbH6b6b�c�a�,�*�b6a�6,v,�)�,�bK6+�)�a��KL�L�LCB�̎LL�K6+6-�)�,v*vbH6b6b�c�a�,�*�b6a�6,v,�)�,�bHL6.v+�+�6+�)�a��KL��L��LCB���MLLN�6-�b6b�,�6-6`�b�a�6)�-va6+�)�a��KLM��CB��M̎M�M���6*6)�+�bJ�,�b�a�b�`�6-�*v,v*v,�)�*�6*�)�+�av*HL�.v+�+�6+�)�a��KLMM�M�CB�LMM����L�6av.v+6b6a�6+�+�)�a�6,�a�,�b6+�)�b�a��vava6+�)�a��KL�L�LCB�NNM���̍�6av.v*v*�*v,H6*6a�6*6)�a6a�b�.6b�)�6-6b6-6*HL6ava6+�)�a��KL�L�LCB�NNM���ML�6av.v*v*�*v,H6*6a�6*6)�a6a�b�.6b�)�6-6b6-6*HL6ava6+�)�a��KL�L�LCB�LN�L��NK6av.v*v*�*v,H6*6a�6*6)�a6a�b�.6b�)�L6ava6+�)�a��KLM��CB��LL��M�6-�*v`�b6*�)�+�av*H�.v+�+��6+�)�a��KLM��CB������L��LM6-�b�,�`��*6b�c�,v`�6`�,v-NK6+�)�a��KLM��CB�L�L�M�L�K6-�b6`�a6b�c�*�6av)�`�b�a�*�b6-6`�b6+�bH��v`�-�6+�)�a��KL�M�CB��MM�M��LK6a6*v-�*va�6*6,va�+6)�,�*�b�av,�aK6+�)�a��KL���CB�LM��NL����K6+6-�)�,v*vbH6)�*va6`�*�,vb6a�bHL
�6+�)�a��KL���CB��MM��L�L6`�b6a�`�)�a�6`�)�a6`�6*�a6)�,�*�b�`����6+�)�a��KL���CB�N��L�6-�*�,�6a6b6,vb�a�,�L6.�,v)�aK6+�)�a��KL�L�LCB��NMM��L�MM��6-�b6b�,�6-6`�b�a��L�6+�)�a��KL�L�LCB��M�ML6-v)�*6b6a�6`�+�a6b6a6)�a��6-�,v)�aK6+�)�a��KLL�LM�LCB���L��NM6-6b�,H6+�*v,�*�6)�a6av,v)�.vbH6*6,vb6`�b6+�bHM�6.�,v)�aK6+�)�a��KL�LCB�M�L����NLK6-6*v,v*6*v*�6`�b6`�b6`�b6b�a�6-6b6-6*H�L6ava6+�)�a��KL�LCB�M�L����̋6-6*v,v*6*v*�6`�b6`�b6`�b6b�a�6-6b6-6*H�L6ava6+�)�a��KL�LCB�M�L����LNK6-6*v,v*6*v*�6`�b6`�b6`�b6b�a�6-6b6-6*H�L6ava6+�)�a��KL�LCB�M�L����N6-6*v,v*6*v*�6`�b6`�b6`�b6b�a�6-6b6-6*H�L6ava6+�)�a��KL�LCB�M�L����M�6-6*v,v*6*v*�6`�b6`�b6`�b6b�a�6-6b6-6*H�L6ava6+�)�a��KL�LCB�����N���6*6,va�+6,�,v,�avb�a�6`�a�*�,Hv`�-�6+�)�a��KLNL�LNM�LCB������NL��6-�b6`�a6b�*�6a�-�b�a�6`�b�,�*HL6.�,v)�aK6+�)�a��KL͌CB������L��L��6`v,v-�*vbH6av)�`vb6,H6)�)�,v+6*�a6)�,�*�b�`��6+�)�a��KL�L�LCB��M̌L̎M�6`v)�-vb6a6bH6)�)�a6*�b6a�6,�)�6-6b6-6*HL6-�,v)�aK6+�)�a��KLLL�LCB��M�LLM�6`�a�b6*H6av+vavb6+�6+�*v*6*HN6-�,v)�aJ��6.v+�+�6+�)�a��KLLLCB��M�LLL��MK6-6b�,H6`�a�b6*H6av+vavb6+�6`�b�,�*Hv`�.�6+�)�a��KL��L��LCB����NM��L��6-vb6+�*H6-�a6*6)�,v*H6`�)�a6`�Lv-�,v)�aK6+�)�a��KL�L�LCB����NM����6*6a�)�,v)�*�6,v*v-6`�*H6-�a6*�)�,v*H6-�,v)�aK6+�)�a��KL�L�LCB������M�M�K6-�*v,�6-6)�+�6*6a�,Hv`�-�6+�)�a��KL�LCB��L��M�L�̌�6`�b�`�6`v,�*�*v`�6*�b6+�*vbH�v-ʌ�6.v+�+�6+�)�a��KLLL�LCB��L��M�L��M�6`�b�`�6`v,�*�*v`�6*�b6+�*vbH�v-�6+�)�a��KLCB������M�LN6*�`v*v`�6a�bH6a�bHML6-�,v)�aK6+�)�a��KL�LCB��̍L��NLK6av,vb�-6`�6-�+�b�`�NL6-�6+�)�a��KL�L�LCB�LMNMM���6-�b6`�a6b�c�*�6,�b�*�a6`�a6b�*6,v)�-6a�ML6-�,v)�aK6+�)�a��KLL��L�CB����L͌��͋6-�b6`�a6b�*�6a6)�a6)�)�bH6*�b6`vbH�6-�,v)�aK6+�)�a��KL�L�LCB����L͌��6-�b6`�a6b�*�6a6)�a6)�)�bH6*�b6`vbH�6-�,v)�aK6+�)�a��KL�L�LCB�NLL��M��6-�b6`�a6b�c�*�6avb�a6`�b�,�6b6)�b6b�a6`�b�,�*HL6-�,v)�aK6+�)�a��KLL��L�CB����LML�K6-�*v,�6-6)�b�,�*�a�6`�b�,�*HL6.�,v)�aK6+�)�a��KL���CB����M̍6-�b6`�a6b�c�*�6+�)�,v`�6-�b6`�b6a6)�*�*H6*6)�*6b�,K6+�)�a��KL�L�LCB�����L�M�K6-�b6`�a6b�c�*�6a�)�,v-�b�a6bH6*6)�,v*6b�a�L6-�,v)�aK6+�)�a��KLLLMLCB��LLML��6-�b6`�a6b�c�*�6a�*v,�*�*va6*H6)�*va6*6*va�bH6avb�a�bH��6-�,v)�aK6+�)�a��KL�LCB�NLL�����6-�b6`�b6a6)�*�*H6b6)�b6b�a6`�b�,�*HL6-�,v)�aK6+�)�a��KL͌CB�NLL��N6-�b6`�b6a6)�*�*H6av)�a�-�b6b6)�b6b�a6`�b�,�*HL6-�,v)�aK6+�)�a��KL͌CB�NLL�L���6-�b6`�b6a6)�*�*H6a�*v.va�*H6b6)�b6b�a6`�b�,�*HL6-�,v)�aK6+�)�a��KL͌CB�NLL��NMK6-�b6`�b6a6)�*�*H6a6b�avb6b6)�b6b�a6`�b�,�*HL6-�,v)�aK6+�)�a��KL͌CB�NLL�����K6-�b6`�b6a6)�*�*H6*�,v*�*v`�)�a6b6)�b6b�a6`�b�,�*HL6-�,v)�aK6+�)�a��KL͌CB�LLL�LM�6-�*va�-�,vb6`�6-�*v,v*v,�)�*�bH6*6b6*�b�a�6+�)�a��KL�LCB�������L�K6`�*va�)�+�bH6+v)�+6a�-v,v)�6a�b6,vbHL6-�,v)�aK6+�)�a��KL���CB�������LN6`�*va�)�+�bH6+v)�+6a�-v,v)�6a�b6,vbHL6-�,v)�aK6+�)�a��KL���CB����M�MM��NM�6-v)�-H6avb6*�*H6*6a�+�*v`�6,�b6,v*6b6a�L6.�,v)�aK6+�)�a��KL��L��LCB����L�L�L�K6`�a�b6*H6`�)�`vb�bH6a6)�*�bH6`�+�+��L6ava6+�)�a��KLLLMLCB����L�L�LK6`�a�b6*H6)�)�,�b�+�6avb6-�)�6`�+�+��L6ava6+�)�a��KLLLMLCB����L�L���6`�a�b6*H6)�,�*�,vb�,�b6`�+�+��L6ava6+�)�a��KLLLMLCB����M����L��6,�*6+�*H6+vb�b6)�a�bH6)�a6,v+vav*HL6.�,v)�aK6+�)�a��KLLLMLCB����L��M��K6av.v+6b6a�6*�*vav)�*�*H6`�+�+�6(�-va6bHL6-�,v)�aK6+�)�a��KLL�LM�LCB�NNNNNML�L͎6-v)�*6b6a�6,�)�)�a6a6)�b�`H6*6b6bH�6ava6+�)�a��KLL�LM�LCB����M�MM�L6-6b�,H6`�*v`�*vb6+�b6a�b�6ava6+�)�a��KL�L�LCB�����L�͋6+�*v,vav)�a�6+�*v`�6)�b6a�a6bH6b6*va�va6*�,K6+�)�a��KL�L�LCB�����L�MNK6,vb�`�)�6)�)�av)�a�6)�b6a�a6bH6b6*va��L6ava6+�)�a��KL�LCB�����L�L6,vb�`�)�6)�)�av)�a�6)�b6a�a6bH6b6*va��L6ava6+�)�a��KL�LCB�����L��K6+�*v,vav)�a�6*�*v*6)�+�6)�b6a�a6bH6b6*va�va6*�,K6+�)�a��KL�L�LCB�L�LMLL��N6av.v+6b6a�6+�+�)�a�6,�*�)�,v*�a6b�`�,�6,�b6*�b�,H6b6)�b�*�L6-�,v)�aK6+�)�a��KL�L�LCB����L��M�6-v)�*6b6a�6ava�+�)�a6)�a�6*6*vb�*6bH6+�b6.L6-�,v)�aK6+�)�a��KL�LCB��LLM���M�6-v)�*6b6a�6+�b6.
�L6-�,v)�aK6+�)�a��KL��L��LCB�M��K6*6a�)�,v)�*�6,�b�a�*vbH6-6b�,vb�a�bH6av)�a�bH6`�)�a6`�6*6-�b6`�6+�)�a��KL�LCB�M���M��6*6a�)�,v)�*�6`v,�*�*v`�bH6a�)�,v)�b6av)�a�bH6`�b�,�*K6+�)�a��KLM��CB���M�ML�6-�b6a6a�-6`�`�,vbH6av)�a�bH6`�)�a6`�6+�)�a��KLLLMLCB�����ML��6`v)�-vb6a6bH6,�*�bH6,v*vb6)�v`�-�6+�)�a��KLL��L�CB�M�LM��L̍K6-v)�*6b6a�6a6b6`�,�M̶-�,v)�aJ��.v+�+�6+�)�a��KLLLMLCB�M�LM�MLM�K6-v)�*6b6a�6a6b6`�,�M̶-�,v)�aJ��.v+�+�6+�)�a��KLLLMLCB������L�K6`�b�`�6)�)�+�,vb�a�6`�*v`�*vbMv.�,v)�aK6+�)�a��KLCB���L�NLL�K6,�)�*6b6a�6+�b6.6-�b6b�,�6a�a�+�6+�)�a��KL�LCB���L�L��6*�b6`v-�)�bH6)�a6.v*�)�,H6,�a�+6*6b�a�6.v+�+ʌͶ-�,v)�aK6+�)�a��KL���CB���L�L�NL�6*�b6`v-�)�bH6)�a6.v*�)�,H6`�avb6a�6b6a6b�avb6a�L�.v+�+ʌN6-�,v)�aK6+�)�a��KLLLMLCB����LL�LN�6-�b6`�a6b�*�6+6*vb6)�a�,H��v-�,v)�aK6+�)�a��KLNLLNMLCB��LL��6`�*va�)�+�bH6avb�a6bH6`vb6-�a6bH6.v)�b�a6bHL�v-�,v)�aK6+�)�a��KL���CB��L͌�6*�,�`�b�*�6av)�-�a�b�`vb�`�b6.v)�b�a6bHL�v-�,v)�aK6+�)�a��KL�L�LCB��L�6`�*va�)�+�bH6avb�a6bH6`vb6-�a6bH6.v)�b�a6bHL6-�,v)�aK6+�)�a��KL���CB��L�MK6`�*va�)�+�bH6avb�a6bH6`vb6-�a6bH6.v)�b�a6bHL6-�,v)�aK6+�)�a��KL���CB��L���6`�*va�)�+�bH6avb�a6bH6`vb6-�a6bH6.v)�b�a6bHL6-�,v)�aK6+�)�a��KL���CB����LL�L�NK6b6b�`v*v,H6,vb6a6,�a�-�b�,v,����6.�,v)�aK6+�)�a��KLLLCB�NNLMM�6*�*v+vb�a�)�6)�)�avb�c�+�b�bvc�6)�)�-6bvc�6)�)�-6`�bvc�6+�b�c�,vbHL6.�,v)�aK6+�)�a��KL�L�LCB��M�L��L�6a�*v.6b�,H6*6b6,v*v`�6)�a6,v+vav*K6+�)�a��KLLLMLCB��NMLM����L�6av.v+6b6a�6+�+�)�a�6`�b6a6+6b�*�6av)�`�,�6b6)�b�*��vava6+�)�a��KL�L�LCB�NM�̌�LK6,vb�`�)�6)�)�av)�a�6,�)�bNL6ava6+�)�a��KL�L�LCB�NM�̌��6,vb�`�)�6)�)�av)�a�6,�)�bNL6ava6+�)�a��KLLLCB�NM�̌��K6,vb�`�)�6)�)�av)�a�6,�)�bNL6ava6+�)�a��KLLLCB��M���N�6av.v*v*�*v,H6+6*vb6,vb�-�b�aH6*6*v+�)�+�6ava6+�)�a��KL�L�LCB��L�LLLNLLM�6*6)�+�bH6)�)�`v`�6a�)�bH6`vb6+�6*�)�`��)�b�a�+L6.v+�+�6+�)�a��KL�L�LCB��L�LLLNLLL6*6*va6*vaH6*6,va�+6a�)�bH6`vb6+�6*�)�`�L�)�b�a�+L6.v+�+�6+�)�a��KLLLMLCB��L�LLLNLLM6,�a�b�`�6*6,va�+6a�)�bH6`vb6+�6*�)�`�L6)�b�a�+L6.v+�+�6+�)�a��KL�LCB�M��L�NL�K6,v,6+�*vbH6)�)�-6a�)�b6+�b�,�L6-�,v)�aK6+�)�a��KLLL�LCB������M�M��6-6*v,v*6*v*�6*6b6*��6ava6+�)�a��KLCB������M�M�LK6-6*v,v*6*v*�6*6b6*��6ava6+�)�a��KLCB�NNN��MMML�6*�*va�b�,H6.6)�a6a�,�b�)�6,�b�c�-�b6-6*HL6-�,v)�aK6+�)�a��KL�LCB���L��NLK6av,vb�-6`�6)�,v*6a6b�+NL6+�)�a��KL���CB����LL�L�M�6b6b�`v*v,H6,vb6a6,�a�b�-�b�,v,�L�-�,v)�aK6+�)�a��KLCB���LL��LM��6-�b�*�,�6+�)�a6b�)�6`va6`va6+v)�,K6+�)�a��KLCB�L��M�L��MK6*�)�b�*�6*�b�,v,�b�a6)�a6av)�a�bHv`�-�6+�)�a��KLM͌NCB��LMLMNLN6av,vb�-6`�6*6,vb�+�b�`�,�L�6+�)�a��KL�LCB��M��M��6-6)�a�,�bH6a�b�a6`�6-�*vb6,v*H6`�b�a�+�b6bK6+�)�a��KL���CB��LNMK6*�)�`�b�*�6av)�a6b�*6,vb6,�b�a6.6*v,H6*6a6b6*�,v`�bK6+�)�a��KLL͌MCB�����LL�6)�)�`H6a6b�avb6-6)�+�-�a6-6b6-6*HL6ava6+�)�a��KLLL�LCB���L��ML�K6+6b�a6bH6av)�,v-6avb�a6bL�-�,v)�aK6+�)�a��KLCB�LM���LL��K6avb�,6avb�,6b6`�6a�*vav*6*v,v-�,H�6.�,v)�aK6+�)�a��KLCB�̌L�M���6-6*v`�,vb6`�6,�*�,v)�6b6)�,va�b�+�,��6ava6+�)�a��KLCB��M̍M�M�K6avb�,6avb�,6b6`�6ava6*vb6a�N6-�,v)�aK6+�)�a��KLCB��M�M���K6+6b�a6bH6*�b6*�6+�)�a��KLCB����LMML�LL��6-6)�b6,H6+6,�aH6a6b6`�,�L6ava6+�)�a��KL�L�LCB����LMML�LL�6-6)�b6,H6+6,�aH6a6b6`�,�L6ava6+�)�a��KL�L�LCB����LMML�LNNK6a6b6-6a�6+6,�aH6a6b6`�,�L6ava6+�)�a��KL�L�LCB���L��N���6a6b6-6a�6+6,�aH6a6b6`�,�L6ava6+�)�a��KL�L�LCB��M�͎���6`�,vb�c�aH6*�*v*6+�6avb�c�,v,�b�a�L6ava6+�)�a��KL�LCB���LM���M��6av,vb�-6`�6,�a6*�)�a�*H�L6`�-�6+�)�a��KL͌CB��NMLLM�6*�*va�b�,H6`�-6`�b6)�a�6avb�a6`�)�-�6-�,v)�aK6+�)�a��KL�L̍LCB��M�M�NM6,vb�`�)�bH�T6)�)�av)�a�L6ava6+�)�a��KLM��CB��M�̍�M�MK6)�)�b6bH6+6)�aH�T6*6*v+�)�+��L6ava6+�)�a��KLLL�LCB��M�̍�M�L�K6)�)�b6bH6+6)�aH�T6*6*v+�)�+��L6ava6+�)�a��KLLL�LCB��M�̍�M�LN6)�)�b6bH6+6)�aH�T6*6*v+�)�+��L6ava6+�)�a��KLLL�LCB��LNL��6+v*v*�T6.�*v,�)�a6*vbH6)�)�av)�a�6-�,v)�aK6+�)�a��KL�L�LCB����͍K6`�a6b�c�a�,�6*�*v,H6*�)�*�a6b�b6a�Mv.v+�+�6+�)�a��KLCB��L�M�L��L�6`�a6b�c�a�,�6*�*v,H6*�)�*�a6b�b6a�Mv.v+�+�6+�)�a��KLCB����NN6`�a6b�c�a�,�6*�*v,H6*�)�*�a6b�b6a�Mv.v+�+�6+�)�a��KLCB�L�LLM��K6-6*v,v*6*v*�6avb6-�b6avb6-�b̌6ava6+�)�a��KL�LCB��LML�K6a�*v,�*�*va6*H6*�b�av*�b6-�b6b�c�,�6b6a�,6b�,Hv-�,v)�aK6+�)�a��KL�LCB��LM���L�6,�*6+�*H6,v)�avb�6`v)�,vaH�6.�6+�)�a��KLLLMLCB�LLMNM͍�6-6)�av*�b6bH6+6a6`�6*�b�,v,�b�a���6a6*�,K6+�)�a��KL͌CB���MLL�L�M�6+v*v*6.�*v,�)�a6*vbH6)�)�av)�a�6`vb�a�b�-6.v+�+ʍM�-�,v)�aK6+�)�a��KLLLCB��LM�L̍�6+�b6bvc�6`vb�a�b�-6.�*v,�)�a6*vbH6)�)�av)�a��`�-�6+�)�a��KLLLMLCB�L�LL�MMM�6)�b�a�b�,v,6bH6avb6a�,�*�*v,H6,�b6,HL6ava6+�)�a��KLM��CB��L��M�6)�)�b6bH6-6b�a6.�*vaH6-6b6-6*H�L6ava6+�)�a��KLLLMLCB��M�L�LLL�6-6*v,v*6*v*�6)�b�-�b�aH6`�b6+�bH��6ava6+�)�a��KL�LCB��M�L�LL�NK6-6*v,v*6*v*�6)�b�-�b�aH6`�b6+�bH��6ava6+�)�a��KL�LCB��LL�L�L�6-6.v,vb�*H6,�b6b�)�a�6+�b�)�avb6a�+�ML6-�,v)�aK6+�)�a��KL�L�LCB��N�L�L��͌K6avb6*�*H6-�b6a6`H6*6,v)�.6bL6ava6+�)�a��KLLLMLCB��N�L�L���K6avb6*�*H6-�b6a6`H6*6,v)�.6bL6ava6+�)�a��KLLLMLCB��N�L�L����6avb6*�*H6-�b6a6`H6*6,v)�.6bL6ava6+�)�a��KLLLMLCB���L�MM�K6avb6*�*H6av*v-�a�b6aH6-�b6a6`K6+�)�a��KLM��CB���L�MM�L�6avb6*�*H6av*v-�a�b6aH6-�b6a6`K6+�)�a��KLM��CB�����LM�K6av.v*v*�*v,J�-6)�av*�b6bH6+6a6`�6`�a6)�b�a��L6ava6+�)�a��KLLLMLCB���MM�L�M�6a�*v,�*�*va6*H6`�b�*�6`�)�*���v.�,v)�aJ�Ͷ.v+�+�6+�)�a��KLM��M�CB���MM�L�MLK6a�*v,�*�*va6*H6`�b�*�6`�)�*���v.�,v)�aK6+�)�a��KLLLCB�NM�̌̌LK6,vb�`�)�bH6)�)�av)�a�6,�)�bNL6ava6+�)�a��KLLLCB��NMN�͌K6*6a�)�,v)�*�6-�b6-6*�6avb�c�,v,�b�a�6`�)�a6`��L6-�,v)�aK6+�)�a��KL�L�LCB��LLL�L��6-6*v,v*6*v*�6+6b6avb�`�,�6`�b6+�bH��vava6+�)�a��KLLL�LCB�͍��L��6-6*v,v*6*v*�6+6b6avb�`�,�6`�b6+�bH��vava6+�)�a��KLLL�LCB�͍����6-6*v,v*6*v*�6+6b6avb�`�,�6`�b6+�bH��vava6+�)�a��KLLL�LCB�͍��M�K6-6*v,v*6*v*�6+6b6avb�`�,�6*�)�`�*v*�M�6ava6+�)�a��KL�L�LCB�͍���LK6-6*v,v*6*v*�6+6b6avb�`�,�6*�)�`�*v*�M�6ava6+�)�a��KL�L�LCB�͍��͌6-6*v,v*6*v*�6+6b6avb�`�,�6*�)�`�*v*�M�6ava6+�)�a��KL�L�LCB�͍��NL�6-6*v,v*6*v*�6+6b6avb�`�,�6*�)�`�*v*�M�6ava6+�)�a��KL�L�LCB��ML6*�)�`�*v*�6av)�a6b�*6,vb6*�*v-�6-�,v*vbH�؋6+�)�a��KL͌CB��LL�L�M�6,�avb�+�6*6b�,�b�aH6)�b6a6`�*v,HL6-�,v)�aK6+�)�a��KLLLMLCB��M���L��6`�,vb�c�aH6`v,�*�*v`�6*6b6a6-�bH6-6b6-6*H�6-�,v)�aK6+�)�a��KLLM�L�CB��LLL�K6,�*vb�*�b6a�6,�*v,H6-6*v+�`�,vbH6,�b�*6b�c�aL6-�,v)�aK6+�)�a��KL�L�LCB��LL�K6,�*vb�*�b6a�6,�*v,H6,�b�*6b�c�aL6-�,v)�aK6+�)�a��KLLLCB��LLM�K6,�*vb�*�b6a�6,v*v-6+6,vav,�bH6,�b�*6b�c�a�L6-�,v)�aK6+�)�a��KLLLCB��NNMMLM�L�K6av)�b�b6a�b�,�6a�*vb6,v*v,�6+�*v*6*H�L6-�,v)�aK6+�)�a��KL�LCB��NNMMLM�L�6`�*v-�*v*6a�*vb6,v*v,�6+�*v*6*H��6-�,v)�aK6+�)�a��KL�L�LCB��NNMMLM�LLK6`�*v-�*v*6a�*vb6,v*v,�6+�*v*6*H��6-�,v)�aK6+�)�a��KL�LCB��M�L�LN6`�a6b�c�a�,�6*�*v,H6)�b6a�a6*vaHL�6.v+�+�6+�)�a��KLLLMLCB��M��L�6,�*vb�*�b6a�6,v*v-6+6,vav,�bH6,�b�c�,HL6-�,v)�aK6+�)�a��KLM��CB����NL͌���6`vb�a�-�*v,H6-�b6a6+�6`�b�,�*H��H6`�b�a6b6+�)�a��KLLLMLCB����������K6+�b6bH6`�)�`�*�b6,�L�6-�,v)�aK6+�)�a��KL�LCB��M��L����6-�b6a6)�`H6)�a6)�+v,�)�,�L6ava6+�)�a��KL͌CB��M��L�M�LK6-�b6a6)�`H6`v)�*�av*HL6ava6+�)�a��KL͌CB��M��L�MM�K6-�b6a6)�`H6a6b�a6*H6)�a6,�a�,v*HL6ava6+�)�a��KL͌CB��M��L�M�K6-�b6a6)�`H6,6a�)�a�6-6)�a6b�,�L6ava6+�)�a��KL͌CB��M͍���NL�6-�b6a6)�`H6a�b6*�6+�b6a6)�,HL6ava6+�)�a��KL͌CB��L�͎LL��M�6-�b6a6)�`H6,vb6av)�a�*�b�`�6a�)�b�*�L6ava6+�)�a��KL͌CB��M͍���L��6-�b6a6)�`H6av)�a6b�,�)�6)�b6avbL6ava6+�)�a��KL͌CB��M��L�M�N6-�b6a6)�`H6av`�b�)�+L6ava6+�)�a��KL͌CB��M͍���L�6-�b6a6)�`H�L�avb�c�a�L6ava6+�)�a��KL͌CB��M��L�M��K6-�b6a6)�`H6a6b�a6*H6)�a6,�a�,v*HL6ava6+�)�a��KL͌CB��M͍���L�K6-�b6a6)�`H6*6a6b6`vb6,H6avb�c�a�L6ava6+�)�a��KL͌CB��M͍���L��6-�b6a6)�`H6*�b�c�,v`vb6aHL6ava6+�)�a��KL͌CB��M͍���N�K6-�b6a6)�`H6-�b�c�aH6`vb6,H6*�)�,vb�,�L6ava6+�)�a��KL͌CB��M��L�M��6-�b6a6)�`H6.�a6)�a�)�6,�)�b�+�L6ava6+�)�a��KL͌CB�����LML�6avb6*�*vbH6*�b6*�6+�)�a��KLCB����M͎���K6avb6*�*vbH6avb�a�a�6)�b6,vb�b6+�)�a��KLCB����M͎�LM�6avb6*�*vbH6b6b�`v*v,H6avb�a�a�6+�)�a��KLCB����M͎MK6avb6*�*vbH6avb�a�a�6`v,vb6*�)�,v*K6+�)�a��KLCB����M�MNM�M6`�-6*�*H6`�)�a6*HL6.�,v)�aK6+�)�a��KL�L�LCB����M�MN��6`�-6*�*H6`�)�a6*HL6.�,v)�aK6+�)�a��KLLLCB����M�ML���K6*�*va�b�,H6`�)�a6*HL6.�,v)�aK6+�)�a��KL�L�LCB��L���̍�6*�*va�b�,H6`�a�)�`v*H6b�a6b�-N6-�,v)�aK6+�)�a��KL��L��LCB��L���L�6*�*va�b�,H6,�*�bH6b�a6b�-�6-�,v)�aK6+�)�a��KL�L�LCB��L���LLK6*�*va�b�,H6-�b�)�6b�a6b�-�6-�,v)�aK6+�)�a��KL�L�LCB��L�����6`�b�av)�.�6,vb6a6b�a6b�-L6-�,v)�aK6+�)�a��KL��L��LCB��L��͎M�6*�*va�b�,H6avb6,�,vb�a6)�6`�)�a6*6b�a6b�-v`�-�,v)�aK6+�)�a��KLL�LLCB��MMLL�LL��LK6-�a6b6*�*vbH�6b6)�*��6+�)�a��KL���CB�NLLM���M�L6-�a6b6*�*vbHL6b6)�*��6+�)�a��KL�L�LCB���L�LL���6*6*v`�*v,v*vbH6,�,v)�`H6*6-�b6`�6+�)�a��KLCB��M���͎��6-�*v,v+�6*�*v*6)�+�6+�*vav)�a�-�*K6+�)�a��KLLLMLCB����M���6.6)�,�*va6b�a�6,�b6a6)�a6`�)�a6`�6+�)�a��KL�L�LCB��NMMMNL�6*�*vav*�*vbH6+�*v-6*6b6a6,�*vb�)�,v*H6b6,va6+�6+�)�a��KLM��CB��ML��LL�6*�*v,vb6`�bH6+�)�*�b6-6b�a�bH6.�)�,�6+�)�a��KLLL�LCB��NM�L6+�b6a6`�bH6)�)�bSKNM��6+�)�a��KLL�LL�LCB��L�L���L��6+�)�`J�+�)�,v`�bH6+�+�)�a�6`�)�a6`�6-�b�a�bK6+�)�a��KL�L�LCB��MM���M͍K6`v,v-�*vbH6+�+�)�a�6ava�+�)�a6)�a�6-�b6`va�6+�)�a��KL�LCB��MM���M̍�6`v,v-�*vbH6+�+�)�a�6ava�+�)�a6)�a�6-�b6`va�6+�)�a��KL�LCB��M�NM�N6`�)�,�`�bH6+6-�)�,v*H6+�b�)�avb6a�+�6-6b6-6*K6+�)�a��KL���CB��L�M�NL�NM6+�*v.6*vavb6,�6av)�`�,��+�*v.M�.v+�+�6+�)�a��KL���CB��L�M�NL�L�K6+�*v.6*vavb6,�6av)�`�,��+�*v.�6.v+�+�6+�)�a��KLLLCB��M����LK6a6*v*�`�6,�*v,H6)�b�a�-�6`�b�,�b6a�-�6+�)�a��KLLLMLCB��M̎M�M��͍�6*�,vav,�bH6-6*v,v*6*v*�6-6b6-6*Hˍ�a6*�,K6+�)�a��KLM�MLCB����L�LM�6`�b6*�bH6-�)�6,vb�b6*6*v+�*v,�`�6-6b6-6*H�.v+�+�6+�)�a��KL͌CB��M���L���L�6av.v+6b6a�6+�+�)�a�6avb�c�+�*v`�L6-�,v)�aK6+�)�a��KLM��CB�͌M���6av.v*v*�*v,H6)�*v+�b�+�)�,�ML6ava6+�)�a��KLLLCB�NL͌�LL�̌�6,�+�bH6,v)6,6a�b�*�,vb6*�)�b�a6*va�+�bHM�6-�,v)�aK6+�)�a��KL�L�LCB����͍͍���6*6,�`�b6b�*�6avb6,�)�b�b�`�6a�b�,�6b6*va��6.v+�+�6+�)�a��KL�LCB����͍͍�L6*6,�`�b6b�*�6avb6,�)�b�b�`�6a�b�,�6b6*va��6-�6+�)�a��KLCB��M�̌��N�6av*v`�b�a�*vbH6,v+�b�a�6`v-�,H�L�N6+�)�a��KLM�MLCB��MMMML����K6av*v`�b�a�*vbH6,v+�b�a�6`�b�avbH�KR��K6+�)�a��KLL��L�CB��MMMML�M�L�6av*v`�b�a�*vbH6,v+�b�a�6`�b�avbH�KLM�K6+�)�a��KLL͌MCB��M�M�M�K6-�b6,v*vbH6av)�,v`�*K6+�)�a��KL�LCB��NNLMLNL��6-�b6,v*vbH6av)�,v`�*K6+�)�a��KL�LCB����6`�b6*�bH6-�)�6*6*v+�*v,�`�6+�)�a��KL�LCB��N��NL�LK6+�*v,�-�)�bH6`�)�b6*H6)�b�,v`v)���a6*�,HQLM��6+�)�a��KLM�LCB����ML�͍L�6*6*v,v+�)�+�6)�)�b6)�)�+6)�`�,�6-6b6-6*H�.v+�+�6+�)�a��KL�L�LCB��N�L�N���M6`va6)�`�,�bH6)�)�b6,�*�b6,v*�L6ava6+�)�a��KL�L�LCB��M͍�NNNN6av*v`�b�a�*vbH6,�*va6)�*�*H6b6-�b6-6*�6`vb6b6+�va6*�,K6+�)�a��KLM��M�CB��L�L�L�NLK6+6b�)�,��av.v*v*�*v,H6+6*vb6)�)�b�,H6b6`��6ava6+�)�a��KL͌CB������NLK6av,v*v*6)�bH6)�a6,v+vav*H6-6b6-6*H�6-�,v)�aK6+�)�a��KLLLMLCB��M̎�M��6,�*va6*H6,�*vb6,�*vb6avb�b6*H6b6.v*v,v*v*6)�a�*H6ava�)�a6)�a�6+�)�a��KLLLCB��̍�L��L��6*�)�+�aH6av`�b�)�+6`�+6)�a�6`v,vb6,�a�6+�)�a��KLM��CB��M�MML���MK6*�)�+�aH6+�*v,va�*v`vb�,�b6+6*v`�b6+6ava�)�a6)�a�6+�)�a��KL͌CB��L�NLNL�M�6*6b6`�bH6av*vavb6`�6a6)�,�*�b�`�6+�)�a��KLLLMLCB�����N�L���6b�)�,vbH6*�)�*6a6b6,v*va�`�6`�,va�MH6.v+�+�6+�)�a��KLM��CB�����NM���6b�)�,vbH6+6*v`�b6+6*6)�a6)�a�,�6+�)�a��KL���CB��L�NN�NMM��6,�b6`�)�a�6*6)�*�,vbH6*6)�`�*v*�6+�)�a��KLLLMLCB��L���MLM�6+v*va6)�`�*vbH6+6a6`�6ava�+�)�a6)�a��6.v+�+�6+�)�a��KLM��CB��ML�MML��L�MK6+v*va6)�`�*vbH6+6a6`�6*�.�a6b�`HL6.v+�+�6+�)�a��KL���CB��M�M�L�L�6`�)�.�*v,�6*6a�6`�b�`�vav*�,K6+�)�a��KLLL�LCB��M��MMM��L�6a�)�`H6+6)�*6*v,�*�6,�*�b�a6`�*vb6,v*K6+�)�a��KLM��CB�N��NMLM�6a�*v,�b6,�6+�*vb6,vbH6*�*v*6)�+�6+�)�a��KL�LCB����͌L�K6*6*�a6,�)�,��6ava6+�)�a��KLLL�LCB��M��ML͌�6`v,v+6*vbH6*�b6)�a6b�*�6ava6*vb6a�6a6b�av*�)�,K6+�)�a��KLLL�LCB��MNMMMLM�K6-6*H6*6,v+6*�)�+�aH6.v+�+�6+�)�a��KLLLMLCB��M�L�����6`v,v+6*vbH6+�+�)�a�6*�)�+�aHL6.v+�+�6+�)�a��KLLLMLCB����͌M��L�6+6*v`�b6+�*v,�`�R�6+�)�a��KL�LCB�����M�M͎�K6+6*v`�b6,�*6bH6*�)�+�aHL�6.v+�+�6+�)�a��KLM��CB��M���L����LK6`v)�`�6+6a6`�6ava6*vb6a�6+�)�a��KL�LCB��N�M��M��6`v,v-�*vbH6av)�`vb6,H6a6b�.6)��L��6+�)�a��KL�LCB���LL���K6`v,v+6*vbH6*�b6,�6,v*v`�6+�)�a��KL�LCB�����̍��6+6`�)�,v*H6+�b6*6,v)�6,�*�b6,HL6.v+�+�6+�)�a��KL�L�LCB�����̍�LK6+6`�)�,v*H6+�b6*6,v)�6,�*�b6,K6+�)�a��KL�LCB�͌��L���L�6*6*v,va6*vav)�a�6,�*�b6,H6)�,�a6*�*v`�*K6+�)�a��KL��L��LCB�LM�M�6+6`�)�,v*H6*�b�,v)�6+6a�)�,�6+�)�a��KL͌CB�͌��L�M�6av)�,v*6b6,vb6+�b6*6a6avb�`�,�6*�*v`�*K6+�)�a��KL�L�LCB�͌��L�M�M�6av)�,v*6b6,vb6+�b6*6a6avb�`�,�6+�)�a��KLLLCB�͌��L�L�L6av)�a6b�*6,vb6,�b�a6.6*v,v*6a6b6,�*�b6,H6*�*v`�*K6+�)�a��KL�M��CB��M�NNNLMN�6a6*v*6`�6*6*v,vb6`�6-6b�a�6+�)�a��KL�LCB������M���6-v)�*6b6a�6,�)�)�b�a6+v)�avbHL6-�6+�)�a��KL�LCB������M��K6-v)�*6b6a�6,�)�)�b�a6+v)�avbHL6-�6+�)�a��KL�LCB�L��M̌�6)�*va�+�b6avbH6*6b6a6+�)�`�6`�b6,vbHH6.v+�+�6+�)�a��KL�LCB�L��MM�6)�*va�+�b6avbH6*6b6a6+�)�`�6`�b6,vbHH6.v+�+�6+�)�a��KL�LCB�L��M����6)�*va�+�b6avbH6*6b6a6+�)�`�6`�b6,vbHH6.v+�+�6+�)�a��KLLLMLCB�L��M�̌�6)�*va�+�b6avbH6*6b6a6+�)�`�6`�b6,vbHH6.v+�+�6+�)�a��KLLLMLCB�L��MM�6)�*va�+�b6avbH6*6b6a6+�)�`�6`�b6,vbHH6.v+�+�6+�)�a��KLLLMLCB�L��MNM�6)�*va�+�b6avbH6*6b6a6+�)�`�6`�b6,vbHH6.v+�+�6+�)�a��KL�LCB�L��M��L�6)�*va�+�b6avbH6*6b6a6+�)�`�6`�b6,vbHH6.v+�+�6+�)�a��KL�LCB�L��M�͍�6)�*va�+�b6avbH6*6b6a6+�)�`�6`�b6,vbHH6.v+�+�6+�)�a��KLLLMLCB�L��LML��6)�*va�+�b6avbH6,�)�avb�)�a�-�6`�b6,vbHM6-�6+�)�a��KLM��CB��LL�L���6-6b�-6*6b6,v`�6)�b6a6`�*v,HL6-�6+�)�a��KLM��CB��L�L����K6`�a�)�`v*H6+v)�,�,vbH6,�b6*�*v,H6`v,vb�-�6-�6+�)�a��KL�L�LCB��L�LL6*�*va�b�,H6b�b6,v,�)�a�6`�)�ava6+6*vb6,vbH�L6-�6+�)�a��KL͌CB���̌L�L6a�)�a�6-6)�b6,vav)�6)�)�,vb�,�L6.v+�+�6+�)�a��KLLLMLCB���L�L��6avb6*�*H6.6b6a6`�)�a�b6)�*va6-�b�+�)���6-�6+�)�a��KLLLMLCB��L���L�͍�̋6`�*v-�`�6b6-�*va�-�)�a6ava�+�)�a6)�a�6+�)�a��KL�LCB�������̋6+�b6a6`�6)�)�`H6`�*vb6,v*H6ava6*vb6a�6+�)�a��KLLL�LCB�L�LML�����6-6b�,H6)�*6*�)�avb�a6-�6,v`�aH�6+�)�a��KL�M���CB�͌LNM�͌N6-6b�,H6*6,vb�av)�a6)�`�6-�P�6+�)�a��KLL��LL��LCB����L�M̎N6,�)�a�*�bH6,�a6b�*�bH6av)�`�,�bH6.v+�+�6+�)�a��KLLLMLCB������L�6b6b�`v*v,H6av,�*�*v,H6*6)�b�*�6-6b�a��6.v+�+�6+�)�a��KLLLMLCB�����͌�6a�*v,�*�*va6*H6av,�*�*v,H6*6)�b�*�6+�b6*6*vbH̈6-�6+�)�a��KLLLMLCB������MK6a�*v,�*�*va6*H6av,�*�*v,H6*6)�b�*�6+�b6*6*vbH̈6-�6+�)�a��KLLLCB�����LM��L��6*�`v*v`�6a�bH6a�bH6*�a6)�b�bHM�6-�6+�)�a��KLLLCB�L�̌LM���6)�*va�+�b6avbH6*6b6a6+�)�`�6`�)�a6`�6`�b6,vbH6-�6+�)�a��KL�L�LCB����M�MLM�K6av.v`�*v,vb6a�bH6av)�a�)�6-�,v)�a�+�bHL6-�6+�)�a��KL�LCB���MM��6av*v`�a6b6`�6,�b�b6,�*v,H6-6b6-6*H̶,�aK6+�)�a��KL���LCB���M�LMK6av*v`�a6b6`�6,�b�b6,�*v,H6-6b6-6*H�6,�aK6+�)�a��KL�����CB���MMLK6`�)�,�)�a�6,�b�b6,v*v-6,v`�aH6*�)���6+�)�a��KLM�MLCB���M�M��6`�)�,�)�a�6,�b�b6a�b6.6)�6,�*v,H6-6b6-6*H6,v`�aH��6+�)�a��KLL��L�CB�M�MNM�NL̋6,�*vb�*�6`�)�-6b6*�*va�*v`�*H6a6*�,K6+�)�a��KLM͌NCB��M̌MM6-6.v,vb�*H6a�b6,H6)�)�a6*�b6a�,�)�6`�-�6+�)�a��KLLLCB��LL���L�6*�,�`�b�*�6*�*v*�bH6*6b6,H6)�b�*�bH��6-�6+�)�a��KLM��CB��M��L��6*�)�`�`�*v,v*vb6*vbH6-�-6*�bH6,�b�aH6*6)�`�L6+�)�a��KL�L�LCB���L�L�6-6)�av*�b6,vb6,�6a6)�b�`H6ava�+�)�a6)�a�L6ava6+�)�a��KLLLMLCB�L��M�K6-6)�av*�b6b6-6)�b6,H6`�b6+�b6avb�6ava6+�)�a��KL���CB�L���M�K6-6)�av*�b6b6-6)�b6,H6`�b6+�b6avb�6ava6+�)�a��KL���CB�L��LL̋6-6)�av*�b6b6-6)�b6,H6`�b6+�b6avb�6ava6+�)�a��KL���CB�L���6-6)�av*�b6b6-6)�b6,H6`�b6+�b6avb6ava6+�)�a��KLLLCB�L��M�MK6-6)�av*�b6b6-6)�b6,H6`�b6+�b6avb6ava6+�)�a��KLLLCB�L��MM6-6)�av*�b6b6-6)�b6,H6`�b6+�b6avb6ava6+�)�a��KLLLCB�L��ML�6-6)�av*�b6b6-6)�b6,H6`�b6+�b6avb6ava6+�)�a��KLLLCB�L�ML�6a�*v,�*�*va6*H6`�b�a�+�*v,H6*6b6b�a�bMH6.v+�+�6+�)�a��KLL�LL�LCB�L���K6`�,vb�aH6a�b6*�b�a6)�6`�*v`�*vbL6-�6+�)�a��KLM�LCB��L�LLL�M�6`�b�`�6+6b�`�b�6a6b6*6+�,H�6.v+�+�6+�)�a��KL�LCB��L�LLL͋6`�b�`�6+6b�`�b�6a6b6*6+�,K6+�)�a��KLCB��LLLL�LK6*�,�`�b�*�6,�*�)�,v,�6)�*va6*6*va�bH�6-�6+�)�a��KL�LCB��LL����6a�*v,�*�*va6*H6)�b�*�bH6`�b6av*6b�H6-�6+�)�a��KLLLCB��LL�������K6a�*v,�*�*va6*H6)�b�*�bH6`�b6av*6b�H6-�6+�)�a��KLLLMLCB��L�͍̍��6a�*v,�*�*va6*H6+�)�av)�`�6-6b�,vbHL�.v+�+ʌ�6-�6+�)�a��KLN�NLCB��L�͍̍���6a�*v,�*�*va6*H6+�)�av)�`�6-6b�,vbH�6-�6+�)�a��KLL�LM�LCB��LL�L���6`�,vb�aH6,v+�b�a�6)�)�,v`�b�6ava6+�)�a��KLLL�LCB��LL�L��6`�,vb�aH6,v+�b�a�6)�)�,v`�b�6ava6+�)�a��KLLL�LCB��LL�MM�M6`�b6a6b6a�b�)�6+�b6,vb
�6*6+�)�+�ML6ava6+�)�a��KL�L�LCB��M̌NL��6*�)�b�*�6)�)�a6*�b6a�6,�)�6.�*v,�)�a6*vbH6)�b6*�b6av)�*�b�`��`�-�6+�)�a��KL�L�LCB����LLLNNNNK6,�`v,v*H6,�*v`v*v,vbH6,�*v,H6avb�,�*H6`vb6+�6*6)�`�L
�L6,�aK6+�)�a��KLLL�LCB��LLLL�LM�K6,�*v,v`�6*6*v,v+�)�+�6-6`v)�`HL6.v+�+�6+�)�a��KLLLMLCB�NL�LLL�6a�b�,�`�)�`H6avb6`�)�*�6,�b6,H6`v*va6+�)�a��KLCB��M�MM�L��6+�)�,v`�6-�b6+6`�6*6*vb�*6bH6+�,vb�aH�6.v+�+�6+�)�a��KLLLMLCB��NL͌L�L�K6b6*v,v*v`�6a6*v,�-�*H6ava6*vb6a�6,v*va�-�6+�)�a��KL�LCB�L�MMNMLNK6-6)�av*�b6bH6+6a6`�6+�)�a�aH�L6a6*�,K6+�)�a��KLM��CB��L�L��N6,v*v,6b6b6`�b�,�*H�`�-�6+�)�a��KLL��L�CB������L�6,vb�`�)�6)�)�av)�a�6+�)�a�aH�L6-�,v)�aK6+�)�a��KL�LCB�������K6,vb�`�)�6)�)�av)�a�6+�)�a�aH�L6-�,v)�aK6+�)�a��KL�LCB������͋6,vb�`�)�6)�)�av)�a�6+�)�a�aH�L6-�,v)�aK6+�)�a��KL�LCB�ML��M���LK6,vb�`�)�bH6)�)�av)�a�6+�)�a�aH6*6*v+�)�+�K�v`�-�6+�)�a��KL�L�LCB��L�L̌�K6av.v*v*�*v,H6+6*vb6)�b�.6a6ava6+�)�a��KL�LCB��M�L̌���6a�)�a�6-6)�b6,vav*H6,v+vav*K6+�)�a��KLM��CB����MM�N�NK6-6)�av*�b6bH6+6a6`�6*6)�`H�L6-�,v)�aK6+�)�a��KLM��CB���͍M̍���6.va6`�6+�a�*�)�a6*6a6)�`��v.�,v)�aK6+�)�a��KL�LCB���M�M�̋6*�)�`�*v*�6-�)�*�av)�a�6`�b6`vbK6+�)�a��KLLLMLCB�LM���6`va6)�-6av.v*v*�*v,H6*6)�`H6ava6+�)�a��KLM��CB��L�M���̎LK6`va6)�-6*6)�`H6ava6+�)�a��KLM��CB��ĽL�NL�K6av*vavb6`�bH6-6b�,H6*6*vb�*6bH6avb�a6)�6-6b6-6*H�6ava6+�)�a��KL���CB��M͍LN��L�6av*vavb6`�6avb�c�,6*6*vb�*6bH6avb�a6)��NL�L�6+�)�a��KLNL��LCB��M�L��M�ML�6,�*v,v*H6av*vavb6`�bH6-6b�,H6*6*vb�*6bH6`v,vbHM�6+�)�a��KLM��CB��L��LL�NK6,v,�`�6av*vavb6`�6*6*vb�*6bH6avb�a6)�K6+�)�a��KL�L̍LCB��M͍LN̌M��6,v,�`�6av*vavb6`�6*6*vb�*6bH6avb�a6)��6+�)�a��KL͌CB��ĽL�NLNMK6av*vavb6`�bH6-6b�,H6*6*vb�*6bH6avb�a6)�6-6b6-6*HML6ava�L�6+�)�a��KL�L�LCB��ĽL�NL��6av*vavb6`�bH6-6b�,H6*6*vb�*6bH6avb�a6)�6-6b6-6*HN6avaM6+�)�a��KLLLCB��M���LM����6av*vavb6`�bH6-6b�,H6avb�a�b�*�,vbH͌6avaM�K6+�)�a��KLLLCB��ĽL�NL��6a6)�,�*�b�`�6av*v*�)�*�bH6+�+�)�a�6*6*vb�*6bH6avb�a6)�6+�)�a��KLL�LM�LCB���͍M̍�N6.va6`�6`�b6a6`v,vb�-6a�.va�)�.H6`�)�a6`�L6.�,v)�aK6+�)�a��KL�L�LCB���͍M̍�̋6.va6`�6`�b6a6`v,vb�-6`v,v)�b6a6*H6`�)�a6`�L6.�,v)�aK6+�)�a��KL�L�LCB��ĽL�NLN6av*vavb6`�bH6-6b�,H6*6*vb�*6bH6avb�a6)��6ava�6+�)�a��KLM��CB��M�����L�6-�*v,�*�*vbH6*6,vb�a��6.v+�+�6+�)�a��KL�L�LCB��M����͎K6-�*v,�*�*vbH6*6,vb�a�L6.v+�+�6+�)�a��KLCB��L�̌L�M6,�*6+�*H6)�a6,v+vav*H�6-�,v)�aK6+�)�a��KLLLCB�����̍6-6b�,H6`�)�`�)�b6,v)�av`�L6,�bH6,�bK6+�)�a��KLL�LM�LCB�����̍LK6-6b�,H6avb6,�6,v)�av`�L6,�bH6,�bK6+�)�a��KLL�LM�LCB����M�M�MK6`vb�a�-�*v,H6*�avb�a�)�6`�a6)�,�b�`�6`�b�,�*H�L6`�-�6+�)�a��KL�L�LCB���������L�K6-6b�,H6*�,H6-�,v*6,v)�av`�M�ava6+�)�a��KLM��CB����M�LMM6*6*v,v+�)�+�6)�)�b6*�,vb6av,�b�,�6a�*v+�-6*H6-6b6-6*H�.v+�+�6+�)�a��KLM�LM�LCB����M���6*6*v,v+�)�+�6)�)�b6*�,vb6av,�b�,�6a6b�`H6,�*v,H6-6b6-6*H�.v+�+�6+�)�a��KLM�MLCB����M�M��6*6a�`��)�,�*�b�`�)�a�6-�)�6*�,vb6av,�b�,�L�.v+�+�6+�)�a��KL�M���CB����M�L��K6*6a�`��)�,�*�b�`�)�a�6-�)�6*�,vb6av,�b�,�L�.v+�+�6+�)�a��KL�M���CB��M�L�L�N6av*v`�b�a�*vbH6avb6)�b�a�,�b6*�,vb6`vb�-6a�)�aL�6+�)�a��KLM��M�CB�NL͍NM��MNK6*6b�c�+6)�av*vbH6av)�,v`�*H6+�)�a��KL͌CB�L���L��M�6*�b�-6b�,v*�6av)�,v`�*H�6+�6+�)�a��KL���CB�ML�N��6-6*v,v*6*v*�6,�a�6)�b�+6)�*va�*va�)�,��6ava6+�)�a��KLCB���LLL���L6-v)�*6b6a�6,�)�)�a6.vb6+�6)�b�av)�,v)�*�bHL6ava6+�)�a��KLLLCB���LLL���M6-v)�*6b6a�6,�)�)�a6.vb6+�6)�b�av)�,v)�*�bHL6ava6+�)�a��KLLLCB�L���NM�N6av.v*v*�*v,H6*6a�6*6)�a6,vb�-�,��L6ava6+�)�a��KLLLCB�L���M͍M6av.v*v*�*v,H6,vb�-�,�6*6,vb�*�)�a�bH�L6ava6+�)�a��KLLLCB�L���MLL�6av.v*v*�*v,H6*6a�6*6)�a6,vb�-�,��L6ava6+�)�a��KLLLCB�L���M͎K6av.v*v*�*v,H6*6a�6*6)�a6,vb�-�,��L6ava6+�)�a��KLLLCB���M�L�M���6av.v*v*�*v,H6*6a�6*6)�a6,�b6)�.�6ava6+�)�a��KL�L�LCB���M�L�M�M6av.v*v*�*v,H6*6a�6*6)�a6*�b6a6b�6ava6+�)�a��KL�L�LCB��L�M���6*6b6a�bH6*�b�c�a6)�b6,�b�a6.6*v,HL6ava6+�)�a��KL�L�LCB�����M��6`�*v-�`�6,�a6b�`�b6a�6ava�+�)�a6+�)�a��KLLLMLCB����MM���6`�*va6bH6.vb�c�,v)�`�bH6*6b6+�,vb6a�6`�b6+�bH�6.�,v)�aK6+�)�a��KL�L�LCB�͌��MM��LLL��6av.v*v*�*v,H6*6a�6*6)�a6,�b6)�`v+�6ava6+�)�a��KL͌CB��L̍LLL���NK6av)�,�`�bH6,v*v-6-�b6)�a�+6b�a�-�L6ava6+�)�a��KL͌CB�͌L����͌K6,�b�,vb6aH6*�,v-�6a6b6,vb�)�a6-6b6-6*HL6ava6+�)�a��KL���CB��MM�M�MLN6+�)�,v`�bH6+�+�)�a�6`�)�a6`�6*6-�b6`�6+�)�a��KLLLCB���LLL�LM6-�b6a6)�`H6`�)�)�b�+�6a6)�*�)�`v)�L6ava6+�)�a��KL�͌�CB����NK6-�b6a6)�`H6*�b6aH6`vb6,v+�6.vb6+�6b6+�L6ava6+�)�a��KL�͌�CB�MM�͍K6+6b�a6bH6+6b�a6b�*�6*6a�6`�*v`v-�vava6+�)�a��KLLLCB�M̌LMM�6-�b6a6)�`H6,�b�c�,v+6b6`HL6ava6+�)�a��KLM�MLCB���MMLL�K6-�b6a6)�`H6,�b�c�,v+6b6`HL6ava6+�)�a��KLM�MLCB������NM�K6av,v*v*6)�bH6)�a6,v+vav*H6-6b6-6*H�6-�,v)�aK6+�)�a��KLLLMLCB�L���NM�̋6av.v*v*�*v,H6*6a�6*6)�a6,vb�-�,��L6ava6+�)�a��KLLLCB��MNML�NL��6`�b�*6a6-6*v+va�6avb6`�,�b6aH�6b6)�*�6*�)�b�*6,�bHЌ�K6+�)�a��KLM��CB��MNML�NK6`�b�*6a6-6*v+va�6avb6`�,�b6aH�6b6)�*�6*�)�b�*6,�bHЌ��6+�)�a��KLM��CB��M�����6-6*vbH6*�,v-��6av+6*v`v*vbH6,�b6`�*va�bH��6b6)�*���M6+�)�a��KLM͌NCB��MNML��L6`�b�*6a6-6*v+va�6avb6`�,�b6aH6*�)�b�*6,�bHK��av*�,HЌ�K6+�)�a��KL�LCB��M�������6`�b�*6a6-6*v+va�6)�)�b�`vb6a�6)�)�a�,�*�bH�L��LK6+�)�a��KLLLCB��N��LL��6`�b�*6a6-6*v+va�6avb6`�,�b6aH6-�)�a6)�`�,�bH�av*�,HЎN6+�)�a��KLLLCB��MNML�LM�6)�)�b�,v*�b6+�6*�)�b�*6,�bHVU�NK6+�)�a��KLM�MLCB�NMNML��NLK6`�b�*6a6-6*v+va�6)�)�b�`vb6a��6b6)�*�vav*�,H6*6a6)�+�bK6+�)�a��KLL͌MCB�NM�L�N�K6)�)�b�,v*�b6+�,�6*6a6b6*�b6,�SQM��SK6+�)�a��KLM�LCB��MNML�M��K6`�b�*6a6-6*v+va�6avb6`�,�b6aH6)�)�b�`vb6a�Ͷb6)�*���6+�)�a��KLM��CB��M����NLNL�K6,�*v,v`��`�b�*6a6-6*v+va�6)�)�b�`vb6a�6)�)�a�,�*�bHKL6+�)�a��KL�LCB��MNML�ML�K6,�*v,v`�*H6-6*v+va��`�b�*6a6)�)�b�`vb6a�6avb6`�,�b6aH�6b6)�*�6+�)�a��KLM�LCB��MNML��L��6,�*v,v`��`�b�*6a6-6*v+va�6*�)�b�*6,�bH6avb6`�,�b6aH�L�6+�)�a��KLM��CB���L�M��6b6)�b�*�6*�)�b�-�*v,H6,�b�,vb��6ava6+�)�a��KLLL�LCB�����L6a6b�`v`�6)�)�av)�a�6)�b6`�,�b6)�b�,v)�a�bK6+�)�a��KLLLCB��LL�͍�K6`�a6b�c�a�,�6,�b�c�a6*�)�`�6*�)�`�*v*�6.v+�+�6+�)�a��KLLLMLCB����M�LLL�6,�`v,v*vbH6,�*v`v*v,vbH6)�b6`�,�b6*�a6)�,�*�L�6-�,v)�aK6+�)�a��KLLLMLCB�N��L6`�,vb6a�6-�*�,�6a6b6,vb�a�,�L6.�,v)�aK6+�)�a��KL�L�LCB��L�M̍�Ľ�6*6,va�+6bH6*6b�c�,�*�)�6-6`v)�`HL6.�,v)�aK6+�)�a��KLM��CB��LL�M���6`�a6b�c�a�,�6,�b�c�a6*�)�`�6,vb6a6-6b�a�6+�)�a��KL���CB��N̌M�ML6`�a6b�c�a�,�6*�*v,H6)�b6`�,�bL�6.v+�+�6+�)�a��KL�LCB��N̌M�ML��6`�a6b�c�a�,�6*�*v,H6)�b6`�,�bL�6.v+�+�6+�)�a��KL�LCB���M�NK6*6)�+�bH6)�)�`v`�6)�)�`�6-vb6`vbH�6.v+�+�6+�)�a��KL�L�LCB���LL�6*6*va6*vaH6*6,va�+6)�a6b6*v*�*va�bH6b6*v,�*v*�L6.v+�+�6+�)�a��KL��L��LCB�L�LM̍��L�6avb�,6avb�,6b6`�6avb�a6b6+�bH6*�b6*�,�Mv-�,v)�aK6+�)�a��KLLLCB��MM�MM�6,�*vb�*�b6a�6,v*v-6a�b�+6)�6`�b6+�bH��6-�,v)�aK6+�)�a��KL�LCB�L���6*�b6*�,v*vbH6ava�+�)�a6`�b6+�b6avbN6-�,v)�aK6+�)�a��KLLLMLCB�N�M���6*6,va�+6bH6*6+�*�b�)�,H6,�a�*6-6`v)�`H�v`�-�6+�)�a��KLLLCB��LLL�M�6avb�*�,vb6)�b6a6`�*v,H�v-�,v)�aK6+�)�a��KLCB���L͌�LL�LK6,�b6a�+�*vbH6a�*v,v-�b�a6*H6,vb�-�av)�a�6+�)�a��KLLLCB�L�LM���L�͋6-6*v,v*6*v*�6,v)�.6bH6`�b6+�bH�L6ava6+�)�a��KLLLCB�L�LM���L�K6-6*v,v*6*v*�6,v)�.6bH6`�b6+�bH�L6ava6+�)�a��KLLLCB�L�LM���L��6-6*v,v*6*v*�6,v)�.6bH6`�b6+�bH�L6ava6+�)�a��KLLLCB�L�LM���L��6-6*v,v*6*v*�6,v)�.6bH6`�b6+�bH�L6ava6+�)�a��KLLLCB�L�LM���L���6-6*v,v*6*v*�6,v)�.6bH6`�b6+�bH�L6ava6+�)�a��KLLLCB�L�LM���L�L6-6*v,v*6*v*�6,v)�.6bH6`�b6+�bH�L6ava6+�)�a��KLLLCB������L��6avb6*�*vbH6)�b6,vb�b6*6,vb�*�)�a�bHL6ava6+�)�a��KL�L�LCB��������6avb6*�*vbH6a�*v,�*�*va6*H6`�b�*�6`�)�*�6*6,vb�*�)�a�bH�6ava6+�)�a��KLLLMLCB�������NK6avb6*�*vbH6a�*v,�*�*va6*H6`�b�*�6`�)�*�6,�*vav)�.v*H6*6,vb�*�)�a�bK6+�)�a��KL�L�LCB�L�NK6avb6*�*vbH6`vb�,vb�,vb6,vb6+6b�,H6*6,vb�*�)�a�bH�6ava6+�)�a��KL��L��LCB����L�����6avb6*�*vbH6)�b6,vb�b6*�,�`�b�*�6*6,vb�*�)�a�bHL�vava6+�)�a��KL���CB�������L6avb6*�*vbH6)�b6,vb�b6*�,�`�b�*�6*6,vb�*�)�a�bHL�vava6+�)�a��KL���CB�L�LN�6avb6*�*vbH6a�b6*�b�c�a6)�6`�)�,�*H6*6,vb�*�)�a�bH�6ava6+�)�a��KLL�LLCB��L�LLLNĽ��K6*6)�+�bH6,�b6*�6`vb6+�6*�)�`�v)�b�a�+L6.v+�+�6+�)�a��KLM��CB��L�LLLNĽL6*6)�+�bH6,�b6*�6`vb6+�6*�)�`�v)�b�a�+L6.v+�+�ĽL6+�)�a��KL�L�LCB��L�LLLNĽ��6,�a�b�`�6`vb�`�bH6`vb6+�*�)�`��)�b�a�+L6.v+�+�Ľ��6+�)�a��KLNL��LCB��L�LLLNĽ�6,�a�b�`�6`vb�`�bH6`vb6+�*�)�`��)�b�a�+L6.v+�+�Ľ�6+�)�a��KLNL��LCB��L�LLLNĽM6,�a�b�`�6`vb�`�bH6`vb6+�*�)�`��)�b�a�+L6.v+�+�ĽM6+�)�a��KL�L�LCB��L�LLLNĽ�L�6,�a�b�`�6*6,va�+6`vb6+�*�)�`�v)�b�a�+L6.v+�+�Ľ�K6+�)�a��KL�L�LCB��L�LLLNĽ�LK6*6)�+�bH6)�)�`v`�6`vb6+�6*�)�`�L6.v+�+��)�b�a�+Ľ�K6+�)�a��KL��L��LCB��L�LLLNĽ͌6*6*va6*vaH6*6,va�+6`vb6+�*�)�`�L6.v+�+�L6)�b�a�+Ľ͋6+�)�a��KL���CB��L�LLLNĽ��6*6*va6*vaH6*6,va�+6`vb6+�*�)�`�L6.v+�+�L6)�b�a�+Ľ�6+�)�a��KL͌CB���MM�L̎�K6-6b�,H6a�b�+�b6`�b�,�*H6-�,v)�aK6+�)�a��KL�L�LCB�������N6*6)�avbH6avb�-�)�6`�b�,�*H̍v-�,v)�aK6+�)�a��KLM��CB�������M6*6)�,�a6b�)�6avb�-�)�6`�b�,�*H̍v-�,v)�aK6+�)�a��KLLLMLCB���LNLM�̌�K6`�a�*�)�`�bH6av,vb�-6`�6av`�,vav-6*H6*�b�*�6*�b6*��6-�,v)�aK6+�)�a��KL�L�LCB���L��NMN6`�,v,�*6bH6,�b�a�-�bH6av,vb�-6`�6*�b�*�6*�b6*��L6-�,v)�aK6+�)�a��KL͌CB���L��NNL�6*6)�a6bH6av,vb�-6`�6a6b6a6bH6*�b�*�6*�b6*��L6-�,v)�aK6+�)�a��KL͌CB���L��NM�N6*�)�,v-�*vbH6av,vb�-6`�6+v)�,H6*�b�*�6*�b6*�̌6-�,v)�aK6+�)�a��KL��L��LCB�͌L���LK6-6)�av*�b6bH6-�)�,va�b�,H6b6a6*�,v)�6+�b6`�,�6ava6+�)�a��KL�L�LCB���LL�M��K6-v)�*6b6a�6,�)�)�a6,�)�.6)�a�)�L6ava6+�)�a��KLLLMLCB���LL͍NL̍6-v)�*6b6a�6,�)�)�a6,�)�.6)�a�)�L6ava6+�)�a��KLLLMLCB���LL�M�NK6-v)�*6b6a�6,�)�)�a6,�)�.6)�a�)�L6ava6+�)�a��KLLLMLCB���LL͌MM�K6-v)�*6b6a�6,�)�)�a6,�)�.6)�a�)�L6ava6+�)�a��KLLLMLCB���LL�M�NM�6-v)�*6b6a�6,�)�)�a6,�)�.6)�a�)�L6ava6+�)�a��KLLLMLCB���LL�M��6-v)�*6b6a�6,�)�)�a6,�)�.6)�a�)�L6ava6+�)�a��KLLLMLCB���LL�NMN6-v)�*6b6a�6,�)�.6)�a�)��6.�,v)�aJ��.v+�+�6+�)�a��KLM��CB���LL͌MM�M�6-v)�*6b6a�6,�)�.6)�a�)��6.�,v)�aJ��.v+�+�6+�)�a��KLM��CB���LL͍NMK6-v)�*6b6a�6,�)�.6)�a�)��6.�,v)�aJ��.v+�+�6+�)�a��KLM��CB���L�LM̌�M�6-6b�,H6`v,v)�b6a6*H6)�a6,�.vb6+�b�*HL�vava6+�)�a��KLCB���L�LM̍LMK6-6b�,H6avb6,�6)�a6,�.vb6+�b�*HL�vava6+�)�a��KLCB���L�LM̌LNK6-6b�,H6-�b6`�b6a6)�*�*H6)�a6,�.vb6+�b�*HL�vava6+�)�a��KLCB�������NK6)�,�*�)�`�b�c�*�bH6*6,v`�*H6)�a6,�a�)�*6aL6-�,v)�aK6+�)�a��KL�LCB��������6-6.v,vb�*H6*6,v`�*H6)�a6,�a�)�*6aL6-�,v)�aK6+�)�a��KL�LCB�������K6av.v`�,vb6a�6*6b6,vbH6*6,v`�*H6)�a6,�a�)�*6aL6-�,v)�aK6+�)�a��KL�LCB���������6av.v`�,vb6a�6*6,v.�bH6*6,v`�*H6)�a6,�a�)�*6aL6-�,v)�aK6+�)�a��KL�LCB�����̌L�6av.v`�,vb6a�6,�b6a�+�*H6*6,v`�*H6)�a6,�a�)�*6aL6-�,v)�aK6+�)�a��KL�LCB���L�LLL��K6av.v*v*�*v,H6b6*�)�`�`�*v,v*vb6*vbH6-�-6*�bH6a6*vavb�,�L6ava6+�)�a��KL���CB���L�LLL�̎K6av.v*v*�*v,H6b6*�)�`�`�*v,v*vb6*vbH6-�-6*�bH6a6*vavb�,�L6ava6+�)�a��KL���CB���L�LLM��6av.v*v*�*v,H6+�)�,vbH6.v*v,v+�6*�b6,vbH�6ava6+�)�a��KLNL��LCB���L�LLM���6av.v*v*�*v,H6+�)�,vbH6.v*v,v+�6*�b6,vbH�6ava6+�)�a��KLNL��LCB���LL�LM�6-v)�-H6,va�)�6-6b6-6*HL6ava6+�)�a��KL�L�LCB���L�M��6`�*v-�*v*�6*�*vav)�*�*H6)�a6,�.vb6+�b�*H6-6b6-6*H�6-�,v)�aK6+�)�a��KL�L�LCB�LM��N�LK6,�*6+�*H6,�b6+�)�a�bH6)�a6`�b�-v,H6`�)�a6`��6-�,v)�aK6+�)�a��KL�L�LCB�L�LLM�M�6-v)�-H6,�b�,�)�,H6)�a6`�b�-v,H��vava6+�)�a��KL�L�LCB�L�LLM�̋6`�b�.6)�,v`�6*�b�+6)�a�6-6b6-6*HL�6-�,v)�aK6+�)�a��KL���CB��LL�M�LL6*�,�`�b�*�6b6b�`v*v,H6a�*vav*6*v,H6b6*va�6*�b6,v`�b�6.v+�+�6+�)�a��KLLLMLCB��LL�ML͌L�6*�,�`�b�*�6b6b�`v*v,H6a�*vav*6*v,H6b6*va�6*�b6,v`�b�6-�,v)�aK6+�)�a��KLCB����LLNNL�K6av-6,vb6*6.�)�,�bH6av)�aH6,�)6,v)�*6`�b6+�bH�L6ava6+�)�a��KLLLCB��NNL�L��LK6av-6,vb6*6.�)�,�bH6av)�aH6,�)6,v)�*6`�b6+�bH�L6ava6+�)�a��KLLLCB��LLNLN6+6*vav*v+�6*6*v,v+�)�+�6*6b6a6)�,H6)�)�b�,�6+�)�a��KLLLCB��M�MM�6-6*v,v*6*v*�6*�,vb6*�b�)�6-6b6-6*H�L6ava6+�)�a��KL�LCB�MNK6`�b�,�6*�b6`v+6)�6+�)�a��KL�L�LCB�NNK6*�,v)�a6b�-�*vbH6`v,�*�*v`�6,�b6b�*�6a�b6*�6+�)�a��KL��L��LCB��L�6)�)6,va�+6.6)�a6.6b�c�*�6,�b6b�*�6a�b6*�6+�)�a��KLNL��LCB�M��6,vb�c�+�6.6)�a6.6b�c�*�6,�b6b�*�6a�b6*�6+�)�a��KLNL��LCB�M�K6)�b6,vb�b6*6-�b6`�6,�b6b�*�6a�b6*�6+�)�a��KLNL��LCB�M�6a6b6*�)6,�6,�b6b�*�6a�b6*�6+�)�a��KLNL��LCB��K6+�b6*6*vbH6-�b�,�6,�b6b�*�6a�b6*�6+�)�a��KLNL��LCB��K6*�,v)�avb�,�)6,�b6b�*�6a�b6*�6+�)�a��KLNL��LCB��6`�b�c�`�bH6-�)6`�a6b�c�*�6,�b6b�*�6a�b6*�6+�)�a��KLL�LM�LCB�M�K6+�-6+�-6,�b6b�*�6a�b6*�6+�)�a��KL�LCB�M�6*�,v)�a6b�-�*H6,�b6b�*�6a�b6*�6+�)�a��KL�LCB�M��6`�b�`�bH6`�)�*�6ava6*vb6a�6,�b6b�*�6a�b6*�6+�)�a��KL�L̍LCB�M�6`�b�`�bH6`�)�*�6,�*v,H6,�b6b�*�6a�b6*�6+�)�a��KL��L��LCB�����LM���6*�)�b�*�6b6*v,�b�,H6.�*v,�)�a6*vbH6)�b6*�b6av)�*�b�`�̌6-�,v)�aK6+�)�a��KLM��CB�����LM����6*�)�b�*�6)�a6b6,�b�,H6.�*v,�)�a6*vbH6.v)�+�bH��v`�-�,v)�aK6+�)�a��KL�L�LCB�����LM�K6*�)�b�*�6)�a6b6,�b�,H6.�*v,�)�a6*vbH6.v)�+�bH��v`�-�,v)�aK6+�)�a��KL�L�LCB�����LM��6*�)�b�*�6)�a6b6,�b�,H6.�*v,�)�a6*vbH6.v)�+�bH��v`�-�,v)�aK6+�)�a��KL�L�LCB��LL�M�L���6+6b�a6bH6a�)�,vb�*6b6avb�`�,�6`�)�a6`�ML6-�,v)�aK6+�)�a��KL�L�LCB��N�L�L��6avb6*�*vbH6*6,v)�.6b6*6b�)�,�L6ava6+�)�a��KLLLMLCB���L�MM�6*�*v,vb6`�6,�*vb�)�,v*H6*�)�a6)�a�bH�
�K6+�)�a��KLM��CB���LL�M͎NL��6+v*vav)�aH6,�*vb�*�6.6)�*�b�`�)�L6-�,v)�aK6+�)�a��KLLLCB��M�̍�M�L̋6)�)�b6bH6+6)�aHL6ava�T6+�)�a��KLL�LM�LCB��LL�LL��6,�b6+�*vbH6a6b�avb6*6b�*�)�,�)�,H6-6b6-6*H�6ava6+�)�a��KLLLCB��M�MMN�6-6*v,v*6*v*�6*�,vb6*�b�)�6-6b6-6*H�L6ava6+�)�a��KL�LCB��M�MM��6-6*v,v*6*v*�6*�,vb6*�b�)�6-6b6-6*H�L6ava6+�)�a��KL�LCB��M�MM���K6-6*v,v*6*v*�6*�,vb6*�b�)�6-6b6-6*H�L6ava6+�)�a��KL�LCB��M�MM��MK6-6*v,v*6*v*�6*�,vb6*�b�)�6-6b6-6*H�L6ava6+�)�a��KL�LCB��M�MM����6-6*v,v*6*v*�6*�,vb6*�b�)�6-6b6-6*H�L6ava6+�)�a��KL�LCB��M�MMMM�6-6*v,v*6*v*�6*�,vb6*�b�)�6-6b6-6*H�L6ava6+�)�a��KL�LCB��M�MMM�6-6*v,v*6*v*�6*�,vb6*�b�)�6-6b6-6*H�L6ava6+�)�a��KL�LCB��M�MM�M�K6-6*v,v*6*v*�6*�,vb6*�b�)�6-6b6-6*H�L6ava6+�)�a��KL�LCB�����LMLLL�6-6b�,H6)�+v,�)�a�6`�b�,�*H�6-�,v)�aK6+�)�a��KLM��CB�����LM�̎L�6-6b�,H6a�b6-6`�b�,�*H�L6-�,v)�aK6+�)�a��KLLLCB���M�LM̍��6*�)�b�*�6)�,vb�)�a6.�*v,�)�a6*vbH6)�b6*�b6av)�*�b�`�v`�-�6+�)�a��KLM�LM�LCB������̌�̋6a�-�.6b�a�6a�b6a�b6-L6.�,v)�aK6+�)�a��KL��L��LCB��LL͌L�L6`�a�b6*H6a�b�,�`�)�`vbH6`�a6)�,�b�`�6-6b6-6*HMv.�,v)�aK6+�)�a��KL�LCB��LL͌L�L�6`�a�b6*H6a�b�,�`�)�`vbH6`�a6)�,�b�`�6-6b6-6*Hˍv.�,v)�aK6+�)�a��KL�L�LCB�L�L�NL�6,�,vb�a6)�`�6a�*v,�*�*va6*H6-�*va�aH6`�b6+�bH6-�,v)�aK6+�)�a��KL�L�LCB�L�L�N�6,�,vb�a6)�`�6a�*v,�*�*va6*H6-�*va�aH6b6a�-�.6b�a�6`�b6+�bH6-�,v)�aK6+�)�a��KL�L�LCB�L�L�L�NK6,�,vb�a6)�`�6a�*v,�*�*va6*H6-�*va�aH6b6`�*v,�*�6`�b6+�bH6-�,v)�aK6+�)�a��KL�L�LCB��M�͎M��M6`�,vb�c�aH6*�*v*6+�6avb�c�,v,�b�a�L6ava6+�)�a��KLM��CB�L�L��M�N6-6*v,v*6*v*�6,vb�*�)�6`�b6+�bH��6ava6+�)�a��KL�LCB�L͌�����6-6*v,v*6*v*�6,vb�*�)�6`�b6+�bH��6ava6+�)�a��KL�LCB�L͌��L6-6*v,v*6*v*�6,vb�*�)�6`�b6+�bH��6ava6+�)�a��KL�LCB�L͌���̌�6-6*v,v*6*v*�6,vb�*�)�6`�b6+�bH��6ava6+�)�a��KL�L�LCB�L�L���MK6-6*v,v*6*v*�6,vb�*�)�6`�b6+�bH��6ava6+�)�a��KL�L�LCB�L�L��M��6-6*v,v*6*v*�6,vb�*�)�6`�b6+�bH��6ava6+�)�a��KL�L�LCB�L�L��MM�6-6*v,v*6*v*�6,vb�*�)�6`�b6+�bH��6ava6+�)�a��KL�L�LCB�L͌�L��6-6*v,v*6*v*�6,vb�*�)�6`�b6+�bH��6ava6+�)�a��KL�L�LCB�L͌��͍��6-6*v,v*6*v*�6,vb�*�)�6`�b6+�bH��6ava6+�)�a��KL�LCB��MNL��LNNNK6*�)�`�`�*v,v*vb6*vbH6a6*v,�-�*vbH6,�b6*�)�b6`va6)�avb�a�-�bL6ava6+�)�a��KLM��CB���L�K6*6*va�b�-6*�6,�*�b�)�,vavb�a�*�6a�*va�a6*Hv.v+�+�6+�)�a��KLCB��M�L�LK6-�b6,v*vbH6,6a�)�a�6av)�,v`�*K6+�)�a��KL�LCB��M�ML�L�LL6-�b6,v*vbH6,6a�)�a�6av)�,v`�*K6+�)�a��KL�LCB����NL�L��6+v*v`v)�,�*vbH6`�b6a�`vbH��.v+�+�6,v*v`�*vaHK6+�)�a��KLL�LM�LCB��NMLLK6+�b6a6`�bH6)�)�bSKNM��6+�)�a��KLL�LL�LCB�����L�̌K6av)�b�b6a�b�,�6b6`�*v-�*v*�6`�)�a6*K6+�)�a��KL�L�LCB��L����M�M�6-v)�*6b6a�6,�)�)�a6+�b6.L6ava6+�)�a��KLLLMLCB���L�MM��6-v)�*6b6a�6,�)�)�a6+�b6.L6ava6+�)�a��KLLLMLCB����LMMLL��M�6-v)�*6b6a�6,�)�)�a6a6b6`�,�L6ava6+�)�a��KL͌CB����LMMLL���K6-v)�*6b6a�6,�)�)�a6a6b6`�,�L6ava6+�)�a��KL͌CB����LMMLL���6-v)�*6b6a�6,�)�)�a6a6b6`�,�L6ava6+�)�a��KL͌CB��LNM̌�6-6*v,v*6*v*�6+6b6,�6-6b6-6*H�6ava6+�)�a��KLLLCB�̌��̍���6*�b6`v-�)�bH6,�*v`v*v,vbH6a6b�*�*�b6a�6`�b�,�*H�v.v+�+�6+�)�a��KLLL�LCB��LL����LK6*�b6*�6`�b�`�6.v)�b�a6bH�6-�,v)�aK6+�)�a��KLL�LM�LCB��N��MMĽ6b6b�`v*v,H6`�)�b6`�)�b6-�b6`�b6a6)�*�*H�6.v+�+�6+�)�a��KL�L�LCB��M�NL�LM�6b6b�`v*v,H6-�b6a6+�6+�)�,v`�6-�b6`�b�6.v+�+�6+�)�a��KL�L�LCB��LM��M��6`�b�`�6*6b�`v)�6`�b�`�,�6,vb6a�6.v+�+�6+�)�a��KL�LCB��LM�����6`�b�`�6*6b�`v)�6`�b�`�,�6,vb6a6+�)�a��KLCB�̌��̎MK6*�b6`v-�)�bH6`�*v,�`�6a6b�*�*�b6a��v.v+�+�6+�)�a��KLM��CB��M��L��L�6b6b�`v*v,H6av,�*�*v,H6*6)�b�*��v-�,v)�aJ��6.v+�+�6+�)�a��KLLLMLCB��M��L���6b6b�`v*v,H6av,�*�*v,H6*6)�b�*��v-�,v)�aK6+�)�a��KLCB��M��L��MK6b6b�`v*v,H6av,�*�*v,H6*6)�b�*��v-�,v)�aJ��6.v+�+�6+�)�a��KLLLMLCB��M��L��L�6b6b�`v*v,H6av,�*�*v,H6*6)�b�*��v-�,v)�aK6+�)�a��KLCB��M��L��̎K6b6b�`v*v,H6av,�*�*v,H6*6)�b�*��v-�,v)�aJ��6.v+�+�6+�)�a��KLLLMLCB��M��L���L�6b6b�`v*v,H6av,�*�*v,H6*6)�b�*��v-�,v)�aK6+�)�a��KLCB���LNM�NN6-�b6-6*�6-�b�c�a6-�b6a6+�6`�b6+�bH�6.�,v)�aK6+�)�a��KLLLMLCB���L�LL��LMK6*�`v*v`�6a6b�a6b6a�`�6+�)�a��KLCB��M̎LLMLLK6-6*vbH6av+6*v`v*H6`�b6av*6+�)�a��KLLL�LCB��M�L��N6)�*v,�b�*�b6,�*6b6`�6a�b�a�b6`�6+�)�a��KLLLCB�����MML�L�6avb6,�6a6b6,v+�L6.v+�+�6+�)�a��KLM��CB�L�M�NL���6+�*v.6*vavb6,�6+�b6`�*�b6,H�+�*v.�.v+�+�6+�)�a��KL�L�LCB��LLML��K6avb�*�,vb6)�b6a6`�*v,H�6.v+�+�6+�)�a��KLLL�LCB����L��L�K6-6*vbH6*�,v-�bH6`�-�)�a�����6+�)�a��KLLL�LCB���N�6+6-�)�,v*vbH6b6b�c�a�,�*�b6a�6+�)�a��KLLLMLCB��L�LLLM�LL6*�*v,vb6`�6`vb6+�*�)�`�M�LL6+�)�a��KLM��CB��L�LLLMM̌M6,�*v,v`��*6*v,v+�)�+�6a�)�bH6`vb6+�*�)�`���6ava�v.v+�+�6+�)�a��KL��L��LCB��L�LLLNL̍L�6,�b�a�b�`�6av,v*v*6.H6,v*v-6a�)�b�`vb6+�6*�)�`��6,�aHL6.v+�+�6+�)�a��KL�L�LCB����LLLNNNLK6a6)�b�a6b6a�6)�a6ava�b�b6aH6b�*va6*vb��vav*�,K6+�)�a��KL�L�LCB���LMM�6.v*va6)�-�*vbH6,�av)�b�a���L�6+�)�a��KLL�LM�LCB���LL�6.v*va6)�-�*vbH6,�*va�`�b�b�LL6+�)�a��KLL�LM�LCB���LLMLLM��6*�)�`�`�*v,v*vb6*vbH6.v)�aH6`v)�a6`�b6a�6*6*v+�)�+�va6*�,K6+�)�a��KL�L�LCB���LLML�͌�6`�,vb�c�aH6*�*v*6)�+�6`v)�a6`�b6a��L6ava6+�)�a��KL�L�LCB���LLML�͌M6`�,vb�c�aH6*�*v*6)�+�6`v)�a6`�b6a��L6ava6+�)�a��KL�L�LCB������L�MK6avb6*�*vbH6-�*v,�6)�-v`va�)�a�6.6)�,v+�b6+�)�a��KLCB�M��L����̋6avb6*�*vbH6-6b�,vbH6+�b6av)�a6bK6+�)�a��KLCB����M͎���6avb6*�*vbH6*�)�a�+�)�6`v)�a�b�a6b�)�6.v)�b�a6bH�H6-�6+�)�a��KLL�LM�LCB����M͎�NK6avb6*�*vbH6*6)�a�+�)�6-6`�a6)�*�6.v)�b�a6bHML6-�6+�)�a��KL�L�LCB����M͎�LL6avb6*�*vbH6*�)�a�+�)�6,�.v`v,v)�a�bH6.v)�b�a6bHML6-�6+�)�a��KL�L�LCB�͌���M�N�M�6*6,�`�b6b�*�6)�b6,vb�b6)�a6)�-va6bHM�.v+�+ʌMˌ�.�,v)�aK6+�)�a��KLNL��LCB������M�L�K6-�*va�av*v-6)�avbH6a�bH6a�bHML6-�,v)�aK6+�)�a��KL�LCB���M�N�6,�a�b�`�6*6,va�+6)�)�`�6,�b6`vbH�6.v+�+�6+�)�a��KL�L�LCB�L�͌��K6*�,�`�b�*�6-�b6a6b6a�6*6bvc�6-6*v`�,H�.v+�+ʌM6-�,v)�aK6+�)�a��KL�L̍LCB��MLLL�6*�*v,vb6`�6,vb6a6,�*v`v*v,vbH6*�)�,vb�c�`�,��.v+�+�6+�)�a��KL�L̍LCB��NNM�M�M����6`v,v-�*vbH6,vb�`�)�6*�)�,vb�c�`�,�6+�)�a��KL���CB��N��6b6b�`v*v,H6a6b6)�`�*v,Hv-�,v)�aJ��v.v+�+�6+�)�a��KL�M���CB��MNL��6a�*v,�*�*va6*H6a6b6`�*v,H6-�)�,v+�b�a�)��v.v+�+�6+�)�a��KL�M���CB��L�̍�L��LK6a�*v,�*�*va6*H6+�)�av)�`�N6-�,v)�aJ�L�.v+�+�6+�)�a��KL�L�LCB��L�̍�L���K6a�*v,�*�*va6*H6+�)�av)�`�N6-�,v)�aK6+�)�a��KL�L�LCB��L�̍�L���K6a�*v,�*�*va6*H6+�)�av)�`�N6-�,v)�aJ�L�.v+�+�6+�)�a��KL�L�LCB��L�̍�L�L͋6a�*v,�*�*va6*H6+�)�av)�`�N6-�,v)�aK6+�)�a��KL�L�LCB�M͌��L�6a�*v,�*�*va6*H6,vb�*�b�c�,H6,�*�b6,v*�6)�a6av)�a�bHL6-�,v)�aK6+�)�a��KL��L��LCB�M̌LL�6a�*v,�*�*va6*H6,vb�*�b�c�,H6,�*�b6,v*�6)�a6av)�a�bHL6-�,v)�aK6+�)�a��KL��L��LCB�M̌��6a�*v,�*�*va6*H6,vb�*�b�c�,H6,�*�b6,v*�6)�a6av)�a�bHL6-�,v)�aK6+�)�a��KL��L��LCB�N�L��6a�*v,�*�*va6*H6*�,vb6*�b�a�6`�b�`�,�6.6)�a�b�c�a6)�6-�,v)�aK6+�)�a��KLM��CB�NM̎MMK6a�*v,�*�*va6*H6*�,vb6*�b�a�6avb6,�6b6-�b6`�b6a6)�*�*HL6-�,v)�aK6+�)�a��KLM��CB�L�LM���NK6*�,�`�b�*�6*6,va�+6+�)�b�*�N6.v+�+ʌL�v-�,v)�aK6+�)�a��KL�L�LCB��MNN6*6*va�b�-6*�6.6b�.6b�+�a�*���-ʌN6.v+�+�6+�)�a��KLNM��CB��MLMMK6*6*va�b�-6*�H6.6b�.6b�+�a�*���-ʌN6.v+�+�6+�)�a��KLNM��CB����L���6*6*va�b�-6*�H6.6b�.6b�+�a�*���-ʌN6.v+�+�6+�)�a��KLNM��CB�LL��6*6*va�b�-6*�6.6b�.6b�+�a�*�6`�)�a6`���-�,v)�aK6+�)�a��KL�L�LCB�MK6*6*va�b�-6*�6.6b�.6b�+�a�*�6`�)�a6`���-�,v)�aK6+�)�a��KL�L�LCB�M���K6*6*va�b�-6*�6.6b�.6b�+�a�*�6`�)�a6`���-�,v)�aK6+�)�a��KL�L�LCB��L͎L���6`v)�-H6*�)�,�6a6*�,K6+�)�a��KLM��CB��M̎M�6`va6)�-6*�)�,�6a6*�,K6+�)�a��KL��L��LCB�������L�LM�6+�*v,vav)�a�6`�*va�*v`v*H6*�)�,�6*6*v+�)�+�6ava6+�)�a��KL�L�LCB����L�̌���6+�*v,vav)�a�6*�*v*6)�+�6*�)�,�6*6*v+�)�+�L6ava6+�)�a��KL�L�LCB����MM�M��6-6)�av*�b6bH6*�)�,�6+6a6`�6ava6+�)�a��KL͌CB�MMLL�����6`�b�`�6)�b6*6)�a6)�*6`v,vb�c�-L6-�,v)�aK6+�)�a��KLLLMLCB�MMLL�����̋6`�b�`�6)�b6*6)�a6)�*6`v,vb�c�-L�6-�,v)�aK6+�)�a��KLLLMLCB�MMLL������6`�b�`�6)�b6*6)�a6)�*6`v,vb�c�-L6-�,v)�aK6+�)�a��KLLLMLCB�MMLL�����6`�b�`�6)�b6*6)�a6)�*6`v,vb�c�-L6-�,v)�aK6+�)�a��KLLLMLCB�MMLL�����6`�b�`�6)�b6*6)�a6)�*6`v,vb�c�-L�6-�,v)�aK6+�)�a��KLL�LM�LCB�MMLL�����L6`�b�`�6)�b6*6)�a6)�*6`v,vb�c�-6-�,v)�aK6+�)�a��KLL�LM�LCB��M�MMN��6`v,v-�*vbH6av)�`vb6,H6`�b�,�*va6+�)�a��KL�LCB�����L���MLL6a�*v.6b�,vbH6ava�+�)�a6ava6*vb6a�6`�)�a6`�6+�)�a��KL�L�LCB��L�MN�6*�)�`�*v*�6+�b6a�a�b�a6)�b�.6b6`�6+�)�a��KL�L�LCB��L�ML��NK6`v,vb�-6`v,v)�b6a6*H6b6-6av*�bH6-6b6-6*H�6ava6+�)�a��KLLLCB�M��M�L��LK6`v)�-H6*�)�,�va6*�,K6+�)�a��KL�L�LCB���M��N�MK6`�a6b�c�a�,�6,�b6`v*��MK6+�)�a��KLM��CB��N�L�MK6av.v*v*�*v,H6a�)�b6,�*vb�)�,v*H6)�)�b�,H�ava6+�)�a��KL���CB��N���N6av.v*v*�*v,H6a�)�b6,�*vb�)�,v*H6)�)�b�,H�vava6+�)�a��KL���CB��N�L�NM�6av.v*v*�*v,H6a�)�b6,�*vb�)�,v*H6)�)�b�,H�vava6+�)�a��KL���CB��͍NNLNN6`�a6b�a�,�6+va6)�`�6+6b�a6bL
�K6+�)�a��KL��L��LCB����M�MM�NLL�6-6b�,H6`�)�a6*HL�vava�6.v+�+�6+�)�a��KL�LCB��M��M͍�6*�*v,vb6`�6,�*vb�)�,v*H6`va6)�avb�a�-�b
�6,�aK6+�)�a��KL���CB��M̌��NLLL��6*�*v,vb6`�6)�)�av)�a�6a�-6`�`�,v+�a�*vb6*H6-�b�a�bK6+�)�a��KL͌CB��L�L��NK6+�)�,v`�bH6-�b6-�`�6,�b�a�b6)�,�6`�)�a6`��6.v+�+�6+�)�a��KLM��CB��ML�M�����6+�)�,v`�bH6-�b6-�`�6`�b6*�b6a�6*6b6+�,��6.v+�+�6+�)�a��KLM��CB��M̎MNNL�6+6b�)�,�bH6avb�-6`�b6-6-6+va�6b6`�)�,v*v*6)�M��6+�)�a��KLM�LCB��L�N�NMK6`�,vb�c�aH6*�,v-�6`v)�-6b�b6a�6avb�c�a�ML6-�,v)�aK6+�)�a��KL�L�LCB��MMMML��M6av*v`�b�a�*vbH6,v+�b�a�6`�b�avbH�KM�PK6+�)�a��KLM͌NCB��MMMML�LM�6av*v`�b�a�*vbH6,v+�b�a�6`�b�avbH�KLLM6+�)�a��KLMM�M�CB�NNM�����MK6av.v*v*�*v,H6a�b�.6b�)�6,vb6a6*6a�6*6)�a6-6b6-6*HL6ava6+�)�a��KL�L�LCB��M��LK6,�*6b6`�bH6*�b�a6)�b6`vb6+6b�`�)�6`�)�a6`��ava6+�)�a��KLLLMLCB�LNNL�6`�*v-v*v*6ava6*vb6a�6.v+�+�6+�)�a��KL�LCB�L��M�LNM�6-6)�av*�b6*�b�,v,�b�a6+6a6`�6)�*va6av)�a�bHH6a6*�,K6+�)�a��KL�LCB�L��M�LM�M6-6)�av*�b6*�b�,v,�b�a6+6a6`�6)�*va6av)�a�bHH6a6*�,K6+�)�a��KL�LCB�L��M�LM���6,vb�`�)�6*�,vb�a�L6ava6+�)�a��KLNL��LCB��M�M��L��6-6)�av*�b
�avb6`�*vb�`H6*�,vb�c�,�avbH6*6,vb�*�)�a�bHL6ava6+�)�a��KL�LCB��L�M����6-6)�av*�b6bH6*�)�a�*�b�a�6*6*v+�)�+�L�6ava6+�)�a��KL���CB�MLLLML6,�*�,v)�bH6*�,v-�6*�)�`v*��L6ava6+�)�a��KLLLCB��M�NLLK6+�*v,�-�)�bH6a�b�,�`�6,�b6`�)�a�bH�6b6)�*���M�6+�)�a��KLM��M�CB�LN�M�6)�*v`v*�*v,H6-6b�c�*�6a�b�.6b�)�6*6,vb�*�)�a�bHL6ava6+�)�a��KL͌CB�LN�L̍L�6)�*v`v*�*v,H6-6b�c�*�6a�b�.6b�)�6*6,vb�*�)�a�bHL6ava6+�)�a��KL͌CB��MNL��LNL�L�6-6)�av*�b6bH6,�*vb�)�,v*H6-6b6-6*�a�6`va6)�avb�a�-�bva6*�,K6+�)�a��KL͌CB�MMLL�����N6`�b�c�`�6)�b6*6)�a6)�*6`v,vb�c�-L�6-�,v)�aK6+�)�a��KLL�LM�LCB�LM�͌L���6,�b6+�*H6`�,vb�c�aH6,�b6*�)�a�bH6ava�+�)�a6`�)�a6`��6-�,v)�aK6+�)�a��KL�L�LCB���LL�����6*6,�`�b6b�*�6*6b6a�b�*�b6)�b6,v+6b�a�)�aͶ.�,v)�aJ��6.v+�+�6+�)�a��KLLLMLCB���LL����K6*6,�`�b6b�*�6*6b6a�b�*�b6)�b6,v+6b�a�)�a�.v+�+ʌͶ-�,v)�aK6+�)�a��KLCB���LL͌̍�6b6b�`v*v,H6,�*va�+�*vb6b�-�6*6,vb�`�,�*�)��6.v+�+�6+�)�a��KLLLMLCB���LL�L�M�6b6b�`v*v,H6,�*va�+�*vb6b�-�6*6,vb�`�,�*�)���-�,v)�aK6+�)�a��KLCB���LL͌���6b6b�`v*v,H6*6,vb�`�6,�b6*6)��.v+�+ʌ�6.v+�+�6+�)�a��KLLLMLCB���LL����6b6b�`v*v,H6*6,vb�`�6,�b6*6)��.v+�+��6.�,v)�aK6+�)�a��KLCB�M��L��M�L�6`v)�-H6-v+v*�6a6*�,K6+�)�a��KLM��CB��MK6`�,v*va�-�bH6-�b6`�b6,�b6b�*�6a�b6*�6+�)�a��KL��L��LCB��M�6-6b�,vb�a�bH6,�b6b�*�6a�b6*�6`�)�a6`�6,�*v,K6+�)�a��KL��L��LCB�����͌N�6a�*v,�*�*va6*H6-�b6b�c�,�6a�a�+�6a�)�+�bH�6.v+�+�6+�)�a��KL�L�LCB��M�M�M�͎L�6`�b�*6a6-6*v+va�6)�)�b�`vb6a�͌S6+�)�a��KLM��CB��NML��6`�b�*6a6-6*v+va�6*�)�b�*6,�bH6avb�+�b��6+�)�a��KLM��CB��M��MNM�NN6`�b�*6a6-6*v+va�6-�)�a6)�`�,�bH͌S6+�)�a��KLM��CB�������L�M�6,�*6+�*H6+vb�b6)�a�bH6*�b6*�L6-�,v)�aK6+�)�a��KLLLMLCB�̍LL��M�L��6,vb�`�)�6)�)�av)�a�6a6b6a6)�a��6ava6+�)�a��KL�LCB��MM̎L�N�6-�b�*�,�6b6b�,�b6+v)�,H�v-�,v)�aK6+�)�a��KLCB�L͍��K6*6,va�+6bH6)�b�av*�)�b�*v,H6-6`v)�`HL6`�-�6+�)�a��KL�M��CB�LM��LLMNNL�K6*6*va6*vaH6av)�,�bH6-�*vb6,v*H6,�*�b�+�6*�a6)�,�*�b�`�6+�)�a��KLM��CB�����LM��͍�6-6)�av*�b6bH6+6a6`�6,vb�a���va6*�,K6+�)�a��KL͌CB��NLMLMN6`�b�`�6a6b6*�b6-�,v)�aJ�L�.v+�+�6+�)�a��KLLLMLCB��NLMLN�6`�b�`�6a6b6*�b6-�,v)�aK6+�)�a��KLLLCB��LM��L�͋6.va6`�6-6b6`�b�c�,H6,�b6a6b�a�M6.v+�+ʌ�v-�,v)�aK6+�)�a��KLM�LCB��LM��NMNK6.va6`�6-6b6`�b�c�,H�v-�,v)�aK6+�)�a��KLCB��LM��NN6.va6`�6-6b6`�b�c�,H�v-�,v)�aK6+�)�a��KLCB���LL͌̍��6a�*v,�*�*va6*H6)�*va6avb6a�+�*vbH6-�b6`�b6a6)�*�*H�6.v+�+�6+�)�a��KLLLMLCB���LL���L�6a�*v,�*�*va6*H6)�*va6avb6a�+�*vbH6-�b6`�b6a6)�*�*H�6.�,v)�aK6+�)�a��KLCB��LLLNMN�6a�*v,�*�*va6*H6`v,�*�*v`�6a6)�.6b�.6)�6)�b6a6`�*v,HL6-�,v)�aK6+�)�a��KL�LCB�����MLL�6`�b�`�6-v*vavb6a�6avb6a6*�b6.�,v)�aK6+�)�a��KLLLCB���LL͌��6a�*v,�*�*va6*H6*6b�-�6*6,vb�c�`��6.v+�+�6+�)�a��KLLLMLCB���LL̌NNK6a�*v,�*�*va6*H6*6b�-�6*6,vb�c�`���v.�,v)�aK6+�)�a��KLCB���LL�L��6a�*v,�*�*va6*H6*6b�-�6*6,vb�c�`��6.v+�+�6+�)�a��KLLLMLCB���LL̌�L��6a�*v,�*�*va6*H6*6b�-�6*6,vb�c�`��v.�,v)�aK6+�)�a��KLCB���LL͌̌�K6a�*v,�*�*va6*H6*�)�b6*v,H6*6,vb�c�`��6.v+�+�6+�)�a��KLLLMLCB���LL�L�6a�*v,�*�*va6*H6*�)�b6*v,H6*6,vb�c�`��6.�,v)�aK6+�)�a��KLCB���L�̍ML�6av.v*v*�*v,H6+6*vb6b6a�+�*v,v`vb6a�L6ava6+�)�a��KL�L�LCB�M�L���̌̋6-6*v,v*6*v*�6`�b6`�b6`�b6b�a�6-6b6-6*K6+�)�a��KL�LCB�M�L�����K6-6*v,v*6*v*�6`�b6`�b6`�b6b�a�6-6b6-6*H�L6ava6+�)�a��KL�LCB���M��M��K6*�)�b�*�6)�,vb�)�a6.�*v,�)�a6*vbH6)�b6*�b6av)�*�b�`�6`�)�,v*�b6a���v`�.�6+�)�a��KL͌CB���M��M��K6*�)�b�*�6)�,vb�)�a6.�*v,�)�a6*vbH6)�b6*�b6av)�*�b�`�6`�)�,v*�b6a���v`�.�6+�)�a��KL͌CB���M��M͍�6*�)�b�*�6)�,vb�)�a6.�*v,�)�a6*vbH6)�b6*�b6av)�*�b�`�6`�)�,v*�b6a���v`�.�6+�)�a��KL͌CB��LNM�L��L��6-6*v`�,vb6`�6*�)�b�)�-6avb�a6`�6`�b6b�`�6-�,v)�aK6+�)�a��KL�LCB��LL���LMN6*�b6*�6`�b�`�6)�b�*�bH�v-�,v)�aJ��6.v+�+�6+�)�a��KL�LCB��LL��L�M�K6*�b6*�6`�b�`�6)�b�*�bH�v-�,v)�aK6+�)�a��KLCB��N̍��L��6-6*v,v*6*v*�6*�b6,�6a6b6avb�a�bH�6.v+�+�6+�)�a��KLL�LM�LCB��N̍��NLK6-6*v,v*6*v*�6*�b6,�6a6b6avb�a�bH�6.v+�+�6+�)�a��KLL�LM�LCB����L���K6,�)�a�*�bH6,�a6b�*�bHͶ.v+�+�L6avaK6+�)�a��KL�L�LCB����L�N6,�)�a�*�bH6,�a6b�*�bH6.v+�+�L6avaK6+�)�a��KL�L�LCB���L�M�L�6av.v*v*�*v,H6+6a6`�6`�b6av`vb6,v*�K�6a6*�,K6+�)�a��KL�LCB���L�M�M�K6av.v*v*�*v,H6+6a6`�6`�b6av`vb6,v*�K�6a6*�,K6+�)�a��KL�LCB���L�M��LK6av.v*v*�*v,H6+6a6`�6`�b6av`vb6,v*�K�va6*�,K6+�)�a��KL�LCB���L�M��L�K6av.v*v*�*v,H6+6a6`�6`�b6av`vb6,v*�K�va6*�,K6+�)�a��KL�LCB��LL�MLMK6*�,�`�b�*�6-�b6b�c�,�6)�b6a6`�*v,H�6-�,v)�aK6+�)�a��KL�L�LCB�������N�6+�*v,vav)�a�6av)�*6b�a6av)�,v,�b�a6*�*vb6)�a6b�*�ML6ava6+�)�a��KL�L�LCB��LNM����6a�*v,�*�*va6*H6`v,�*�*v`�6a�`vb�,�*�6-�,v)�aK6+�)�a��KL�LCB�͌���L�MN6*�)�b6+�*v,H6*�b6,�6)�b6,vb�b6`�b�,�*Hv`�-�6+�)�a��KLL�LLCB�̌NLLMK6-6)�av*�b6bH6+6a6`�6)�b6avb��va6*�,K6+�)�a��KLLL�LCB��NMMLL�6-�b6`�a6b�*�6.6b�-�b6,�6*6a�+�*v`��6-�,v)�aK6+�)�a��KLM��CB�L�͌M͍K6*�,�`�b�*�6-�b6a6b6a�6,�b6,v*�b�+�b6av-6*v`�a�Nv-�,v)�aK6+�)�a��KL�L�LCB���L�NM6b6b�`v*v,H6av,�*�*v,H6-�b6`H�6.v+�+�6+�)�a��KL���CB��NNMMLM�6+�b6bvc�6a�*vb6,v*v,�6`�b�,�*HL6-�,v)�aK6+�)�a��KLLLCB���L���NK6av.v*v*�*v,H6+6*vb6`v)�b�a�L6ava6+�)�a��KL�L�LCB����L����6`�b�`�6,vb6`�,�bH�6.v+�+�6+�)�a��KL�L�LCB��LL���NL�6,vb�`�)�6)�)�av)�a�6-6b6`H�6-�,v)�aK6+�)�a��KL�LCB��LL���N�6,vb�`�)�6)�)�av)�a�6-6b6`H�6-�,v)�aK6+�)�a��KL�LCB��LL���M��6-6)�av*�b6bH6+6a6`�6-6b6`H�a6*�,K6+�)�a��KLLLMLCB��LL���M��6-6)�av*�b6bH6+6a6`�6-6b6`H�a6*�,K6+�)�a��KLLLMLCB��LML���LM6,�b�a�-�6`�b6*�)�`�b6a6`�b�,�*H�`�-�6+�)�a��KLM�LCB���L�LLL��L�6av.v*v*�*v,H6.v)�aH6a6*vavb�,�L6ava6+�)�a��KL���CB�ML��̌��̌LL�6a�b�.6-6`�bH6`v,�*�*v`�6.v*6b�+�6ava�)�6-6b6-6*H�6-�,v)�aK6+�)�a��KL�L�LCB��M̌M�LL�6av)�b�a�b6,�6)�)�a6*�b6a�6,�)��6-�,v)�aK6+�)�a��KL�LCB��M�L�LK6`�a6b�c�a�,�6*�*v,H6`�a6b�a�-�L6.v+�+�6+�)�a��KL�L�LCB��M�L�L�L6`�a6b�c�a�,�6*�*v,H6a�*v+�b6-6)�a�6)�b6a�a6*vaHL6.v+�+�6+�)�a��KLM��CB��MM̎L�̌K6+�*v,vav)�a�6+vav)�aH6*�b�a�b6,�6)�-va6bHva6*�,K6+�)�a��KLLLMLCB����MM�N��6-6)�av*�b6bH6+6a6`�6*6)�`H�L6-�,v)�aK6+�)�a��KLM��CB��L�M������6-6)�av*�b6bH6+6a6`�6*6)�`H�L6-�,v)�aK6+�)�a��KLM��CB����LM6`�)�a6`�6-�*vb6,v*H6-6*v`v)�`H6`vb6+�*�)�`��v.v+�+�6+�)�a��KL�L�LCB����LLLL��LL�6a�)�b�a6b6a�6av+6*vavb�+�*H6b�*va6*vbv`�-�J��6,�aK6+�)�a��KL���CB����LM�K6`�)�a6`�6a6)�`�b�-6*H6-�*vb6,v*H6-6`v)�`H�v.v+�+�6+�)�a��KL���CB��L�LLLNĽLM�6,�b�a�b�`�6`vb�`�bH6`vb6+�*�)�`�6a6b�`H6,�b�a6.6*v,H�)�b�a�+L6.v+�+�ĽLK6+�)�a��KL�L�LCB��L�LLLNLLLM��6*6)�+�bH6)�)�`v`�6`vb6+�*�)�`��)�b�a�+L6.v+�+�6+�)�a��KL�L̍LCB����LML�6*�,�`�b�*�6-�b6+�6*�)�b�aH6`�b6`�bH�6-�,v)�aJ��6.v+�+�6+�)�a��KL�L�LCB����LMLL6*�,�`�b�*�6-�b6+�6*�)�b�aH6`�b6`�bH�6-�,v)�aK6+�)�a��KLCB����LMLLNK6*�,�`�b�*�6-�b6+�6*�)�b�aH6`�b6`�bH�6-�,v)�aJ��6.v+�+�6+�)�a��KL�L�LCB����LMLL�6*�,�`�b�*�6-�b6+�6*�)�b�aH6`�b6`�bH�6-�,v)�aK6+�)�a��KLCB����LMLLNM�6*�,�`�b�*�6-�b6+�6*�)�b�aH6`�b6`�bH�6-�,v)�aJ��6.v+�+�6+�)�a��KL�L�LCB����LMLL��6*�,�`�b�*�6-�b6+�6*�)�b�aH6`�b6`�bH�6-�,v)�aK6+�)�a��KLCB��MM��LM6a�)�a�6-6)�b6,vav*H6*�b6,v*�b�c�a6)�L6.v+�+�6+�)�a��KLM��CB��L���͋6*�*va�b�,H6av-6*v`�a6b�a6b�,�N6-�,v)�aK6+�)�a��KL��L��LCB��LLL���K6a�*v,�*�*va6*H6-�b6`�b6*6,vb�`��6.v+�+�6+�)�a��KLLLMLCB��LLL����6a�*v,�*�*va6*H6-�b6`�b6*6,vb�`�6+�)�a��KLCB�L��L�L�LK6avb6*�*H6,�)�a�+�,v)�6avb�a�bH6`�b6a�6+�)�a��KLCB�L��L�L͎6avb6*�*H6,�)�a�+�,v)�6avb�a�bH6`�b6a�6+�)�a��KLCB�L��L�MNM�6avb6*�*H6,�)�a�+�,v)�6,�b6*6,v)�b�,�6+�)�a��KLCB�L��L�L��6avb6*�*H6,�)�a�+�,v)�6,�b6,v*6b�*�b6+�)�a��KLCB�L��L�M��6avb6*�*H6,�)�a�+�,v)�6,�b6,v*6b�*�b6+�)�a��KLCB�L��L�L�6avb6*�*H6,�)�a�+�,v)�6,�b6,v*6b�*�b6+�)�a��KLCB�L��L�LM�6avb6*�*H6,�)�a�+�,v)�6,�b6*6,v)�b�,�6+6b6`�a6)�*�6+�)�a��KLCB�L��L�ML6avb6*�*H6,�)�a�+�,v)�6`�)�a�+�bH6a�b6*�6+�)�a��KLCB�L�LL�M�K6avb6*�*H6,�)�a�+�,v)�6)�b�,�`�b�avbLL6ava6+�)�a��KLLLCB�L�LL�M�̋6avb6*�*H6,�)�a�+�,v)�6)�b�,�`�b�avbLL6ava6+�)�a��KLLLCB�L�LL�M�M�6avb6*�*H6,�)�a�+�,v)�6)�b�,�`�b�avbLL6ava6+�)�a��KLLLCB�L�LL�M�6avb6*�*vbH6,�)�a�+�,v)�6avb6avb�a�*�,�6`v,�*�*v`�6+�)�a��KLLLCB�L��L�M�K6avb6*�*vbH6`�)�a�+�bH6a�b6aH6,�)�a�+�,v)�6+�)�a��KLLLCB�L��L�L�6avb6*�*H6,�)�a�+�,v)�6`v,�*�*v`�6,�*vav)�.v*K6+�)�a��KLLLCB�L��L�M�NK6avb6*�*H6,�)�a�+�,v)�6avb6avb�a�*�,�6`�b6`�bH6)�b6,vb�b6+�)�a��KL�LCB�L��L�M���6avb6*�*H6,�)�a�+�,v)�6avb6avb�a�*�,�6`v,v)�b6a6*vb6`v,�*�*v`�6+�)�a��KL�LCB�L��L�M��6avb6*�*H6,�)�a�+�,v)�6avb6avb�a�*�,�6`v,�*�*v`�6+�)�a��KL�LCB�L��L�LL��6avb6*�*H6,�)�a�+�,v)�6,�b6*6,v)�b�,�6`v,v)�b6a6*K6+�)�a��KLCB�L�LL�M̌K6avb6*�*H6,�)�a�+�,v)�6-�b�a6)�,�6+�)�a��KLCB�L�LL�M��K6avb6*�*H6,�)�a�+�,v)�6,�b6*6*v,H6`v,v)�b6a6*K6+�)�a��KLCB�L��L�LML�6avb6*�*vbH6,�)�a�+�,v)�6.v)�b�a6bH6)�)�+�)�+6b�bL�6ava6+�)�a��KL�L�LCB�L��L�NM�6avb6*�*vbH6,�)�a�+�,v)�6.v)�b�a6bH6)�)�+�)�+6b�bL�6ava6+�)�a��KL�L�LCB�L��L�N�6avb6*�*vbH6,�)�a�+�,v)�6.v)�b�a6bH6)�)�+�)�+6b�bL�6ava6+�)�a��KL�L�LCB�L��L�L�͋6avb6*�*vbH6,�)�a�+�,v)�6.v)�b�a6bH6)�)�+�)�+6b�bL�6ava6+�)�a��KL�L�LCB�����M��N6,vb6a�bH6+�b6-6,�b�*�a6a6*�,K6+�)�a��KLL�LM�LCB����L�͍��6-6*v,v*6*v*�6,�*va�6)�b�+�`vb�`�bH6*�)�`�*v*�va6*�,K6+�)�a��KLNL��LCB��NL�͌��K6-�b6,v*vbH6+�b6a�+�)�,H6`�b6*�6+�)�a��KLM��CB��M̎LNL���K6`v,v-�*vbH6+�+�)�a�6-�b6,v)�a6`�)�a6`�6+�)�a��KL�LCB���L�LM̌L��6-6b�,H6,�.vb6+�bHL�vava
��6.v+�+�6+�)�a��KLLLMLCB���L�LM̍L�K6-6b�,H6,�.vb6+�bHL�vava
��6.v+�+�6+�)�a��KLLLMLCB���L�LM̌��K6-6b�,H6,�.vb6+�bHL�vava
��6.v+�+�6+�)�a��KLLLMLCB�L�MM�6`�b6a6*6b�,v-�6-6b6-6*H��6ava6+�)�a��KLLL�LCB�L�MM��6`�b6a6*6b�,v-�6-6b6-6*H��6ava6+�)�a��KLLL�LCB�L�MM��K6`�b6a6*6b�,v-�6-6b6-6*H��6ava6+�)�a��KLLL�LCB�L�MM�6`�b6a6*6b�,v-�6-6b6-6*H��6ava6+�)�a��KLLL�LCB��̎M��MLL6,�*�,v)�bH6*�,v-�6*�)�`v*�6-�*vb6,v*H�L6ava6+�)�a��KLLLCB��M�̌���M�6av*v`�b�a�*vbH6,v+�b�a�6,�`v,v`�,va�6.6-�,H�L��K6+�)�a��KLL��L�CB��L�M�NL��M��6-�b6,v*vbH6,6a�)�a�6*�*va�`�6+�)�a��KL�LCB��M�NM�N̍K6`�)�,�`�bH6+6-�)�,v*H6-6b6-6*H6+�b�)�avb6a�+�6+�)�a��KL�L�LCB��M͌��L�L��6`�)�,�`�bH6+6-�)�,v*H6-6b6-6*H6+�b�a6bH6-�a6)�,�L�6avaK6+�)�a��KL͌CB��M�L�M��6)�b6*�bH6+6a6`�6,v)�`H�6b6)�*���LLM�6+�)�a��KL�͌�CB��L�MM��L�NK6*6*v`�*v,v*J�avb�*�,H
�,�a�+6*v`�6`�)�a6`�6+�)�a��KL�LCB��L����̌��6av*v`�a6b6`�6`�*va6bH�+�*v,�`�6-�*vb6,v*K6+�)�a��KL�L�LCB��LL�̍�M��6`�*v-�`�6-�)�6`vb�,v,�)�+6bH�.v+�+�6+�)�a��KL�L�LCB���LL�L��K6*�*v*6a6bH6-�b6`�a6b�c�*�6-�b6a6+�6*6*v+�*v,�`��L6+�)�a��KL���LCB��M�LLML��K6`�)�,�)�a�`�6`�)�,v*v*6)�bH6)�)�a�b�a�-��a6*�,K6+�)�a��KL�M��CB���L�̍M�LLK6av.v*v*�*v,H6*6a�6*6)�a6`�)�a6`�6*�b6*�,K6+�)�a��KLLL�LCB��NNM�L���͋6,�av)�`�6)�a6-6)�`vbH6`�)�a6`�NL6-�,v)�aK6+�)�a��KLM��CB����MN���M6`�a6b6-�*vbH6)�b�,�*�,vaH6`v,v)�b6a6*H�6.v+�+�6+�)�a��KLLLCB����MN�����6`�a6b6-�*vbH6)�b�,�*�,vaH6-�b6b�c�,�6a�a�+��6.v+�+�6+�)�a��KLLLCB����͌M���6,�b�av*vbH6)�)�av)�a��.v+�+�6+�)�a��KL�LCB���M�M�NK6*�)�`�*v*�6-�)�*�av)�a�6`�b6`vbK6+�)�a��KLLLMLCB���M�M���6*�)�`�*v*�6-�)�*�av)�a�6`�b6`vbHL6.v+�+�6+�)�a��KLL�LL�LCB�͌��L�M��K6+6-�)�,v*vbH6av)�a6b�*6,vbL6.v+�+�6+�)�a��KL��L��LCB����LL͋6*�)�`�*v*�6`�)�*�*�a�6*6a6)�`�6+�)�a��KLM��CB����LM�6*�)�`�*v*�6`�)�*�*�a�6*6a6)�`�L6.v+�+�6+�)�a��KLM�LM�LCB�����̍�6*�)�`�*v*�6+�b6*6,v)�6,�b�a6.6*v,K6+�)�a��KL�LCB�����̍��K6*�)�`�*v*�6+�b6*6,v)�6,�b�a6.6*v,HL6.v+�+�6+�)�a��KL͌CB��LL͎���K6+v*v`v)�,�*vbH6avb6a6`vb�`�,��6.v+�+�6,v*v`�*vaHK6+�)�a��KL�LCB��LLLMLM6*6b�,�`�,vb�aH6)�b6a6`�*v,H6`�b�,�*H�6-�,v)�aK6+�)�a��KLLLMLCB��L��M�MN6)�b�a�,v,6bH6,�av)�,v*�6`v)�`vb6a���6ava6+�)�a��KLLL�LCB��LL��6*�,�`�b�*�6,�a6`�6`�,v)�`�,�6)�b�*�bHv-�,v)�aJ��v.v+�+�6+�)�a��KLLLCB��LL���M�6*�,�`�b�*�6,�a6`�6`�,v)�`�,�6)�b�*�bHv-�,v)�aK6+�)�a��KLCB��N��MM6`�b�`�6`�*v`�*vb6-�b6`H6`�b�*��6.v+�+�6+�)�a��KL�LCB��N��M�6`�b�`�6`�*v`�*vb6-�b6`H6`�b�*�6-�,v)�aK6+�)�a��KLCB�NM��6,�)�a�*�bH6)�b6a6b6*vb�,��6.v+�+�6+�)�a��KL�LCB����L�LL6`�b�`�6+�b6*6*vbH6`v,�*�*v`�6,vb6,�b6*6b�)�a�`�b�6.v+�+�6+�)�a��KLL�LM�LCB����L�LL�6`�b�`�6+�b6*6*vbH6`v,�*�*v`�6,vb6,�b6*6b�)�a�`�b6-�,v)�aK6+�)�a��KLCB���M�L̌�K6*�`v*v`�6-�*va�av*v-6)�avbH6a6b6`�,�6+�)�a��KLCB��N��M��K6`�b�`�6`�b6av*6b��6*�b6avb6,vb�6.v+�+�6+�)�a��KL��L��LCB��LL���K6*�b6*�6`�b�`�6)�b�*�bH�6.v+�+�6+�)�a��KL�LCB��LL��LL��L6*�b6*�6`�b�`�6)�b�*�bH�v-�,v)�aK6+�)�a��KLCB���N͌K6*�,�`�b�*�6b6b�`v*v,H6+�b�b�bL6-�,v)�aK6+�)�a��KLCB��N��M�N�6*�,�`�b�*�6b6b�`v*v,H6-�b6`v`�b�*�6*�,v`�bH�6.v+�+�6+�)�a��KLLLMLCB��LL�M�L�6-v)�*6b6a�6+�b6,vb6`va6b6b�,HML6-�,v)�aK6+�)�a��KL�L�LCB��L�ML���M��6`�b6*�6-�)�6a6)�.6*6*v+�*v,�`�6,�)�+�*H�.v+�+�6+�)�a��KL���CB��N���N6*�,�`�b�*�6b6b�`v*v,H6-�b6`v`�b�*�6*�,v`�bH�6-�,v)�aK6+�)�a��KLCB��N��M�M�6*�,�`�b�*�6b6b�`v*v,H6-�b6`v`�b�*�6*�,v`�bH�6.v+�+�6+�)�a��KLLLMLCB��N���M��6*�,�`�b�*�6b6b�`v*v,H6-�b6`v`�b�*�6*�,v`�bH�6-�,v)�aK6+�)�a��KLCB��N��M�NM6*�,�`�b�*�6b6b�`v*v,H6-�b6`v`�b�*�6*�,v`�bH�6.v+�+�6+�)�a��KLLLMLCB��N���NM�6*�,�`�b�*�6b6b�`v*v,H6-�b6`v`�b�*�6*�,v`�bH�6-�,v)�aK6+�)�a��KLCB��NM�LL�L�6+�*v,vav)�a�6+�)�,H6b6*�*v+�*�*H6a�)�b�+6b�a�b�`���va6*�,K6+�)�a��KLLLMLCB�LL��NNNK6-6)�av*�b6a�b�c�,v*6a6)�b�,�a�,�,�6ava6+�)�a��KL�LCB�LL��̌�6-6)�av*�b6a�b�c�,v*6a6)�b�,�a�,�,�6ava6+�)�a��KL�LCB�LL����L�6-6)�av*�b6a�b�c�,v*6a6)�b�,�a�,�,�6ava6+�)�a��KL�LCB�LL�����6avb6`�*vb�`H6a�b�c�,v*6a6)�b�,�a�,�,�6ava6+�)�a��KL�LCB�NM͎L�N6avb6`�*vb�`H6a�b�c�,v*6a6)�b�,�a�,�,�6ava6+�)�a��KL�LCB�NM��6avb6`�*vb�`H6a�b�c�,v*6a6)�b�,�a�,�,�6ava6+�)�a��KL�LCB�LL����6avb6`�*vb�`H6a�b�c�,v*6a6)�b�,�a�,�,�6ava6+�)�a��KL�LCB�͎LM�M��6*6,va�+6bH6+�*va�`�6+�,vbH6*6*v+�*�b�)�,vbH6`�-�6+�)�a��KL���CB���LNM��LK6)�b�a�,v,6bH6)�b�a6-�)�a�*�6`�b6+�bH��6ava6+�)�a��KL�LCB��M������6*6,va�+6,�b�c�,HL6.�,v)�aK6+�)�a��KLNL��LCB�����M���6,vb�`�)�6)�)�av)�a�6*�avb�,�ˍ�v`�-�6+�)�a��KLLL�LCB��M�M̍L�M�6-6)�b6,H6+6,�aH6*6b6+�6b6)�-6ava6+�)�a��KL��L��LCB��M�M̍L�6-6)�b6,H6+6,�aH6*6b6+�6b6)�-6ava6+�)�a��KL��L��LCB���LL���LL�K6-6)�av*�b6bH6+�`�*�b6,H6a6)�a�)�L6ava6+�)�a��KLLLMLCB���M�L��6-v)�*6b6a�6,�)�)�a6,vb6`�,�L6ava6+�)�a��KLM��CB���M�LNNNM6-v)�*6b6a�6,�)�)�a6,vb6`�,�L6ava6+�)�a��KLM��CB���M�L��6-v)�*6b6a�6,�)�)�a6,vb6`�,�L6ava6+�)�a��KLM��CB���M�L���6-v)�*6b6a�6,�)�)�a6,vb6`�,�L6ava6+�)�a��KLM��CB���M�LNNN�6-v)�*6b6a�6,�)�)�a6,vb6`�,�L6ava6+�)�a��KLM��CB���M�L�L�6-v)�*6b6a�6,�)�)�a6,vb6`�,�L6ava6+�)�a��KLM��CB���M�L�6-v)�*6b6a�6,�)�)�a6,vb6`�,�L6ava6+�)�a��KLM��CB����LMMLML���6-v)�*6b6a�6a6)�b�`H6*6b6bHLMv-�,v)�aJ�6.v+�+�6+�)�a��KL͌CB����LMMLML�NM�6-v)�*6b6a�6a6)�b�`H6*6b6bHLMv-�,v)�aJ�6.v+�+�6+�)�a��KL͌CB���L��LM�6+�*v,vav)�a�6a�*v,v-�b�a6*H6)�a6a�+�a6*K6+�)�a��KLLL�LCB���M�LMMM�6+�*v,vav)�a�6a�*v,v-�b�a6*H6)�a6`v)�+�,K6+�)�a��KLLL�LLM�LCB���M�LMMMM�6+�*v,vav)�a�6a�*v,v-�b�a6*H6)�a6`v)�+�,K6+�)�a��KLLL�LCB�L��L�M��K6avb6*�*vbH6+�b�a6b�,�b6`v,�*�*v`��6ava6+�)�a��KL�LCB�L��L�MM�6avb6*�*vbH6av)�+6,�*�b�`�6`�)�a6`�6+�)�a��KLCB�M��͌�K6+�b6bvc�6a�b�av)�a6)�b�)�6+�)�b�avb6a�+�L6-�,v)�aK6+�)�a��KL��L��LCB��L�K6`�b�a�+�*v,H6av)�`�,�6*�)�`�*v*���v.�,v)�aK6+�)�a��KL��L��LCB���L�K6`�b�a�+�*v,H6`�b6a�*�,vbH6*�)�`�*v*�v.v+�+ʌ�LK�v-�,v)�aK6+�)�a��KL�L�LCB��L���NL�L�6-�b�*�,�6`vb�a�-�*v,H6*6*v,v+�)�+�L6-�,v)�aK6+�)�a��KLLLMLCB��L���NL�NM�6-�b�*�,�6`vb�a�-�*v,H6*6*v,v+�)�+�L6-�,v)�aK6+�)�a��KLLLMLCB��L���NL�L��6-�b�*�,�6`vb�a�-�*v,H6*6*v,v+�)�+�L6-�,v)�aK6+�)�a��KLLLMLCB��L���NL�L�6-�b�*�,�6`vb�a�-�*v,H6*6*v,v+�)�+�L6-�,v)�aK6+�)�a��KLLLMLCB��M��MN6,�*6+�*vbH6)�a6,v+vav*H�6-�,v)�aK6+�)�a��KLLLCB����L�L��6*�,�`�b�*�6*�b�*�bH6*�b6,H6)�av)�,v)�*�L6-�,v)�aK6+�)�a��KL�LCB����M��͋6,�*vb�*�b6a�6)�a6,v+vav*H6-6b6-6*H�6-�,v)�aK6+�)�a��KLNL��LCB��L���6)�)�`H6a6b�avb6)�a6,v+vav*HL6ava6+�)�a��KL�L�LCB����MM����K6*�*va�b�,H6*�b�*�,�)��`�-�͌K6+�)�a��KL�LCB�L������MK6-v)�*6b6a�6,�)�)�a6av)�-�6b6)�-L6ava6+�)�a��KL�LCB�L����M�M�6-v)�*6b6a�6,�)�)�a6av)�-�6b6)�-L6ava6+�)�a��KL�LCB�L����MN6-v)�*6b6a�6,�)�)�a6av)�-�6b6)�-L6ava6+�)�a��KL�LCB�L����M��6-v)�*6b6a�6,�)�)�a6av)�-�6b6)�-L6ava6+�)�a��KL�LCB��M�L̍L̋6`�a6b�c�a�,�6*�*v,H6`�b6*�b6a�L�6.v+�+�6+�)�a��KL�LCB�L����LL6-6)�av*�b6+6a6bH6ava�+�)�a6av)�-�6b6)�-�6a6*�,K6+�)�a��KL�L�LCB�L����ML6-v)�*6b6a�6,�)�)�a6av)�-�6b6)�-��v`�-�6+�)�a��KL�L�LCB�L����MK6-v)�*6b6a�6,�)�)�a6av)�-�6b6)�-��v`�-�6+�)�a��KL�L�LCB�L����M��6-v)�*6b6a�6,�)�)�a6av)�-�6b6)�-��v`�-�6+�)�a��KL��L��LCB�L����M�6-v)�*6b6a�6,�)�)�a6av)�-�6b6)�-��v`�-�6+�)�a��KL�L�LCB��M�L̍LL�6`�a6b�c�a�,�6`�b6*�b6a�L6.v+�+�6+�)�a��KL�L�LCB��M�L̍LM�6`�a6b�c�a�,�6`�b6*�b6a��L6.v+�+�6+�)�a��KL�LCB���MM�����6`�a6b�c�a�,�6`�b6*�b6a�6.v+�+�6+�)�a��KLLLMLCB���MM��M�K6`�a6b�c�a�,�6`�b6*�b6a��6.v+�+�6+�)�a��KLLLMLCB��M�L̍LLNK6`�a6b�c�a�,�6av*v*�*6*v+�6`�b6*�b6a�L�.v+�+�6+�)�a��KL�L�LCB��M�L̍LK6`�a6b�c�a�,�6`�b6*�b6a�6+�)�a��KLLL�LCB�LMLLNM�K6*6a�)�,v)�*�6+�b6a6av*H6-�a6*6)�,v*H6`�)�a6`��v-�,v)�aK6+�)�a��KL�L�LCB����NM��N6*6a�)�,v)�*�6av-6*v`�a6-�a6*6)�,v*H6`�)�a6`��v-�,v)�aK6+�)�a��KL�L�LCB�����LM���L6*�)�b�*�6)�a6b6,�b�,H6.�6+�)�a��KL�LCB�N�6-6,vb�a�bH6*�,v)�*6)�a6ava6b6`�6`�)�a6`�6+�)�a��KLLLMLCB����L̎��K6av.v`�*v,vb6a�6,�)�,H6,�b6*�bH�6-�,v)�aK6+�)�a��KL�LCB�MLN��6*�b6`v-�)�bH6(�+vav+�6)�b�a�-�a6b�c�,�bH6-�,v)�aK6+�)�a��KLL�LM�LCB��LLNK6`�*vb�av)�+�6b�b6,v,�)�a�6`�)�a6`�N6-�,v)�aK6+�)�a��KL���CB��L͌�6*�*va�b�,H6a�)�b6)�)�b6b�b6,v,�)�a�6`�)�a6`��L6-�,v)�aK6+�)�a��KL��L��LCB��M��6`�,vb�aH6*�*v*6+�6b�b6,v,�)�a��6ava6+�)�a��KLLLMLCB������6,�`v,v*vbH6,�*v`v*v,vbH6ava6b�`�)�L6-�,v)�aK6+�)�a��KL�LCB��L�LLLNLLL��6,�b�a�b�`�6`vb�`�bH6a�)�bH6`vb6+�*�)�`��)�b�a�+L6.v+�+�LLL�6+�)�a��KL�L�LCB����ML�L�L6av.v+6b6a�6*�*vav)�*�*H6av`�+�,�6`�b6+�bH6-�,v)�aK6+�)�a��KLLLMLCB��LM��NN�M6*�,�`�b�*�6)�)�av)�+�*H6-�,v)�aJ�L�.v+�+�6+�)�a��KLLLMLCB��LM��NL��6b6b�`v*v,H6)�)�av)�+�*H6-�b6`�b6a6b6`HN6.�,v)�aJ��6.v+�+�6+�)�a��KLLLMLCB��LM��L���6b6b�`v*v,H6)�)�av)�+�*H6-�b6`�b6a6b6`HN6.�,v)�aK6+�)�a��KLCB��L�L��K6*�,�`�b�*�6a6b6.6b�*��6.v+�+�6+�)�a��KL�LCB��L�L�M6*�,�`�b�*�6a6b6.6b�*�6+�)�a��KLCB������6,�*vb�*�b6a�6,�*v,H6)�)�a6`�)�a�6-6b6-6*H�L6-�,v)�aK6+�)�a��KL�LCB���LNM��͋6-�b6`�a6b�*�6av,�*�*v,H6*6b�-�b6b�a�L6-�,v)�aK6+�)�a��KL�L�LCB��M��L�M�L6`�,vb�c�aH6*6a�+�*v`�6-�b6,vavb�`�,�6-6b6-6*H�6-�,v)�aK6+�)�a��KL�LCB���L�L�M�K6-�b6`�b6a6)�*�*H6`v,�*�*v`�6*�b�)�,va6`�b�,�*Hv`�-�6+�)�a��KLM�MLCB���L��MLM�L6-�b6`�a6b�c�*�6,vb6b�)�a6`�)�a6`��L6-�,v)�aK6+�)�a��KLM��CB��MM̎L�NLN6,�b6+�*H6)�,v)�,v)�*�6+�)�a��KLLLCB���L��M�M͍�6-6)�av*�b
�-6)�b6,H6+6,�aH6*6*vb�*6bH6,�b6`v*�6`�a6)�,�L�6ava6+�)�a��KL���CB���L��M�N��6-6)�av*�b
�-6)�b6,H6+6,�aH6*6*vb�*6bH6,�b6`v*�6`�a6)�,�L�6ava6+�)�a��KL���CB���L��M��M�6-6)�av*�b
�-6)�b6,H6+6,�aH6*6*vb�*6bH6,�b6`v*�6`�a6)�,�L�6ava6+�)�a��KL���CB���L�ML�̍�6,vb�`�)�6)�)�av)�a�6av,�*�*v,H6,�*�,vb6a�-�6*6*v+�)�+�N6ava6+�)�a��KL�LCB���L�ML�̌��6,vb�`�)�6)�)�av)�a�6av,�*�*v,H6,�*�,vb6a�-�6*6*v+�)�+�N6ava6+�)�a��KL�LCB���L�ML�̌�K6,vb�`�)�6)�)�av)�a�6av,�*�*v,H6,�*�,vb6a�-�6*6*v+�)�+�N6ava6+�)�a��KL�LCB���L�ML̍�K6`v)�-H6av,�*�*v,H6,�*�,vb6a�-�v`�-�6+�)�a��KLLLMLCB���L�ML�MM��6av.v*v*�*v,H6`�)�-6bH6av,�*�*v,H6,�*�,vb6a�-��6ava6+�)�a��KLNL��LCB���L�ML�M��6av.v*v*�*v,H6`�)�-6bH6av,�*�*v,H6,�*�,vb6a�-��6ava6+�)�a��KLNL��LCB�M�M��6-v)�*6b6a�6,�)�)�a6a�b�b6*�b�,�L6ava6+�)�a��KLLLMLCB�M�ML�K6-v)�*6b6a�6,�)�)�a6a�b�b6*�b�,�L6ava6+�)�a��KLLLMLCB�M�M�K6-v)�*6b6a�6,�)�)�a6a�b�b6*�b�,�L6ava6+�)�a��KLLLMLCB�M�M̋6-v)�*6b6a�6,�)�)�a6a�b�b6*�b�,�L6ava6+�)�a��KLLLMLCB�M�M�N6-v)�*6b6a�6,�)�)�a6a�b�b6*�b�,�L6ava6+�)�a��KLLLMLCB�͍MM͍�M�L�6,vb�`�)�6)�)�av)�a�6*�,vb�a6*�,K6+�)�a��KL͌CB�M�M͌6-v)�*6b6a�6,�)�)�a6a�b�b6*�b�,��6ava6+�)�a��KL�L�LCB�M�MM6-v)�*6b6a�6,�)�)�a6a�b�b6*�b�,��6ava6+�)�a��KL�L�LCB�M�ML�6-v)�*6b6a�6,�)�)�a6a�b�b6*�b�,��6ava6+�)�a��KL�L�LCB����LL�K6,�,v`�*H6`�*v,�b6b�a�6,�*�bH�6a6*�,K6+�)�a��KLLLMLCB��L�ML���6`v,vb�c�-6av-6*v`�a6-6b6-6*H�6ava6+�)�a��KLLLCB����NM�L�LK6`�a6b�c�a�,�6*�*v,H6`�)�-6bH6,�b�a6)�*�L6.v+�+�6+�)�a��KLLLMLCB�LLLK6`�b�`�6avb�a6`�)�6-�b6`�b6,�a�)�`��v-�,v)�aK6+�)�a��KLLLMLCB��M̍�͌�͍K6a6*v,�`�*vbH6*�)�a�L6+�)�a��KL�LCB��M̌NM6`�a�b6*H6avb6-�)�6av+vavb6+�6`�b6+�bH��6ava6+�)�a��KL�LCB��M̌NMM�6`�a�b6*H6a6)�*�bvc�6av+vavb6+�6`�b6+�bH��6ava6+�)�a��KL�LCB�M̌͌K6,�*�,v)�b�*�6a6b�avb6b6a�.va�)�.H6`�b6+�bHML6ava6+�)�a��KLCB�MMLM�6,vb6a�6)�)�`�,�b6*�*va�*v`�*HL6a6*�,K6+�)�a��KL�͌�CB����LLLNNN�͋6,�`v,v*vbH6,�*v`v*v,vbH6`vb6+�*6)�`�K�v`�-�6+�)�a��KLL�LM�LCB��L�LLLNLLL6,�b�a�b�`�6*6,va�+6`vb6+�*6)�`�v)�b�a�+L6.v+�+�6+�)�a��KL��L��LCB��L�LLLMM̌L6*6*v,v+�)�+��,�*v,v`�6,v*v-6`vb6+�*6)�`�L6ava�v.v+�+�6+�)�a��KL͌CB��L�LLLMM̌L�6*6*v,v+�)�+��,�*v,v`�6`vb6+�*6)�`�L6ava�v.v+�+�6+�)�a��KL͌CB��M��MNL6`v,v-�*vbH6+�+�)�a�6`�)�a6`�6+�avb�*�6*�,vb6`vb�-6a�)�a6+�)�a��KL�LCB����LLLNNM�͌�6,�`v,v*vbH6,�*v`v*v,vbH6b�*va6*vbL6-�,v)�aK6+�)�a��KLLLMLCB��M���6*6*v,v+�)�+�6,�*v`v*v,vbH6`vb6+�*6)�`�N6,�bv,�bHL6.v+�+�6+�)�a��KL�L�LCB��M�M�NML�6,vb�`�)�bH�T6)�)�av)�a�L6ava6+�)�a��KLM��CB��LNLL6-6)�av*�b6bH6+6a6`��T6+6a6b�`�)�a�va6*�,K6+�)�a��KL�L�LCB��M�̍�NL�LK6-v)�*6b6a�6,�)�)�a��va6*�,H�T6+�)�a��KLLLCB��M�̍�NLNK6-v)�*6b6a�6,�)�)�a��va6*�,H�T6+�)�a��KL͌CB��M�̍�NL�6-v)�*6b6a�6,�)�)�a��va6*�,H�T6+�)�a��KL͌CB���M�LMML�NK6av.v,�a6)�a6`v)�+�,H6,�b�*�aL6-�,v)�aK6+�)�a��KL�����CB�MMM�M̎M��6*�,�`�b�*�6)�)�,�b6,vb�+�6.v)�b�a6bH�6-�,v)�aK6+�)�a��KL�L�LCB�MMM�L����K6*�,�`�b�*�6`�,vb�aH6`�,v)�`�b�c�,v,�L�6-�,v)�aK6+�)�a��KLM��CB�MMM�M����L6*�,�`�b�*�6b�`�b�6.v+�+�6+�)�a��KLLLMLCB�MMM�M���̍�6*�,�`�b�*�6b�`�b6`�,vb�aH6,�*va�+�*vb6b�-�Ͷ-�,v)�aK6+�)�a��KLCB�MMM�MMMĽ6*�,�`�b�*�6+�b�a6b6`�,�6*�)�`�*v*�M�6-�,v)�aK6+�)�a��KLNL��LCB�MMM�L�N̌K6*�,�`�b�*�6+�b�a6b6`�,�6*�)�`�*v*�M�6-�,v)�aK6+�)�a��KLNL��LCB�MMM�L�NL̎6*�,�`�b�*�6+�b�a6b6`�,�6*�)�`�*v*�M�6-�,v)�aK6+�)�a��KLNL��LCB�L��M��6-6*v,v*6*v*�6)�b6`�bH6`v,vb�-�6ava6+�)�a��KLCB�L��M������6-6*v,v*6*v*�6)�b6`�bH6`v,vb�-�6ava6+�)�a��KLCB�M�̌�M����6*6a�)�,v)�*�bH6*�)�aH6b6*6)6a�bH6-�)�6av)�a�bHL6-�,v)�aK6+�)�a��KLM��CB�NN6*6a�)�,v)�*�6a�b�a6+�*va�`�6av)�a�bK6+�)�a��KLLL�LCB�������L6-v)�-H6`va6`va6+v)�,H6,�+v,H6-6b6-6*H�6-�,v)�aK6+�)�a��KLLLMLCB��LNM�M�L�6-6)�a�,�bH6a�b�a6`�6*6b6a�)�,v*��6-�,v)�aK6+�)�a��KLLLCB���L���̍�6avb�,va�+�)�6*6*�a�6ava6+�)�a��KLCB�͌L��NLK6-6)�av*�b6bH6a6b6,vb�)�a6)�*vb6,vb6*�bH6ava6+�)�a��KL���CB�͌L��NM6-6)�av*�b6bH6a6b6,vb�)�a6)�*vb6,vb6*�bH6ava6+�)�a��KL���CB�͌L�̌M��6-6)�av*�b6bH6a6b6,vb�)�a6)�*vb6,vb6*�bH6ava6+�)�a��KL���CB�͌L����M�6-6)�av*�b6bH6a6b6,vb�)�a6)�*vb6,vb6*�bH6ava6+�)�a��KL���CB�L�LLMLNL�K6`�b�*�6`�)�*�6a�*v,�*�*va6*H6*�)�`�*v*���6-�,v)�aK6+�)�a��KL�L�LCB�L��MNL�6`�)�b6*vbH6)�b�,�*�,vb�,�b6)�b�*�)�a6bHK��-�,v)�aJ�L6.v+�+�6+�)�a��KL�L�LCB�L��MNLK6`�)�b6*vbH6)�b�,�*�,vb�,�b6)�b�*�)�a6bHK��-�,v)�aJ�L6.v+�+�6+�)�a��KL�L�LCB�L��MNLM6`�)�b6*vbH6)�b�,�*�,vb�,�b6)�b�*�)�a6bHK��-�,v)�aJ�L6.v+�+�6+�)�a��KL�L�LCB�����M�LM�6av)�b�b6a�b�,�6.6b�a�,�b��6-�,v)�aK6+�)�a��KL�LCB��NNMMLL�K6,�*�)�`�b�c�*�bH6a�*vb6,v*v,�6-�,v)�aK6+�)�a��KL�L�LCB��MM�N�6,�*vb�*�b6a�6*�b�*�,�)�6)�)�+�)�6`�b6+�bH�6-�,v)�aK6+�)�a��KLLLLLCB����M�MM���6-6*v,v*6*v*�6a6)�`�bH6+6b6,�6*�)�`�*v*�L6ava6+�)�a��KLLL�LCB����M�MM����K6-6*v,v*6*v*�6a6)�`�bH6+6b6,�6*�)�`�*v*�L6ava6+�)�a��KLLL�LCB����M�MM��L�K6-6*v,v*6*v*�6a6)�`�bH6+6b6,�6*�)�`�*v*�L6ava6+�)�a��KLLL�LCB����M�MM����6-6*v,v*6*v*�6a6)�`�bH6+6b6,�6*�)�`�*v*�L6ava6+�)�a��KLLL�LCB����M�MM���K6-6*v,v*6*v*�6a6)�`�bH6+6b6,�6*�)�`�*v*�L6ava6+�)�a��KLLL�LCB����M�MM��M�6-6*v,v*6*v*�6a6)�`�bH6+6b6,�6*�)�`�*v*�L6ava6+�)�a��KLLL�LCB�LM���MK6-6*v,v*6*v*�6a6b6*�bH6`�b6+�bH��6ava6+�)�a��KL�LCB�LM��NL�6-6*v,v*6*v*�6a6b6*�bH6`�b6+�bH��6ava6+�)�a��KL�LCB�LM�L͌L�6-6*v,v*6*v*�6a6b6*�bH6`�b6+�bH��6ava6+�)�a��KL�LCB�LM�LMM�6-6*v,v*6*v*�6a6b6*�bH6`�b6+�bH��6ava6+�)�a��KL�LCB�LM���L�L��K6-�b6`�a6b�c�*�6*6,vb�*�)�a�bH6*6b6-�)�a�)�a�,�6`�b�,�*Hv`�-�6+�)�a��KLL��L�CB�LM���L�L��6-�b6`�a6b�c�*�6*6,vb�*�)�a�bH6*6b6-�)�a�)�a�,�6`�b�,�*Hv`�-�6+�)�a��KLL��L�CB�LM���L�NN6-�b6`�a6b�c�*�6*6,vb�*�)�a�bH6*6b6-�)�a�)�a�,�6`�)�a6`�v`�-�6+�)�a��KLMLMLCB����NM���6-�b6`�a6b�c�*�6*�)�+�b6.6)�6`�b�,�*H�6-�,v)�aK6+�)�a��KL�L�LCB����M͎6-�b6-6*�6,�b6b�)�6,vb6+�,�b�6-�,v)�aK6+�)�a��KL�LCB��L����NK6*�*v,vb6`��.v+�+�6ava6*vb6a�Z^ZK6+�)�a��KLLLMLCB��L��MM�N�6`v,v-�*vbH6+�+�)�a�6`�b6a6+6b�c�*�6`v+vaK6+�)�a��KLLLMLCB��M�̌L���6-6*v*6*v`�*vbH6avb�-6`�6`�b6,�NL��6+�)�a��KL�L�LCB��L��L�ML�K6*6*v,v+�)�+�6)�)�b6+�b�a6bH6,�b6-�)�6-6b6-6*H�.v+�+�6+�)�a��KL���CB�M����̍�MM�6*6*v,v+�)�+�6)�)�b6,�)�+�*H6,�b6a6)�.6-6b6-6*H�.v+�+�6+�)�a��KLM��CB����͌���6*6*v,v+�)�+�6)�)�b6a6b�)�6*�)�-6)�*6)�-�bH6-6b6-6*H�.v+�+�6+�)�a��KL�L�LCB��L�L�6)�*v,�`v*va�b�`�6`�)�a6*L6.�,v)�aHL�6+�)�a��KLLLMLCB��ML͌L�M��6`v,v-�*vbH6+�+�)�a�6`v+vaH6`�)�a6`�R��6+�)�a��KL�LCB��L�M�NL�N�K6+�*v.6*vavb6,�6av)�`�,��+�*v.6bHv.v+�+�6+�)�a��KLNL��LCB���L͌��M��6-�b6a6)�`H��6av)�,v`�b6bH6`�b6a6b�b�`�-6a��vava6+�)�a��KL�LCB��LM���L�K6,�*va6*vbH6-�b6`�a6b�*�6*6)�,vb6a�6-�b6a6+�6+�)�a��KLM�MLCB�M�LLMM�6.�,�b6a6+�*vaH6b6-�)�b6-�*vb6,H6*�*v-�6avbH6*�)�b�a6*va�+�bHL6ava6+�)�a��KL���CB��M̌��MLM�6+�)�,v`�bH6-6b�`H6-vb�a�bH6*�)�+�av*HL6.v+�+�6*6)�av*6b6+�)�a��KLM��CB��L�LNLL��6`�*v-�`�6+�)�,H6,�*va6)�*�*H6*�)�+�av*H�.v+�+�6+�)�a��KLLLMLCB��LLLLM6-�b6a6)�`H6)�*v.6b�a�*�b6,�6)�-va6bHL6ava6+�)�a��KL�M���CB��L��M�NL����6*6*v,v+�)�+�6)�)�b6b�-�b6*�)�-6)�*6)�-�bH6-6b6-6*H�.v+�+�L��̋6+�)�a��KLLLMLCB��L�M�LM��K6*6*v,v+�)�+�6)�)�b6,�b6a6)�.6,�)�+�*H6-6b6-6*H�.v+�+�6+�)�a��KL͌CB��LL��͍̌�6,�*vb�)�,v*vbH6`�)�+�b�a6)�`�6*�b�`�b6*�6*�,vb6`�6+�)�a��KL�LCB�NN��M�L��6*6b6`�bH6`�-�)�a��+v`v)�,�*J�av*vavb6`�bH6-6b�,K6+�)�a��KLM�LCB�NN���MK6,�*vb�)�,v*vbH6*�b6a6b�,�bH6`�b6a�*�,vb6a6+�)�a��KLLM�L�CB��M�M͎L���6b�)�,vbH6ava�+�)�a6)�a�6*�b�*�,�)��*�*v*6*v`�6*�)�+�av*K6+�)�a��KLLLCB��L��͍N��6`�)�.vb�+�*vbH6`�)�+�*H6-6`v)�`H�.v+�+�6+�)�a��KLM��CB��MLN��N��6,�b�a�b�`��*6)�+�bH6-�*v,v*v,�)�*�6*�)�+�av*H6)�)�,�b6,�L�.v+�+�6+�)�a��KLNM��CB�NN���L�̋6,�*vb�)�,v*vbH6,�b�*6)�`�6`�b6a�*�,vb6a6+�)�a��KLL͌MCB��MM̌M�M�LK6avb�-6`�6`�b6-6,vb�a�)�*�)�6`�)�,v*v*6)�bH͌6*�a6*K6+�)�a��KLN�NLCB��LLLK6-�b6a6)�`H6,�)�,v)�6)�b�,�*�)�a�bHL6ava6+�)�a��KL�LCB�NN����M�6b�)�,vbH6av*v`�b�a�*vbH6+6a6`�6ava�+�)�a6)�a�6+�)�a��KL�L�LCB�NN��MMMM6,�*vb�)�,v*vbH6`�b6a�*�,vb6a�U�6+�)�a��KL���CB��M�L���L��6,�b�,vb6aH6`�b�,v)�*�b�a�6*�b�c�,v`vb�`�*�6`�)�,HL�6ava6+�)�a��KLM��CB���LL�L�MLL�6-�b6a6)�`J�av.v*v*�*v,H6a�+�b�*H6b�bL6ava6+�)�a��KLL��L�CB���M̍�LM�6av.v*v*�*v,H6*6a�6*6)�a6-�)�b6*�b�,H�6ava6+�)�a��KL͌CB���M̍�LMM6av.v*v*�*v,H6*6a�6*6)�a6)�*v.6b�a�*�b6,��6ava6+�)�a��KL͌CB��MLN����LL�6,�b�a�b�`��*6)�+�bH6-�*v,v*v,�)�*�6*�)�+�av*HL�.v+�+�M6+�)�a��KLL͌MCB��NMMLL�K6-�b6`�a6b�*�6.6b�-�b6,�6-6b�,vbH�6-�,v)�aK6+�)�a��KLM��CB��M���LK6-�b�*�,�bH6avb�b6*H6a�*va�+6b�,H6`�b�,�*HL6-�,v)�aK6+�)�a��KLNM��CB�L��L�ML�K6avb6*�*vbH6,�)�a�+�,v)�6`�)�a6`�6+�)�a��KLCB�L��L�NM6avb6*�*vbH6,�)�a�+�,v)�6.6)�a�b�a6)�6b6-�b6`�b6a6)�*�*K6+�)�a��KLCB�L��L�L�L�6avb6*�*vbH6,�)�a�+�,v)�6-�b6b�c�,�6a�a�+�6b6-�b6`�b6a6)�*�*K6+�)�a��KLCB�L��L�NN6avb6*�*vbH6,�)�a�+�,v)�6-�b6`�b6a6)�*�*H6b6avb6,�6+�)�a��KLCB�L��L�L�NK6avb6*�*vbH6,�)�a�+�,v)�6,�b6*�b�,H6-�b6`�b6a6)�*�*K6+�)�a��KLCB�L��L�M͋6avb6*�*vbH6,�)�a�+�,v)�6,�b6*�b�,H6`�,vb�avbK6+�)�a��KLCB�L�LL�M�K6avb6*�*vbH6,�)�a�+�,v)�6*6b�,�`�b6b�*�6`v,�*�*v`�6+�)�a��KLLLCB��M���LL�6-�b�*�,�bH6avb�b6*H6*6)�avb�*H6`�b�,�*HL6-�,v)�aK6+�)�a��KLNM��CB��M���L�K6-�b�*�,�bH6avb�b6*H6`v,v)�b6a6*H6`�b�,�*HL6-�,v)�aK6+�)�a��KL�M���CB�L�LL�̍�6a6b6`�av*H6ava6*vb6a�6,vb6b�)�6,�b6b�*�6`�)�a6`�L6-�,v)�aK6+�)�a��KL�L�LCB����L�L�L�NK6-�b6-6*�6av)�,�bH6,�b�*�bH6,�*�)�,HML6-�,v)�aK6+�)�a��KL�LCB���������K6*�,�`�b�*�6*�b�*�bH6*�b6,H6)�)�+�,vb�a�L6-�,v)�aK6+�)�a��KL���CB�L�LL�̍͋6avb�a�bH6`�b�c�`�6*6*H6a6b6`�av*H6,vb6b�)�L6-�,v)�aK6+�)�a��KL͌CB����NMML�L�K6,�`v,v*vbH6,�*v`v*v,vbH6-�,v-�)�-6bHLL6-�,v)�aK6+�)�a��KLL�LM�LCB�N�͌NL�͋6-�b�*�,�6a6b6,vb�c�a�,�6*�b6avb�a6,��v-�,v)�aK6+�)�a��KL�L�LCB�͌��LNM�6*�)�b�*�̈6.�*v,�)�a6*vbH6)�b6*�b6av)�*�b�`��v`�-�6+�)�a��KLLLCB�͌��LNN�6*�)�b�*�̈6.�*v,�)�a6*vbH6.v)�+�bH�v`�-�6+�)�a��KL��L��LCB��L�N�͌��6av)�,�`�bH6-�b6a6+�6)�b6`�)�a6)�-vaL�6ava6+�)�a��KL�L�LCB�����NLM�L�6`v,v-�*vbH6+�+�)�a�6`�)�a6`��K6+�)�a��KL�LCB����̍���6)�)�*6-�a6av+vav+�6ava6b�`�)�6-6b6-6*H�6ava6+�)�a��KLLLMLCB��L��LL��K6`�b6a�`�)�a�6)�a6`v)�+�,vb6a�6)�a6,�a�*6bH6)�-va6+�)�a��KL�L�LCB��L�MNLLK6`�)�,v*�b�+�bH6a�b�a�b6`�6a�,vb6,H�.v+�+��LK6+�)�a��KLM��CB�ML���NK6,�*6,v)�b�*�6a6b�avb6a�.H6a�.H�L6ava6a6+�)�a��KLLLCB���M��MM���M�6a�,6b�,H6a�-6`�`�,vbH6-�b�)�bH6-6*v`�a6)�b6*HL6-�,v)�aK6+�)�a��KL͌CB��L��M̎NK6`�*v-�`��`v,v-�*vbH6`�b�`�6*�,vb6+�b6`�*�6+�)�a��KL�LCB�M��LLLL6`�)�a6*6bH6+6*vav*v+��6+�)�a�*vbH6+�)�a��KLLL�LCB��M��ML�L6`v,v-�*vbH6*�,v`�bHMv,�aHK6+�)�a��KLNL��LCB�L̋6,�b�*�a6`�,v-6b6*v,�*v*�6-�b6,�*va6*�a6)�,�*�b�`�6+�)�a��KL�LCB��L����MNM�K6`�b�.6)�,v`�6a�b�c�a�)�a�6`�b6+�bH�ML6-�,v)�aK6+�)�a��KL͌CB��M�L��M�M6)�)�,vbH6,�b6+�)�,vbH6,�b�,H6a�b�c�a�)�a�6`�b6+�bH�v-�,v)�aK6+�)�a��KL�L�LCB���N��NK6*�,�`�b�*�6-�,vb6a�)�6+6b�.M�-�,v)�aK6+�)�a��KLCB���N��NM�6*�,�`�b�*�6-�,vb6a�)�M�-�,v)�aK6+�)�a��KLCB�L�M�LN6,�*vb�*�6*6,va�+6)�a6+�)�a�va6*�,K6+�)�a��KL�L�LCB����MMM�NK6.v,v-H6+�)�-H6*6)�,�a6b�)�6-�,v)�a�+�6`vb6+�6`�b6+�bH�6-�,v)�aK6+�)�a��KLLLCB�L�LL�MM�6-v)�-H6*�b�*�,�)�6a�b�c�a�)�a�6-6b6-6*H͌6-�,v)�aK6+�)�a��KLNL��LCB���NNNLLĽK6*�,�`�b�*�6b6b�`v*v,H6`�)�+6bH�6.v+�+�6+�)�a��KLLL�LCB���NNNLNL�K6*�,�`�b�*�6b6b�`v*v,H6`�)�+6bH�v-�,v)�aK6+�)�a��KLCB���NNNLLMLL�6*�,�`�b�*�6b6b�`v*v,H6`�)�+6bH�v-�,v)�aK6+�)�a��KLCB���NNNLN�6*�,�`�b�*�6b6b�`v*v,H6`�)�+6bH�6.v+�+�6+�)�a��KLLL�LCB�LLMM�MM6+v*6*6,vb�`H6*�*vb6)�a6b�*�6.v+�+�6+�)�a��KL�L�LCB�LLN�K6+v*6*6,vb�`H6*�*vb6)�a6b�*�6.v+�+�6+�)�a��KLNL��LCB��LL͎LLL��6-6)�av*�b6bH6+6a6`�6*6b�a�-�b�a6*�,K6+�)�a��KL��L��LCB�����LM̍MK6,vb�`�)�6)�)�av)�a�6)�b�`�,�*�,v)�6,�*�,vb6a�-�6-�,v)�aK6+�)�a��KLM��CB�NNL�L͋6-6)�av*�b6bH6+6a6`�6)�,vb�)�a��v`�-�6+�)�a��KL�LCB��LM̍L�L�6+v*6*6,vb�`H6*�*vb6)�a6b�*�6-6b�a��.v+�+ʍL6-�,v)�aK6+�)�a��KL���CB���L�LL��6+v*v*6.�*v,�)�a6*vbH6)�)�av)�a�6`vb�a�b�-L6.v+�+ʍ�v-�,v)�aK6+�)�a��KLLLMLCB�LLMM�L�L�K6+�*v,vav)�a�6*�*vb6)�a6b�*�6a�)�,v*�b�`�6ava6+�)�,H�L6ava6+�)�a��KL���CB��NNMLM��K6+�*v,vav)�a�6*�*vb6)�a6b�*�6a�)�,v*�b�`�6ava6+�)�,H�L6ava6+�)�a��KL���CB�L��M�LM��K6,vb�`�)�6)�)�av)�a�6*�,vb�a6)�*va6av)�a�bH�a6*�,K6+�)�a��KL�L�LCB�L��M�L���6,vb�`�)�6)�)�av)�a�6*�,vb�a6)�*va6av)�a�bH�a6*�,K6+�)�a��KL�L�LCB�L��M�LM��6,vb�`�)�6)�)�av)�a�6*�,vb�a6)�*va6av)�a�bH�a6*�,K6+�)�a��KL�L�LCB��M�L�L���K6`va6)�`�,�bH6)�)�b6+�)�a��KL�L�LCB��M�M��LL��M�6+�*vav)�a�-�*vbH6)�)�bM�K6+�)�a��KL���CB����L�M�M�6`�a6b�a�,�6*�*v,H6,�a6b�*�bH6*�*vb6)�a6b�c�*�6b6`�b�*6b6,v+�L6.v+�+�6+�)�a��KL�LCB����L�M�ML�6`�a6b�a�,�6*�*v,H6,�a6b�*�bH6*�*vb6)�a6b�c�*�6b6`�b�*6b6,v+�L6.v+�+�6+�)�a��KL�LCB����L�L��L�6`�a6b�a�,�6*�*v,H6,�a6b�*�bH6*�*vb6)�a6b�c�*�6b6`�b�*6b6,v+�L6.v+�+�6+�)�a��KL�LCB����L�L���6`�a6b�a�,�6*�*v,H6,�a6b�*�bH6*�*vb6)�a6b�c�*�6b6`�b�*6b6,v+�L6.v+�+�6+�)�a��KL�LCB���L�6*�,v-6b6`�6a�)�,vb�a�H6`�-�b�a6b6+�)�a��KL�L�LCB���L�LLL6avb6*�*H6+�b6*6*vbH6av*v`�a�b6aHL6ava6+�)�a��KL���CB���L�L��6avb6*�*H6+�b�,�`�6av)�a�-�bL�6-�6+�)�a��KLLLMLCB���L�LN�6avb6*�*H6+�b�,�`�6-6b6`�b6a6)�*�6)�*va6-�b�+�)�L�6ava6+�)�a��KLLLMLCB��N�L�L��MK6avb6*�*vbH6a�b�*�,vb6-�b6a6`H6`�)�,v)�avb�a6ava6+�)�a��KL�LCB���LLM�M�6`va6`va6,�b6,H6.v)�`vb�*HML6-�,v)�aK6+�)�a��KL͌CB���LLM�ML��6+�b6bvc�6a�b�av)�a6)�b�)�6.v)�`vb�*H6-�,v)�aK6+�)�a��KL���CB���LLM�MLNK6,�*v,v-�b6*�*H6.v)�`vb�*HNv-�,v)�aK6+�)�a��KL���CB��MLL�N�6-�b6,v*vbH6,6a�)�a�6*�*va�`�6+�)�a��KL�LCB���LLLL��M�6a�*v,�*�*va6*vbH6+�b6,vav*H6)�)�,�)�a�6`�b�,�*H��6-�,v)�aK6+�)�a��KLLL�LCB�L�LL���K6a6b6`�av*H6av-6*v`�a6,vb6b�)�L6-�,v)�aK6+�)�a��KL͌CB��M��NLM�6+6b�a6bH6-�*v*�,H�6.v+�+�6+�)�a��KL�L�LCB��NNNNN�NK6avb�,6avb�,6b6`�6`vb�`�bH�6.v+�+�6+�)�a��KL�L�LCB��M��������6,v,6+�*vbH6a�b�,H6,�b�c�,HL6-�,v)�aK6+�)�a��KL�LCB��M�����L6,v,6+�*vbH6*6b6,vbH6+�)�,H6,�b�c�,HL6-�,v)�aK6+�)�a��KL�LCB��M������M�6,v,6+�*vbH6`�a6aH6,�b�c�,HL6-�,v)�aK6+�)�a��KL�LCB��M�������6,v,6+�*vbH6*6b6,vbH6+�)�,H6,�b�c�,HL6-�,v)�aK6+�)�a��KL�LCB��M������M�6,v,6+�*vbH6*6,v.�bH6,�b�c�,HL6-�,v)�aK6+�)�a��KL�LCB��M������6,v,6+�*vbH6*6b6,vbH6,�b�c�,HL6-�,v)�aK6+�)�a��KL�LCB��LL��M6+6*vbH6*6b�,�b�aH6)�b6a6`�*v,HL6-�,v)�aK6+�)�a��KL�LCB��LNMK6*�)�b�*��T6.�*v,�)�a6*vbH6.v)�+�bH6`�b�a6b6+�)�a��KLLLMLCB��LN6*�)�b�*��T6.�*v,�)�a6*vbH6.v)�+�bH6`�b�a6b6+�)�a��KLLLMLCB�̌����6-6b�,H6avb6,�6*6*�a6,vb6,�6+�)�a��KLCB��M����6a�*v,�*�*va6*H6`v,�*�*v`�6+�b6*6*vbH6+�b�)�avb6a�+��6-�,v)�aK6+�)�a��KL�LCB��M̎L�L�K6-�*va�av*v-6)�avbH6av)�,vb�a�)�6`�b6+�bH�v-�,v)�aK6+�)�a��KL�LCB�LLM��6*�b6`v-�)�bH6)�a6.v*�b6,H6-�b6a6+�6`�)�a6`��6-�,v)�aK6+�)�a��KLNL��LCB����L�M�LK6+v*v`v)�,�*vbH6,�a6b�*�bH�6.v+�+�6,v*v`�*vaH6+�)�a��KLLLMLCB��M�̍�NLML6-v)�*6b6a�6,�)�)�aL6ava�T6+�)�a��KLLLMLCB��M�̍�NLLL�6-v)�*6b6a�6,�)�)�aL6ava�T6+�)�a��KLLLMLCB��M�̍�NLL͋6-v)�*6b6a�6,�)�)�aL6ava�T6+�)�a��KLLLMLCB��M�̍�NLM�6-v)�*6b6a�6,�)�)�aL6ava�T6+�)�a��KLLLMLCB��M�M�NMLM6,vb�`�)�6)�)�av)�a�L6ava�T6+�)�a��KLM��CB��M�̍�NLL�K6-v)�*6b6a�6,�)�)�aL6ava�T6+�)�a��KLLLMLCB��M�̌��NL�6-�b6-6*�6av)�,�bHv)�*v,�*�b�c�,v*H6`�b6+�bHL�v.�,v)�aK6+�)�a��KL�L�LCB��M���L6-6b6,v*�6*�b�)�b6)�a�6,�*�,vb6a�-�6*6b6bH�.v+�+�L6+�)�a��KL�LCB���MM�N���K6avb6*�*H6,�*vav)�.v*K6+�)�a��KLLLCB����LLMNM�6-6b6,v*�6*�b�)�b6)�a�6av)�,v`�*H�.v+�+�6+�)�a��KLM͌NCB�L�L�̍K6*6,va�+6bH6b6*v,v+�*H6-6`v)�`H�v`�.�6+�)�a��KL�L�LCB��LL����MK6*�b6*�6`�b�`�6)�b�*�bH�v-�,v)�aJ��6.v+�+�6+�)�a��KL�LCB��LL��M����K6*�b6*�6`�b�`�6)�b�*�bH�v-�,v)�aK6+�)�a��KLCB��LM��LLM��K6*6,�`�b6b�*�6,�*va�+�*vb6b�-�6`vb6a6*�b6*��6.v+�+�6+�)�a��KL�L�LCB��LM��LL�K6*�,�`�b�*�6b6b�`v*v,H6-�b6b�c�,�6a�a�+�6*6b�`v)��6.v+�+�6+�)�a��KL�LCB��LM��L̋6*�,�`�b�*�6b6b�`v*v,H6-�b6b�c�,�6a�a�+�6*6b�`v)�Mv-�,v)�aK6+�)�a��KLCB��LM��LL�6*�,�`�b�*�6b6b�`v*v,H6a6b�avb6*6b�`v)��6.v+�+�6+�)�a��KL�LCB��LM��LK6*�,�`�b�*�6b6b�`v*v,H6a6b�avb6*6b�`v)�Mv-�,v)�aK6+�)�a��KLCB��LM��LLMK6*�,�`�b�*�6b6b�`v*v,H6*6a�+�*v`�6*6b�`v)��6.v+�+�6+�)�a��KL�LCB��LM��LN6*�,�`�b�*�6b6b�`v*v,H6*6a�+�*v`�6*6b�`v)�Mv-�,v)�aK6+�)�a��KLCB��LM��LLL�6*�,�`�b�*�6b6b�`v*v,H6`�)�`�)�b6*6b�`v)��6.v+�+�6+�)�a��KL�LCB��LM��LM�6*�,�`�b�*�6b6b�`v*v,H6`�)�`�)�b6*6b�`v)�Mv-�,v)�aK6+�)�a��KLCB��LM��LLNN6a�*v,�*�*va6*H6)�b�`v,�)�a�6*6b�`v)��6.v+�+�6+�)�a��KL�LCB��LM��LNN�6a�*v,�*�*va6*H6)�b�`v,�)�a�6*6b�`v)�6+�)�a��KLCB�L�LL�ML�K6avb6*�*vbH6avb6b6+�6,�)�+�b6b�-�6,�)�a�+�,v)�6+�)�a��KLLLCB�L�LL�MLL�6avb6*�*vbH6avb6b6+�6,�)�+�b6b�-�6,�)�a�+�,v)�6+�)�a��KLCB�L�LL�ML͋6avb6*�*vbH6avb6b6+�6,�)�+�b6b�-�6,�)�a�+�,v)�6+�)�a��KLCB�L��L�M�M�6avb6*�*vbH6,�)�a�+�,v)�6avb6avb�a�*�,�6+�)�a��KL�LCB�L��L�L�6avb6*�*H6avb6b6b6,�)�a�+�,v)�6+�)�a��KLCB�L�LL�M͌�6avb6*�*vbH6)�b�,�`�b�avb6,�)�a�+�,v)�6+�)�a��KLLLCB�L��L�M̍�6avb6*�*vbH6avb6avb�a�*�,�6,�)�a�+�,v)�6+�)�a��KL�LCB��MLM�L�̌�6*6*va6*vavbH6)�b�a�*�b�`�,�N�̓�6+�)�a��KL�M�CB��NL�͌���6-�b6,v*vbH6+�b6a�+�)�,H6b6*v,�*v*�6+�)�a��KLM��CB��M̌MLLL�6-�b6,v*vbH6*6)�av*6b6+�,vb�,6+�)�a��KL��L��LCB��M�M���6*�)�b�*�6,�b6,H6.�*v,�)�a6*vbH6.v)�+�bHv`�-�6+�)�a��KL���CB��MLM����6+v*vb6,�bH6ava�+�)�a6)�b�a�*�b�`�,��v,�aJ���,�aK6+�)�a��KLM��CB����ML�K6,�,v`�*vbH6`�,�b6b�a��a6*�,K6+�)�a��KLLLMLCB��LLLLLMLK6av)�,�`�bH6*�,v-�6a�)�b�,HL6ava6+�)�a��KL�LCB��LLLLLM�6av)�,�`�bH6*�,v-�6a�)�b�,HL6ava6+�)�a��KL�LCB����M���L�L6*�,�`�b�*�6b6b�`v*v,H6a6b�a�)�6b�a6bH�6.v+�+�6+�)�a��KL�LCB����M���L�L�K6*�,�`�b�*�6b6b�`v*v,H6a6b�a�)�6b�a6bH6-�6+�)�a��KLCB����M���L���6*�,�`�b�*�6b6b�`v*v,H6a6b�a�)�6b�a6bH�6.v+�+�6+�)�a��KL�LCB����M���L�K6*�,�`�b�*�6b6b�`v*v,H6a6b�a�)�6b�a6bH6-�,v)�aK6+�)�a��KLCB����M���L�M̋6*�,�`�b�*�6b6b�`v*v,H6a6b�a�)�6b�a6bH�6.v+�+�6+�)�a��KL�LCB����M���L�L�6*�,�`�b�*�6b6b�`v*v,H6a6b�a�)�6b�a6bH6-�,v)�aK6+�)�a��KLCB����M���LL�6*�,�`�b�*�6b6b�`v*v,H6a6b�a�)�6b�a6bH�6.v+�+�6+�)�a��KL�LCB����M���LLLK6*�,�`�b�*�6b6b�`v*v,H6a6b�a�)�6b�a6bH6-�,v)�aK6+�)�a��KLCB����M���L�M6*�,�`�b�*�6b6b�`v*v,H6a6b�a�)�6b�a6bH�6.v+�+�6+�)�a��KL�LCB����M���L�̋6*�,�`�b�*�6b6b�`v*v,H6a6b�a�)�6b�a6bH6-�,v)�aK6+�)�a��KLCB�N��L��LL̋6-6*v,v*6*v*�6`v,vb�b6*6*v,v+�)�+���6-�,v)�aK6+�)�a��KLLLCB����L�LL�K6-6*v,v*6*v*�6`v,vb�b6*6*v,v+�)�+���6-�,v)�aK6+�)�a��KLLLCB��M�MM��K6*�)�b�*�6,�b6,H6.�*v,�)�a6*vbH6)�b6*�b6av)�*�b�`��`�.�6+�)�a��KLLLCB��L���NL�LM�6-�b�*�,�6`vb�a�-�*v,H6*6*v,v+�)�+�L6-�,v)�aK6+�)�a��KLLLMLCB��L���NL�LK6-�b�*�,�6`vb�a�-�*v,H6*6*v,v+�)�+�L6-�,v)�aK6+�)�a��KLLLMLCB����NL�̌K6+v*v`v)�,�*vbH6`�b6a�`vbH6+�*v*6a6.v+�+�6,v*v`�*vaHK6+�)�a��KL͌CB����NL���6+v*v`v)�,�*vbH6`�b6a�`vbH6+�*v*6aͶ.v+�+�6,v*v`�*vaH�6+�)�a��KL�L�LCB��LL͎��K6+v*v`v)�,�*vbH6avb6a6`vb�`�,�M6.v+�+�6,v*v`�*vaH�6+�)�a��KL�L�LCB��LL͎�M6,�)�a�*�bH6avb6a6*�b�c�+�6a�b6,vav)�a6*�)�`�*v*�6.v+�+�6+�)�a��KL�LCB�����LM��N�6`v)�-H6)�a6b6,�b�,H̍vava6+�)�a��KL�LCB�L�MLL��L�6*6*v,v-�bH6)�)�av)�a�6-6b6-6*�a�6+6a6+�bK6+�)�a��KLLLMLCB��L�NNĽM�6b�)�,vbH6,�`�)�a�*vbH6,�*vb�)�,v*H6*�)�*�,vbK6+�)�a��KL͌CB��M���L�M�6`va6)�`�,�bH6)�)�bL6ava�M�6+�)�a��KL�L�LCB��LL���LK6,�*6b6`�bH6*�b�a6)�b6,�b�*�b�a6-6`v)�`H6ava6+�)�a��KL�LCB��M��LNM�M�6+�)�b6a6bH6+�*vaH6b6-�)�b�J��K6+�)�a��KLLLMLCB��M̍M�LM�K6`�)�a6*6bH6a�b�c�a6`�6-6*v+�`�,va�L�NK6+�)�a��KLM��CB��M̍M�MM�6,v*va�+�*vbH6,�*va�+6*v*6b�aM��6+�)�a��KLL�LM�LCB����M��LNM�6`�)�a6`�bH6`vb�`�bH6a�)�b6,�*va6)�+6*H6avb�+�b�*vaK6+�)�a��KLM��CB��NM�N�NM��6,v*v-6)�-6*vbH6,�*v,H6av*v+�,�*va6*Hv.v+�+�6+�)�a��KLLLMLCB�͌L���L��6avb6`�*vb�`H6)�b6a6*�,v)�6-�)�,va�b�,H͌6ava6+�)�a��KLLLCB��M�̍MLN�6-�*v+�av)�+�6*�,vb�av,�6`va6)�avbHLMK6+�)�a��KL���CB�L��K6.6)�,�*va6b�a�6`�)�a6`�6*6-�b6`�6*6,vb�*�)�a�bH�6ava6+�)�a��KL�L�LCB�L���M�M�6av.v*v*�*v,H6,vb�-�,�6*6,vb�*�)�a�bH�L6ava6+�)�a��KLLLCB�L���K6.�,v.�,v*vbH6+�*vaH6`�b6a6+6b�c�*��L6ava6+�)�a��KL�L�LCB�L���L��6av.v*v*�*v,H6,vb�-�,�6*6,vb�*�)�a�bH�L6ava6+�)�a��KLLLCB�L���NM�K6av.v*v*�*v,H6,vb�-�,�6*6,vb�*�)�a�bH�L6ava6+�)�a��KLLLCB��LL�LMLLK6.�,v.�,v*vbH6+�*vaH6a6b�,�*�b�c�,va��L6ava6+�)�a��KL�L�LCB�NLL�ML6av.v*v*�*v,H6a�b�.6b�)�6*6a�6*6)�a6)�a6av)�a�bHL6ava6+�)�a��KL�LCB�NLLN6av.v*v*�*v,H6a�b�.6b�)�6*6a�6*6)�a6)�a6av)�a�bHL6ava6+�)�a��KL�LCB�NLLMMK6av.v*v*�*v,H6a�b�.6b�)�6*6a�6*6)�a6)�a6av)�a�bHL6ava6+�)�a��KL�LCB���M̍�L�K6av.v*v*�*v,H6*6a�6*6)�a6a6)�`�b6,�*��6ava6+�)�a��KL͌CB���M̍�L�6av.v*v*�*v,H6*6a�6*6)�a6a6b�*6,vbH�6ava6+�)�a��KL͌CB���M̍�LLM�6av.v*v*�*v,H6*6a�6*6)�a6`vb�,v,�)�+6bH�6ava6+�)�a��KL͌CB���M̍�L6av.v*v*�*v,H6*6a�6*6)�a6a6)�`�b6,�*��6ava6+�)�a��KL͌CB���L��M�L�K6,�*6b6`�bH6*�,v+6-�)�,va�b�,K6+�)�a��KL�L�LCB�NLLL6av.v*v*�*v,H6a�b�.6b�)�6*6a�6*6)�a6)�a6av)�a�bHL6ava6+�)�a��KL�LCB�NLLL�6av.v*v*�*v,H6a�b�.6b�)�6*6a�6*6)�a6)�a6av)�a�bHL6ava6+�)�a��KL�LCB�͌L����K6avb6`�*vb�`H6a6b6,vb�)�a6av,�,vbH͌6ava6+�)�a��KLM��CB�͌L����K6-6)�av*�b6a6b6,vb�)�a6av,�,vbH6ava6+�)�a��KL͌CB�LL�M�NMM�6-6)�av*�b6bH6*�)�a�*�b�a�6)�a6av)�a�bH�6ava6+�)�a��KLLLCB�ML͎L��K6-6)�av*�b6a�b�+�6-6b6a6+�*v,H6*6,vb�*�)�a�bH6ava6+�)�a��KL�LCB�L��MLMK6.�,v.�,v*vbH6+�*vaH6`�b6a6+6b�*�L6ava6+�)�a��KL�LCB�L���6.�,v.�,v*vbH6+�*vaH6`�b6a6+6b�*�L6ava6+�)�a��KL�LCB�LL�NM�LK6a6*v,�`�*vbH6a6b6*�6*�*v-�6avbH�.v+�+�6+�)�a��KL���CB��M�����6-�*v`�b6bH6+�*v,�`�6+�)�,H6`�b�a�`vbK6+�)�a��KLM��CB��M�M��NNMK6`�a6b�c�a�,�6+va6)�`�*H6,v)�av)�a�MM�avaJ�M�vavaK6+�)�a��KLM��CB��M�L��M�L�6`�b6a6b6a�b�)�6,vb�+�6b6)�a�6ava6+�)�a��KL͌CB��M�L���L�6`�b6a6b6a�b�)�6,vb�+�6b6)�a�6ava6+�)�a��KL͌CB��M�L���L6`�b6a6b6a�b�)�6,vb�+�6b6)�a�6ava6+�)�a��KL͌CB����MNK6+6-�)�,v*vbH6av)�a6b�*6,vb6b6)�b�*�6+�)�a��KLL͌MCB��L�����M���6a6*v*�`�6avb�*6)�b6a6)�b�a�K6+�)�a��KLLL�LCB�LM�NNK6)�b�c�a�,v,6bH6,vb�c�+�*6b6a�L6ava6+�)�a��KL�L�LCB�M�����6-6)�av*�b6bH6,�*vb�)�,v*H6*�b6a6b�c�`�,�va6*�,K6+�)�a��KL�L�LCB�M����LK6+�*v,vav)�a�6av*v`�b�a�*vbH6,�*vb�)�,v*H6*�b6a6b�c�`�,�va6*�,K6+�)�a��KL�L�LCB����LNĽ6,�,v`�*vbH6,�b6,H6*6+6b6`�H6a6*�,K6+�)�a��KL�LCB��L��͍NM6`�)�.vb�+�*vbH6`�)�+�*H6-6`v)�`K6+�)�a��KLLL�LCB��MMLMMLMLL��6`�b6*�bH6-�)�6*6*v+�*v,�`�v.v+�+�6+�)�a��KLNL��LCB�LM��LLMNNL�6,�b�a�b�`��+�)�a�*vbH6,�*�b�+�6*�a6)�,�*�b�`�6,�*v`v*v,vbK6+�)�a��KLM��CB���MMMML���6,vb�`�)�6)�)�av)�a�6+�)�a�aHK�va6*�,J�)�b�,�`v*va�+6a�+�b�*K6+�)�a��KL�L�LCB���L��MK6+�*v,vav)�a�6a�*v,v-�b�a6*H6)�a6a�+�a6*K6+�)�a��KL�L�LCB����M��LMM�K6,�b�*�a6`�,v-6+�b6av)�a�6-�*vb6,v*K6+�)�a��KL�LCB��LLLLL�6-�b6a6)�`H6,�)�,v)�L6ava6+�)�a��KLLLCB��L�N��LL�K6-�b�,�`��*6b�,v`��`v,v-�*H6*�)�+�av*K6+�)�a��KL�LCB���MLNNM�LNL�K6av.v*v*�*v,H6+6*vb6*6+�b6,H6,vb6av)�a�,�b�*H6-�,v)�aK6+�)�a��KL�L�LCB���MNMNM�K6av.v*v*�*v,H6+6*vb6*6+�b6,H6a�b�*6*H6-�,v)�aK6+�)�a��KL�L�LCB���NNLMK6av.v*v*�*v,H6+6*vb6*6+�b6,H6,�a�b6,H6)�a6,vb�`H6-�,v)�aK6+�)�a��KL�L�LCB�����M͍�6av.v*v*�*v,H6+6*vb6*6+�b6,H6*6a�*�6)�a6*6a6+�6-�,v)�aK6+�)�a��KL�L�LCB���MLNNM�LN6av.v*v*�*v,H6+6*vb6*6+�b6,H6(�a�)�6)�a6)�*6b�,�6-�,v)�aK6+�)�a��KL�L�LCB��N�L�L��M�K6av.v*v*�*v,H6+6*vb6*6+�b6,H6av*6+�,v*H6-�,v)�aK6+�)�a��KL���CB��N�L�L��LL�6av.v*v*�*v,H6+6*vb6*6+�b6,H6)�a6-6,v`�b�*H6-�,v)�aK6+�)�a��KL���CB��N�L�L��MLK6av.v*v*�*v,H6+6*vb6*6+�b6,H6(�`v,v)�+H6-�,v)�aK6+�)�a��KL���CB��N�L�L��͍�K6av.v*v*�*v,H6+6*vb6*6+�b6,H6)�a6*�,v)�*6bH6-�,v)�aK6+�)�a��KL���CB��N�L�L��LL��6av.v*v*�*v,H6+6*vb6*6+�b6,H6)�a6a�+6av*H6-�,v)�aK6+�)�a��KL���CB��N�L�L��MMK6av.v*v*�*v,H6+6*vb6*6+�b6,H6a�b6,v*H6-�,v)�aK6+�)�a��KL���CB��N�L�L��͎6av.v*v*�*v,H6+6*vb6*6+�b6,H6a6b�a6*H6)�a6`�+�,H6-�,v)�aK6+�)�a��KL���CB��N�L�L��LLL6av.v*v*�*v,H6+6*vb6*6+�b6,H6)�a6av+6,v*H6-�,v)�aK6+�)�a��KL���CB��M�L͎LM���6`�*v`v-�b�,H6*�)�+�av*H6+�*v,�`�6+�)�,K6+�)�a��KL�LCB����͌M��L�K6+va6)�`�*vbH6+6a6`�6,�*va�`�b�)�a�L6.v+�+�6+�)�a��KL�L̍LCB��M���̍�6-�b�,�`��*6b�c�,v`�ЌM�6+�)�a��KLLLMLCB��M�����M�6+�b6a6`�bH6)�)�b�LM�L�6+�)�a��KL�LCB��M̍�N���6*�*v,vb6`�6*�)�+�av*Hv.v+�+�6ava6*vb6a�6+�)�a��KLLLMLCB�LL�M�K6av`�*v,��L�6+�)�a��KLLL�LCB��M�L�M�͍6av`�*v,���6+�)�a��KL�LCB��NLM��K6,�b�*�a
�`v,v-�*vbH6`�)�-6bH6+�,vb6+�,H6,�*�b�*�6+�)�a��KLMM�M�CB��M�ML�M�6+�*v,�`�b�-6)�)�av`�6*�b6*�6+�)�a��KL�LCB��L���͍�M̎K6+�*v,�`�b�-6+6)�+�b�.6b�,�,HL�K6+�)�a��KL͌CB��MM�NN��K6+�*v,�`�b�-6)�b�a�+6b�`�bL�.v+�+�6+�)�a��KLM�LCB��MM�NN��6+�*v,�`�b�-6)�b�a�+6b�`�b6+�)�a��KL�LCB����LNMK6+v)�`vb�,�*vbH6a�b�,�`��a�b6`�6a6b�`�,�)��L6ava6+�)�a��KL�L�LCB�MMLL�L�NK6)�b�a�,v,6bH6)�)�,�)�a�6avb�`�,��L6ava6+�)�a��KLLLCB�MMLL�L�N�6)�)�,�)�a�6a�*va�)�,H6`�b6+�bH�L6ava6+�)�a��KLLLCB���LNM�NL��K6-6b�,H6*6b�,�`�b6b�*�6avb�a6`�)�-6)�)�,�)�a��L6ava6+�)�a��KL�LCB���LNM�NL��6)�)�b�,�6`�b6`vbH6`�)�b6*H6)�)�,�)�a��L6ava6+�)�a��KL�LCB�ML�LL�6*�*va�b�,H6,�b6b6aH6*�b6*��6-�,v)�aK6+�)�a��KL��L��LCB�ML��K6*�*va�b�,H6,�b6b6aH6`�*v-6`�*v.6)�a6*6)�,�a�*vbH�6-�,v)�aK6+�)�a��KLLLCB��LL�LL�6+6a6)�)�,v`�b6,v+�b�a��6ava6+�)�a��KL�L�LCB��LL�N�K6`�*v`H6,v+�b�a�6-�b�*6,��6ava6+�)�a��KL�L�LCB��LL�L�6a�*v,�*�*va6*H6)�*va6*6*va�bH6)�b6a6`�*v,H�6.v+�+�6+�)�a��KLL�LM�LCB�����L�NLK6*6)�,�a6b�)�6)�a6,v+vav*H6`�b�,�*H6-�,v)�aK6+�)�a��KLLLMLCB����LN�LNL�6*�*va�b�,H6`�b�*6bHL6.�,v)�aK6+�)�a��KL�LCB����M����N��6`vb�a�-�*v,H6)�a6,v+vav*H6`�b�,�*H6-�,v)�aK6+�)�a��KLM��CB����NL�ML��6-6*v,v*6*v*�6*6)�+6b�`�)�6-6b6-6*K6+�)�a��KL�LCB����NL�ML��6-6*v,v*6*v*�6*6)�+6b�`�)�6-6b6-6*K6+�)�a��KL�LCB����NL�ML��6-6*v,v*6*v*�6*6)�+6b�`�)�6-6b6-6*H̌6ava6+�)�a��KL�LCB����NL�ML�LM�6-6*v,v*6*v*�6*6)�+6b�`�)�6-6b6-6*H̌6ava6+�)�a��KL�LCB����NL�ML�M6-6*v,v*6*v*�6*6)�+6b�`�)�6-6b6-6*K6+�)�a��KL�LCB�L͌�L�L��L�6av)�,�bH6)�,�b�b6bK6+�)�a��KL�L�LCB����M�L��K6-6b�,H6)�a6*6+v,H6`�b6+�bH�6-�,v)�aK6+�)�a��KL�LCB�M�L�L�LK6)�)�`H6a6b�avb6+�b�a6+�)�6-6b6-6*H�6-�,v)�aK6+�)�a��KL�LCB�M�L�L�LK6)�)�`H6a6b�avb6+�b�a6+�)�6-6b6-6*H�6-�,v)�aK6+�)�a��KL�LCB��LL���6,�*vb�*�b6a�6`�*6)�*6,�b�*6b�a6-6b6-6*H�L6-�,v)�aK6+�)�a��KL͌CB����L��M6,�)�a�*�bH6,�a6b�*�bH6av)�`�,��.v+�+�L6avaK6+�)�a��KL�L�LCB���L�L��M�6`�a�*�)�`�bH6av,vb�-6`�6,�a�b�b6,v*H6`�)�*�6-�6+�)�a��KL͌CB���L�L�6)�,�`�)�a6b6*6,�b�a�-�6av,vb�-6`�6,�a�b�b6,v*HL6-�6+�)�a��KLLLCB��LM�L���6-6b�,H6*6b�a�)�,HH6a6*�,K6+�)�a��KLM��CB��L�M�K6`vb6,v,��,vb�`�)�6a�b�,�6)�b6a6*�,v)��L6-�,v)�aK6+�)�a��KLLLMLCB��L�M͋6`vb6,v,��,vb�`�)�6a�b�,�6)�b6a6*�,v)��L6-�,v)�aK6+�)�a��KLLLMLCB��LL�M�6av.v*v*�*v,vbH6+6a6`�6a�b�,�K�va6*�,K6+�)�a��KL�L̍LCB��LL�K6av.v*v*�*v,vbH6+6a6`�6a�b�,�K�va6*�,K6+�)�a��KL�L̍LCB��LĽ�6av.v*v*�*v,vbH6+6a6`�6a�b�,�K�va6*�,K6+�)�a��KL�L̍LCB��LM��6+�*v,vav)�a�6+6b6`�*v,H6a�b�,�6*�)�b6*v,HL6ava6+�)�a��KL�L�LCB��Ľ���K6-v)�*6b6a�6,�)�)�a6a6b�`�,�bHL6ava6+�)�a��KLM��CB��Ľ��L�6-v)�*6b6a�6,�)�)�a6a6b�`�,�bHL6ava6+�)�a��KLM��CB��Ľ���6-v)�*6b6a�6,�)�)�a6a6b�`�,�bHL6ava6+�)�a��KLM��CB��L�M�6+�*v,vav)�a�6)�,�*�b�a6a�b�,�L6-�,v)�aK6+�)�a��KLLLMLCB��L��L6`v)�-H6a�b�,�6`�b�a6b6+�)�a��KL���CB��L��L�6-v)�*6b6a�6,�)�)�a6a�b�,��a6*�,K6+�)�a��KL��L��LCB��L���6-v)�*6b6a�6,�)�)�a6a�b�,��a6*�,K6+�)�a��KL͌CB��L�̌6-v)�*6b6a�6,�)�)�a6a�b�,��a6*�,K6+�)�a��KL͌CB��LK6av.v*v*�*v,H6+6a6`�6a�b�,��a6*�,K6+�)�a��KL�L�LCB��LL͌K6av.v*v*�*v,H6+6a6`�6a�b�,��a6*�,K6+�)�a��KL�L�LCB��L�MK6av.v*v*�*v,H6+6a6`�6a�b�,��a6*�,K6+�)�a��KL�L�LCB��L���K6-6)�av*�b6bH6+6a6`�6ava6*vb6a�6a�b�,��a6*�,K6+�)�a��KLLLCB��LL���LNNK6*�,�`�b�*�6a�b6a6)�6)�b�*�bHLM6-�,v)�aK6+�)�a��KL�LCB�LM�L�6)�b�c�a�,v,6bH6,vb�c�+�*6b6a6*6bvc�6-6*v`�,H�L6ava6+�)�a��KL��L��LCB�M�����6,vb�`�)�6)�)�av)�a�6*�b6a6b�c�`�,���L6.�,v)�aK6+�)�a��KL͌CB�M�������6,vb�`�)�6)�)�av)�a�6*�b6a6b�c�`�,���L6.�,v)�aK6+�)�a��KL͌CB��L�LL�NM�6+�*va�`�*H6*�b6`v`�6+�b�*�a6b�a�)�,���-�6+�)�a��KLCB�L����L�L�6-6)�av*�b6bH6+6a6`�6av)�-�6*6a6)�`��a6*�,K6+�)�a��KL�L�LCB����L�M�NLK6,�)�a�*�bH6,�a6b�*�bH6`�a6)�,�b�`�N6.v+�+�6+�)�a��KL��L��LCB��ML�MM�L�K6*�*v,vb6`�6,�*vb�)�,v*H6av)�b�`�,vb6`v)�b�*6,H6+�)�a��KL�LCB��M̎LNL��L�6`v,v-�*vbH6+�+�)�a�6-�b6,v)�a6`�)�a6`��vavaK6+�)�a��KL�LCB�ML�L�6*�*va�b�,H6,�b6b6aH6,vb�-6)�a6bH�6-�,v)�aK6+�)�a��KL��L��LCB��L�͍K6+�*v,vav)�a�6+�*v`�6a�b�,�6*6*v+�)�+��L6ava6+�)�a��KLNL��LCB��MM̎L�L�MLK6-6*v,v*6*v*�6av)�b�,���6ava6+�)�a��KLCB�����M6)�b�c�a�,v,6bH6*�a6a�-���6ava6+�)�a��KL�LCB���L��LN�6av.v*v*�*v,H6`�)�-6bH6`v)�b�a��6ava6+�)�a��KLM��CB���L���6-6)�b6,H6+6,�aH6`v)�b�a�L6ava6+�)�a��KL�L�LCB���L��K6-6)�b6,H6+6,�aH6`v)�b�a�L6ava6+�)�a��KL�L�LCB���L��L6-6)�b6,H6+6,�aH6`v)�b�a�L6ava6+�)�a��KL�L�LCB���L��M�K6-6)�b6,H6+6,�aH6`v)�b�a�L6ava6+�)�a��KL�L�LCB���L���6-6)�b6,H6+6,�aH6`v)�b�a�L6ava6+�)�a��KL�L�LCB���L��N6-6)�b6,H6+6,�aH6`v)�b�a�L6ava6+�)�a��KL�L�LCB���L���M͋6+�*v,vav)�a�6a6)�*6,v+�a�bH6*�*va6*H6b6-�*vb6,vbH6`v)�b�a��6ava6+�)�a��KL�L�LCB���M�LM�̋6*�)�b�*�6)�,vb�)�a6.�*v,�)�a6*vbH6)�b6*�b6av)�*�b�`�v`�-�6+�)�a��KLMM�M�CB���MM�L�LL6-6b�,H6a�b�+�b6,�*v,H6,�b6,H6-�,v)�aK6+�)�a��KL�L�LCB������̍K6`�b�`�6+�b6,va�)�6*6,vb�`�6`v)�,�*�6-�,v)�aK6+�)�a��KLCB�������̋6`�b�`�6+�b6,va�)�6*6,vb�`�6`v)�,�*�6-�,v)�aK6+�)�a��KLCB��LL�MNK6*�*va�b�,H6*�b�*�,�)�6)�b6a6`�*v,H6`�b�,�*HL6-�,v)�aK6+�)�a��KLM�LCB����NL�ML�M��6-6*v,v*6*v*�6*6)�+6b�`�)�6-6b6-6*H̌6ava6+�)�a��KL�LCB����NL�ML�L�K6-6*v,v*6*v*�6*6)�+6b�`�)�6-6b6-6*H̌6ava6+�)�a��KL�LCB����NL�ML�MMK6-6*v,v*6*v*�6*6)�+6b�`�)�6-6b6-6*H̌6ava6+�)�a��KL�LCB���M��6av)�,�*�6+6)�avb6,�6b�)�a6+6b�+�)�6,�b�*�aN6-�,v)�aK6+�)�a��KL�L�LCB�����M�6,vb�`�)�6)�)�av)�a�6*�)�+ˍ�v`�-�6+�)�a��KL�LCB�����M͍K6,vb�`�)�6)�)�av)�a�6*�)�+v`�-�6+�)�a��KLLL�LCB�����M͍L�6,vb�`�)�6)�)�av)�a�6*�)�+v`�-�6+�)�a��KLLL�LCB���L�LLN��6av.v*v*�*v,H6.v)�aH6*�b6b6,vbH�6ava6+�)�a��KLNL��LCB���L�LLN̎6av.v*v*�*v,H6.v)�aH6*�b6b6,vbH�6ava6+�)�a��KLNL��LCB��LN����6av.v*v*�*v,H6*6a6)�+�bHML6ava6+�)�a��KL�L�LCB��LL�ML�K6av.v*v*�*v,H6b�avb6-6a�ML6ava6+�)�a��KL�L�LCB�L�LL�M�MK6avb6*�*vbH6,�)�a�+�,v)�6`�)�a6`�6,�b6*6,v)�b�,�6+�)�a��KLCB�L�LL�M�6avb6*�*vbH6,�)�a�+�,v)�6`�)�a6`�6,�b6*6,v)�b�,�6+�)�a��KLCB�L��L�L�6avb6*�*vbH6,�)�a�+�,v)�6*6a6b6*6b�,vbK6+�)�a��KLCB�L��L�LL�6avb6*�*vbH6avb6+�6-6`�b6a6)�*�6,�)�a�+�,v)�6+�)�a��KLCB�L��L�N��6avb6*�*vbH6avb6avb�a�*�,�6,�)�a�+�,v)�6+�)�a��KL�LCB�����M�6`�b6a6b�-�*vbH6+�b6,vav)�6+6)�a6)�6`vb6+��6.v+�+�6+�)�a��KLLLCB�����M�M�6`�b6a6b�-�*vbH6+�b6,vav)�6+6)�a6)�6`vb6+�6-�,v)�aK6+�)�a��KLCB�����ML6*6,�`�b6b�*�6*�,vb�b6-�b6`�b�6.v+�+�6+�)�a��KLLLCB�����M͋6*6,�`�b6b�*�6*�,vb�b6-�b6`�bM�-�,v)�aK6+�)�a��KLCB��L����L�K6a6*v,�`�*vbH6*�-6*�6)�b�c�-6)�a�L6.v+�+�6+�)�a��KLM͌NCB���N��6*�,�`�b�*�6b6b�`v*v,H6a�*v.va�*v.H6+�b�b�b�6-�,v)�aJ��6.v+�+�6+�)�a��KLL�LM�LCB���N͎K6*�,�`�b�*�6b6b�`v*v,H6a�*v.va�*v.H6+�b�b�b�6-�,v)�aK6+�)�a��KLCB���NNK6*�,�`�b�*�6b6b�`v*v,H6.va6`�6*6b6*6bH6+�b�b�b�6-�,v)�aJ��6.v+�+�6+�)�a��KLL�LM�LCB���NM�6*�,�`�b�*�6b6b�`v*v,H6.va6`�6*6b6*6bH6+�b�b�b�6-�,v)�aK6+�)�a��KLCB���N�M6*�,�`�b�*�6b6b�`v*v,H6*�b�,v)�avb�,�b6*6-�6a6)�b�a��6-�,v)�aJ��6.v+�+�6+�)�a��KLL�LM�LCB���N͌L�6*�,�`�b�*�6b6b�`v*v,H6*�b�,v)�avb�,�b6*6-�6a6)�b�a��6-�,v)�aK6+�)�a��KLCB���N͎N6*�,�`�b�*�6b6b�`v*v,H6-�b6b�,�6a�a�+�6+�b�b�b�6-�,v)�aJ��6.v+�+�6+�)�a��KLL�LM�LCB���N͍�6*�,�`�b�*�6b6b�`v*v,H6-�b6b�,�6a�a�+�6+�b�b�b�6-�,v)�aK6+�)�a��KLCB��LM��LL��6*�,�`�b�*�6b6b�`v*v,H6*�)�,v-�b�*�6*6b�`v)��6.v+�+�6+�)�a��KL�LCB��LM��L�6*�,�`�b�*�6b6b�`v*v,H6*�)�,v-�b�*�6*6b�`v)��6-�6+�)�a��KLCB��NM�LM��NK6*6,�`�b6b�*�6*�)�,v*�b6a6)�*�6+�b6,H�6-�,v)�aJ��6.v+�+�6+�)�a��KLLL�LCB��NM�LM���6*6,�`�b6b�*�6*�)�,v*�b6a6)�*�6+�b6,H�6-�,v)�aK6+�)�a��KLCB��NM�LM�M�NK6`�b�`�6`�,vb6,�*�)�*�b�a�bH�6-�,v)�aJ��6.v+�+�6+�)�a��KLLL�LCB��NM�LM�M��6`�b�`�6`�,vb6,�*�)�*�b�a�bH�6-�,v)�aK6+�)�a��KLCB��NM�LLM̌��6`�b�`�6+�b6a�)�*�6.6)�a�b�a6)��6.v+�+�6+�)�a��KLLL�LCB��NM�LLM�L�6`�b�`�6+�b6a�)�*�6.6)�a�b�a6)�L6-�,v)�aK6+�)�a��KLCB��NM�LLM̌L�6`�b�`�6+�b6a�)�*�6`�)�`�)�b�6.v+�+�6+�)�a��KLLL�LCB��NM�LLM�LM6`�b�`�6+�b6a�)�*�6`�)�`�)�bL6-�,v)�aK6+�)�a��KLCB��NM�LLLMM�6`�b�`�6*6,vb6a�,�6-�b6`�b6a6)�*�*H�6.v+�+�6+�)�a��KLLL�LCB��NM�LLLM��6`�b�`�6*6,vb6a�,�6-�b6`�b6a6)�*�*H�6-�,v)�aK6+�)�a��KLCB��NM�LLL�6`�b�`�6+�b6a�)�*�6`�,vb�aH�6.v+�+�6+�)�a��KLLL�LCB��NM�LLL�N6`�b�`�6+�b6a�)�*�6`�,vb�aHL6-�,v)�aK6+�)�a��KLCB��NM�LM�͍6`�b�`�6*6a6b6a�+�b�,�6`�,v)�avb�a�6.v+�+�6+�)�a��KLLL�LCB�LM�6+6-�)�,v*vbH6+6b�-�)�,vb6a�6+�)�a��KLNL��LCB�LL�6+6-�)�,v*vbH6+6b�-�)�,vb6a�L6.v+�+�6+�)�a��KL���LCB���̌��M�6`v,v-�*vbH6+�+�)�a�6`�b6a�`�b6,v+�6av)�a6b�,�bK6+�)�a��KLLL�LCB��MM�L�M����6av)�b6,�bH6`�b6av*�b�b6*�*v,H6b6)�b�,va6b�,��6aK6+�)�a��KLM��CB��MMMML��̍�6av*v`�b�a�*vbH6,v+�b�a�6`�b�avbH�KT̌̋6+�)�a��KLLM�L�CB��L�LL̍�M�6a6)�b�*�6+�*v,�*�6-6+va�6,vb6b�a6)�a�-��L6+�)�a��KLM�MLCB��LM�NM�L�6a6)�b�*�6+6*va�*�*HSKQ͌K6+�)�a��KL�M�͌CB��M�̌�NM�K6av*v`�b�a�*vbH6,v+�b�a�6`v-�,H�LNM�6+�)�a��KL���LCB���LLL��͍�K6av.v*v*�*v,H6*6a�6*6)�a6*6+�b�.H6)�a6.vb6+�6a6)�*�)�`v)�6+�)�a��KL�L�LCB��M���L��K6b�)�,vbH6)�b6a�b6+�)�a��KL�LCB�NMNMLM�LK6`�b�*6a6-6+va�6)�)�b�`vb6a�vav*�,H6*�)�b�*�6+�)�a��KL�LCB��M̍M��L�L�6,�*�)�a�+�bH6avb6*6)�b�a6)�-va6bH�R��6+�)�a��KL�L�LCB�͌L����͎K6,�b�,vb6aH6*�,v-�6a6b6,vb�)�a6-6b6-6*HL6ava6+�)�a��KL�L�LCB�͌M�M���6av.v*v*�*v,H6*6a�6*6)�a6)�b�.6b�+�b�a�,�6-6b6-6*HL6ava6+�)�a��KL�L�LCB���M�L��6av.v*v*�*v,H6*6a�6*6)�a6-6b6-6*HL6ava6`�,vb�avbH�K6+�)�a��KL�L�LCB���M�L�NL�6av.v*v*�*v,H6*6a�6*6)�a6-6b6-6*HL6ava6`�,vb�avbH�K6+�)�a��KL�L�LCB��MNML�LNL�K6`�b�*6a6-6+va�6)�)�b�`vb6a�6avb6`�,�b6aHЎL6+�)�a��KLM��CB��MNML�LN�K6`�b�*6a6-6+va�6)�)�b�`vb6a�6avb6`�,�b6aHЎL�6+�)�a��KL�LCB��M������̋6`�b�*6a6-6+va�6avb6*6)�b�a6+6b6`�*v,H6)�)�a�,�*�bH�L�K6+�)�a��KLM��CB��L�LM�L��L6a�b�*�`vb6a�6`�b�*6a6b�,�b6a�6*�)�b�*6,�bH6+�)�a��KL�LCB��MNML�M�M�K6`�b�*6a6-6+va�6)�)�b�`vb6a�6avb6`�,�b6aHvaHЌ�K6+�)�a��KL�LCB��M͎���LL�K6)�*v+�)�*�*�*v,H6*6a6b6*�b6,�6,�*vb�)�,v*H6)�*va6b�,�b6a�LL͋6+�)�a��KL�LCB��MNML�L�M6,�*v,v`��`�b�*6a6avb6`�,�b6aH6*�)�b�*6,�bH�M�6+�)�a��KLM��CB��MNML�L��6,�*v,v`��`�b�*6a6avb6`�,�b6aH6-�)�a6)�`�,�bH�M�6+�)�a��KLM��CB��MNML�L��6,�*v,v`��`�b�*6a6avb6`�,�b6aH6)�)�b�`vb6a��M�6+�)�a��KLM��CB��M�����NK6,�*v,v`�*H6-6+va�6)�)�a�,�*�bHR�L��6+�)�a��KLLLMLCB��MNML�MLMK6,�*v,v`��`�b�*6a6)�)�b�`vb6a�6avb6`�,�b6aH�ML�6+�)�a��KLM�LCB��L�M���M��6*�)�b6*v,H6*6)�a�`�ZH6avb6*6)�b�a�PR6+�)�a��KLM��M�CB�NNM���LM��6av.v*v*�*v,H6*6a�6*6)�a6a�b�.6b�)�6)�a6av)�a�bHL6ava6+�)�a��KL�L�LCB�NNM���6av.v*v*�*v,H6*6a�6*6)�a6a�b�.6b�)�6)�a6av)�a�bHL6ava6+�)�a��KL�L�LCB�NNM����M6av.v*v*�*v,H6*6a�6*6)�a6a�b�.6b�)�6)�a6av)�a�bHL6ava6+�)�a��KL�L�LCB�NNM����L�6av.v*v*�*v,H6*6a�6*6)�a6a�b�.6b�)�6)�a6av)�a�bHL6ava6+�)�a��KL�L�LCB��L�͍�NM��6.v*vb�a�*v`�6av*va6*vb6)�a�bH6b6b�a�b�`vbK6+�)�a��KLLLMLCB����M�L��6a�b�*�`vb6a�6*6a6b6*�b6,�6,�*�b6+�b�b�6+�)�a��KLLM�L�CB��M�N�MM���6)�b�c�a�,v,6bH6,vb�+�*6b6a6*6bvc�6-6*v`�,H̍vava6+�)�a��KL�L�LCB������NM�6av)�a6b�*6,vb6-�b6a6+�L6.v+�+�6+�)�a��KL���CB����LLK6av)�a6b�*6,vb6,�b�a6.6*v,H6*6a6b6)�-va6bK6+�)�a��KLM�MLCB���NL��6+6-�)�,v*vbH6*�b6*�a�6av)�a6b�*6,vb�6.v+�+�6+�)�a��KL���CB��L�M�M��M͌6-6)�b6,H6+6,�aH6+�b6.6*6,vb�*�)�a�bHL6ava6+�)�a��KLLLMLCB��L�M�M�M�L6-6)�b6,H6+6,�aH6+�b6.6*6,vb�*�)�a�bHL6ava6+�)�a��KL�LCB��M�MNM��6-6)�b6,H6+6,�aH6a6a�)�av+�`�K�va6*�,K6+�)�a��KLM��CB��M�MNM�6-6)�b6,H6+6,�aH6a6a�)�av+�`�K�va6*�,K6+�)�a��KLM��CB��M�NL�N��M�6-6)�b6,H6+6,�aH6*�,vb6bH6`v,v)�-�6,v)�a�,�K�6a6*�,K6+�)�a��KL͌CB��M�NL�N���6-6)�b6,H6+6,�aH6*�,vb6bH6`v,v)�-�6,v)�a�,�K�6a6*�,K6+�)�a��KL͌CB�̌NM�6-6)�b6,H6+6,�aH6+�b6.6*6,vb�*�)�a�bH6ava6+�)�a��KLM��CB�̌NLM��M��6-6)�b6,H6+6,�aH6+�b6.6*6,vb�*�)�a�bH6ava6+�)�a��KLM��CB��M���M���6,�*vb�*�6ava�+�)�a6+6b6a�6,�b6a��6ava6+�)�a��KL�L�LCB��L�MM�L�NL�K6a�,v-�6a6)�*6b6*6b6+�)�a��KL�LCB�L�M�NL���K6+�*v.6*vavb6,�6+�b6`�*�b6,H�+�*v.�.v+�+�6+�)�a��KL�L�LCB���L̍�6*6a�)�,v)�*�6av,vb�-6`�6+�)�b�avb6a�+�M�6-�,v)�aK6+�)�a��KL�L�LCB��̍MM�M�N�6`�b6a6)�6b�)�*6)�a�bH6`�b6+�bH��6ava6+�)�a��KLLLCB��̍MM�M�NL6`�b6a6)�6b�)�*6)�a�bH6`�b6+�bH��6ava6+�)�a��KLLLCB�LLM�LL�K6*6,va�+6bH6+�)�b�*�6,vb6b�)�a6)�a6ava6`�bHL6-�,v)�aK6+�)�a��KL�LCB��NNM͎M�̌�6-6b6,v*�bH6ava�+�)�a6)�a��.v+�+�6ava6*vb6a��L6+�)�a��KL�L�LCB����M�NM6,�,v`�*vbH6,�b6,H6`�,�b6b�a��a6*�,K6+�)�a��KLLLMLCB�����M��L�6av.v+6b6a�6*�*vav)�*�*H6)�+�b6)�a�6`�b6+�bH6-�,v)�aK6+�)�a��KLLL�LCB���M̌M�L��6`�a6b�c�a�,�6,�b�a6)�b�*�6-�b6a6+�6+6*va�*�*H6.�,v)�aK6+�)�a��KLM��CB��L�M�L�K6`�a6b�c�a�,�6*�*v,H6,�b6a6)�̶.v+�+�6+�)�a��KL�LCB��M͍�NMLL̋6`�a6b�a�,�6*�*v,H6,�b6a6)�L�6.v+�+�6+�)�a��KL�LCB��L�L�͎M6`�a6b�a�,�6,�b�a6)�*�6-�b6a6+���v-�6+�)�a��KL�LCB���M�M�MN6`�a6b�a�,�6*�*v,vbH6*�b�a6)�b6,�b�a6)�*��v.v+�+�6+�)�a��KL�LCB���M�M�M̋6`�a6b�a�,�6*�*v,vbH6*�b�a6)�b6,�b�a6)�*��v.v+�+�6+�)�a��KL�LCB��MMMML�M�L�6av*v`�b�a�*vbH6,v+�b�a�6`�b�avbH�KLM�K6+�)�a��KLL��L�CB��MNLM���6-�b6,v*vbH6+6b�*6*v,H6*�,v`�bH6`�b6*�6+�)�a��KL�L�LCB��L����N̍�6-�b6+�`�bH6av*va6*vb6)�a�bH6-�*vb6,v*H6)�-va6+�)�a��KLL�LL�LCB���L�L�L�6`va6)�-6av+�)�,H6ava6+�)�a��KLLLMLCB����̌M�NK6-6)�av*�b6bH6+6a6`�6a6b�*6bH6a6b6`�,��a6*�,K6+�)�a��KL�LCB�����LL��M�6+�b�)�,v-6b6,H6*�`�6*6)�a�b6-6b6-6*H�L6.�,v)�aK6+�)�a��KLM��CB��Ľ��NM���6-�b6,v*vbH6av)�,v`�*K6+�)�a��KL�LCB�M�N�L�͍M�M�6-�b6,v*vbH6av)�,v`�*K6+�)�a��KL�LCB��M�������6-�b6,v*vbH6,6a�)�a�6*�*va�`�6+�)�a��KL�LCB��LL��LM̌�6-v)�*6b6a�6,�)�)�a6a�b6*6bH6ava6+�)�a��KLLL�LCB��LL��LLLK6-v)�*6b6a�6,�)�)�a6a�b6*6bH6ava6+�)�a��KLLL�LCB��LL��LL6-v)�*6b6a�6,�)�)�a6a�b6*6bH6ava6+�)�a��KLLL�LCB��L�L��M6av.v*v*�*v,H6+6*vb6)�b�.6aL�6ava6+�)�a��KLLLCB��L�L���6av.v*v*�*v,H6+6*vb6)�b�.6aL�6ava6+�)�a��KLLLCB��M�̌̍�M6+v*v*6+6a6`�6avb6,v*6b�)�6,�b�*�a�
�6+�)�a��KL�LCB��M�̌̍��6+v*v*6+6a6`�6,6b�+�b6,�b�*�a�
�6+�)�a��KL�LCB���LL��M���6-6*v`�,HH6`�b�a6b6)�)�`�,vbK6+�)�a��KL�LCB�MLNLL�L��6*6a�b�,H6*�b�*�,�)�6)�)�,v,�)�a�M��6.�,v)�aK6+�)�a��KL�L�LCB�M���NL�6+6*v,�b�6av-6`�6+�*v`v*�*v,vbK6+�)�a��KLLLCB��M̎�����K6+6*v+�av)�+�6)�*v*6a6+�)�a��KLCB��ML����K6+6*v+�av)�+�6`�b6,v+�,�*�)�a�6+�)�a��KLCB��M�L�L�MK6+6*v+�av)�+�6av)�,v`�*H6+6-�)�,v*K6+�)�a��KLLLCB��M�ML���K6+6*v+�av)�+�6-�b6a6+�6*6,vb�av,�6+�)�a��KLLLCB���L�͍̍�6*�*va�b�,H6av*v,v)�.vbH6av,�a6,�M�6.v+�+�6+�)�a��KL�L�LCB��N�L�M�K6av.v*v*�*v,H6a�)�b6,�*vb�)�,v*H6)�)�b�,H�ava6+�)�a��KL���CB�͌��L�͍LK6+6`�)�,v*vbH6av)�,v*6b6,vb6.v,v*v*6bH6,�b�a6.6*v,K6+�)�a��KLN�NLCB���MM�L�K6)�b6,�`�)�,H6*6*va�b�-6*�6a�*v.va�*HL6.v+�+�6+�)�a��KLM��CB���MM�L�̋6)�b6,�`�)�,H6*6*va�b�-6*�6a�*v.va�*K6+�)�a��KL�L�LCB��NM�M��̌K6*�)�`�b�*�6a�)�av*HL6.v+�+�M���LM6avaK6+�)�a��KLM��CB���M�M�M��6+v*v`v)�,�*vbH6*�)�av*�b�,v,�M6.v+�+�6,v*v`�*vaH6+�)�a��KLM��M�CB���M�M�M�L�6+v*v`v)�,�*vbH6*�)�av*�b�,v,��.v+�+�6,v*v`�*vaHK6+�)�a��KLM��M�CB���M�M�N͋6+v*v`v)�,�*vbH6*�)�av*�b�,v,�Ͷ.v+�+�6,v*v`�*vaH�6+�)�a��KLM��M�CB���M�N���6+v*v`v)�,�*vbH6*�)�av*�b�,v,�6-6b6,v*�̶.v+�+�6,v*v`�*vaH�6+�)�a��KLM��M�CB�MM��L̋6,�)�a�*�bH6)�b6a6b6*vb�,�6av)�`�,�6.v+�+�6+�)�a��KL�L�LCB��M��L�L�6b6b�`v*v,H6av,�*�*v,H6*6)�b�*�6`v,�*�*v`��6.v+�+�6+�)�a��KLLLMLCB��M��L�LNN6b6b�`v*v,H6av,�*�*v,H6*6)�b�*�6`v,�*�*v`���-�,v)�aK6+�)�a��KLCB�L�N��M�6+�*v.6*vavb6,�6+�b6,v`�b�+�*v.6bH�.v+�+�6+�)�a��KL͌CB����MN6b6b�`v*v,H6,vb6a6+6-�)�,v*H�6-�,v)�aK6+�)�a��KLCB�L�N���6+�*v.6*vavb6,�6+�b6,v`�b�+�*v.6bHv.v+�+�6+�)�a��KLLL�LCB����������6-v)�-H6*�*vav)�*�*H6+�a6b6,�*H6,�b�*�a�6-�,v)�aK6+�)�a��KLL͌MCB��������L��6-v)�-H6av)�b�b6a�,�6+�a6b6,�*H6,�b�*�a�6-�,v)�aK6+�)�a��KLL͌MCB�����6+�b6-6)�b6bH6+�b6,vav)�6ava6b�`�)�6-�,v)�aK6+�)�a��KLLLMLCB����̍���6*�,v-6b6`�6-6)�,va�L6-�,v)�aK6+�)�a��KL�L�LCB����̍�6*�,v-6b6`�6-6)�,va�L6-�,v)�aK6+�)�a��KL�L�LCB���M�M�6*�,v-6b6`�6-6)�,va�L6-�,v)�aK6+�)�a��KL�L�LCB����LNMM�M6`�b6,vavbH6,�*6,�bH6+�a6,�)�a��L6-�,v)�aK6+�)�a��KL�L�LCB�LLL����L�6`v)�a�*�)�6*6,vb�*�)�a�bH6`�b6+�bH��6ava6+�)�a��KLLLMLCB���L�LM�LLK6,�b�c�.6a�6)�*v*�6*6,vb�*�)�a�bH6`�b6+�bH��6ava6+�)�a��KLLLMLCB��M�M��LK6,�b6+�*vbH6*�,vb�,H6*6,vb�*�)�a�bH��6ava6+�)�a��KLM��CB�MNMM�̌6-�b�*�,�6-�b�`�6-�b�c�a6)�b�*�)�a6bHL6-�,v)�aK6+�)�a��KL�L�LCB�MNMM���6-�b�*�,�6-�b�`�6-�b�c�a6)�b�*�)�a6bHL6-�,v)�aK6+�)�a��KL�L�LCB�MNMM�͎6-�b�*�,�6-�b�`�6-�b�c�a6)�b�*�)�a6bHL6-�,v)�aK6+�)�a��KL�L�LCB�L��MNN6)�*va�+�b6avbH6*6b6a6+�)�`�6`�b6,vbHH6.v+�+�6+�)�a��KL�LCB�M��MK6,v,6+�*vbH6*�)�,�*�)�6,vb�-�b�)�6)�b�*�)�a6bHL6-�,v)�aK6+�)�a��KL͌CB�M��ML�6,v,6+�*vbH6*�)�,�*�)�6,vb�-�b�)�6)�b�*�)�a6bHL6-�,v)�aK6+�)�a��KL͌CB�M�L�6,v,6+�*vbH6*�)�,�*�)�6,vb�-�b�)�6)�b�*�)�a6bHL6-�,v)�aK6+�)�a��KL͌CB������M�MM�6-6*v,v*6*v*�6a�)�+�,H6-6b6-6*H�L6ava6+�)�a��KLLLCB������M�M�K6-6*v,v*6*v*�6a�)�+�,H6-6b6-6*H�L6ava6+�)�a��KLLLCB��ML���M�6)�b�c�a�,v,6bH�Mvava�K6+�)�a��KLLLCB����͍���M�6)�b�c�a�,v,6bH6+�,vb�a�`�6*6a6)�`�6*�)�a�,�b�c�,HNvava6+�)�a��KLCB�ML���L��6,�*�,v)�b�*�6`�b6+�bHNvava6+�)�a��KLCB�M�L��6*�*v+vb�a�)�6`�*v*�,v)�6*6-�b6`�6+�)�a��KL�L�LCB����M͎̍M�6+�b6bH6.�)�,�bH6avb�a�a�6-6b6-6*H�L6ava6+�)�a��KLLLCB��L���6+�*v,vav)�a�6+6b6`�*v,H6a�b�c�,�6*�)�b6*v,HL6ava6+�)�a��KL�L�LCB��LM��K6+�*v,vav)�a�bH6+�*v`�6a�b�c�,�6*�)�b6*v,H�L6ava6+�)�a��KLL�LM�LCB��L���6-v)�*6b6a�6,�)�)�a6a�b�c�,�6ava6+�)�a��KL�LCB��L�6-v)�*6b6a�6,�)�)�a6a�b�c�,�6ava6+�)�a��KL�LCB��L��6-v)�*6b6a�6,�)�)�a6a�b�c�,�6ava6+�)�a��KL�LCB�LL���M��6-6)�av*�b6)�)�,vb�)�a6+6a6`�6,�.vb6+�bHˌ�`�b�a6b6+�)�a��KLLLLLCB�M��̌MML�LK6`v)�-H6av)�-�6b6)�-6a6*�,K6+�)�a��KLM��CB����̎��M�6-6b�,H6avb6,�6`�)�a6*H6*�)�`�*v*�L6ava6+�)�a��KLM��CB����̎��M��K6-6b�,H6-�b6`�b6a6)�*�*H6`�)�a6*H6*�)�`�*v*�L6ava6+�)�a��KLM��CB����̎��M�M�6-6b�,H6`�)�a6*HL6ava6+�)�a��KLL�LM�LCB�L�LNM�L�6-�b6a6)�`H6*6b6a�6*6b6a�,�6av)�a6b�,�bHL6ava6+�)�a��KL��L��LCB��L��M�L6)�)�b6bH6-6b�a6.�*vaH6-6b6-6*H�L6ava6+�)�a��KL�L̍LCB��L��M�6)�)�b6bH6-6b�a6.�*vaH6-6b6-6*H�L6ava6+�)�a��KL�L̍LCB��M̎NN�̌K6+6b�a6bH6a�*vav*6*v,v-�,H6*6b�-�6-6b6-�*v,H�6-�,v)�aK6+�)�a��KL��L��LCB��L���L��M͋6-6*v`�,vb6`��,�*vb�)�,v*H6ava�+�)�a6-�b�a�bHL6-�,v)�aK6+�)�a��KL�L�LCB��L���L��N�6-6*v`�,vb6`��*�b�)�a�b6bH6ava�+�)�a6-�b�a�bK6+�)�a��KL͌CB��M�MLM�6-6*v`�,vb6`�6b6,vb6*6b6*�6-�,v)�aK6+�)�a��KLM��CB��LL͌���K6`�a6b�c�a�,�6*�*vb6)�a6b�c�*�6`v)�avb�a6bH6*�a6*v,��6.v+�+�6+�)�a��KLL�LL�LCB��LL͌�MM�6`�a6b�c�a�,�6`v)�avb�a6bH6+�)�a��KL�L�LCB��LL��M�M�M�6av)�,�*�)�b6+�b�,v)�*�6)�,v*6b�a6)��6.�6+�)�a��KLLLCB��MM̎L�L�K6*�`v*v`�6a6b�a�)�M�6-�,v)�aK6+�)�a��KL�LCB�LM��K6)�b�c�a�,v,6bH6,vb�c�+�*6b6a6*�,v`�bH�L6ava6+�)�a��KLM��CB������M�LK6*�`v*v`�6a�bH6a�bH6-�*va�av*v-6)�avbHM�6.�,v)�aK6+�)�a��KLLLCB�����LM��͋6*�`v*v`�6a�bH6a�bH6`v)�avb�a6bHM�6.�,v)�aK6+�)�a��KLLLCB������L�L6)�)�`H6a6b�avb6+�b�a6+�)�a�N6-�,v)�aK6+�)�a��KL�L�LCB����N�LL̋6+6b�a6,v+�b�a�6+6b�c�a6b�*�6)�a6av)�a�bH�6ava6+�)�a��KLLLCB����NL�ML�L6-6*v,v*6*v*�6*6)�+6b�`�)�6-6b6-6*H̌6ava6+�)�a��KL�LCB���LL�M�M�6*6b�,�`�b6b�*�6*�b�`v)�a�bH6.v)�b�a6bHL6.v+�+ʌL6`�-�6+�)�a��KL��L��LCB�M�����6avb6*�*vbH6)�)�b�,�6`�b�a�-�6`�)�a6`�6+�)�a��KLCB����LLM�6a�*v,�*�*va6*H6,�*v,v`�b�`�6`vb�,�b�b6a��6-�,v)�aK6+�)�a��KLL�LM�LCB����LL�K6a�*v,�*�*va6*H6,�*v,v`�b�`�6`vb�,�b�b6a��6-�,v)�aK6+�)�a��KLL�LM�LCB��MN�L���K6av)�+6bH6+�,�,vb6)�*�6`�b�a�*�v`�-�6+�)�a��KLLL�LCB��LL�M�6`�,vb�avbH6,�*v,H6`�b�`�6av)�bH6+�*vbH�L6-�,v)�aK6+�)�a��KL�L�LCB��MN�ML��K6-v)�-H6,�*v,H6`�b�`�6`�b�a�*��6-�,v)�aK6+�)�a��KL��L��LCB���LMNM6)�)�`H6a6b�avb6b�)�,��L6ava6+�)�a��KL�L�LCB�����M�6-6)�av*�b6bH6+6,�aH6a6b6`�,�L6ava6+�)�a��KL�L�LCB�����͌6*�,v-6b6`�6)�)�a6b6,vb�,�L6-�,v)�aK6+�)�a��KLCB�����͌�K6*�,v-6b6`�6)�)�a6b6,vb�,�6*6*v,v+�)�+�6-�,v)�aK6+�)�a��KLCB����ML��6,�,v`�*H6`�,�b6b�a��a6*�,K6+�)�a��KLLLMLCB�̌����K6-6b�,H6`�*v`�*vb6*6*�a6+�)�a��KLCB��M��L�LM�6b6b�`v*v,H6av,�*�*v,H6*6)�b�*�6*6a�+�*v`��6.v+�+�6+�)�a��KLLLMLCB��M��L�LM��6b6b�`v*v,H6av,�*�*v,H6*6)�b�*�6*6a�+�*v`�6-�6+�)�a��KLCB��L�M��LL�6`�*va6*vaH6+6)�`H6-6b�a�6a6b6.6b�a�6+�)�a��KL�L�LCB��LL��̌L���6*�,�`�b�*�6ava�+�)�a6)�a�6)�b�*�bH6*�)�`�*v*�L6.�,v)�aK6+�)�a��KL�LCB��M�L�NNLM̋6,vb6a�6)�)�a6*�b6a�6,�)�6*6*v,vavb�aL6a6*�,K6+�)�a��KL���LCB��MMM����̌L�6+�b6,�bH6,v,�)�,�bH6ava6+�)�a��KL�L�LCB��M�͌L�6av*vavb6`�6avb�,6*6*vb�*6bH6,v*v`�*vaK6+�)�a��KL�LCB��M�͌L��6av*vavb6`�6avb�,6*6*vb�*6bH6,v*v`�*vaK6+�)�a��KL�LCB��M�͌LNK6av*vavb6`�6avb�,6*6*vb�*6bH6,v*v`�*vaK6+�)�a��KL�LCB����L�L�K6-6*v,v*6*v*�6,�*va�6)�b�+6+�*v*6*H�L6ava6+�)�a��KLLLMLCB��L�L�L�M�6a�)�b�a6b6a�6-6`v)�`H6`vb6+�*6)�`�v,�aHM���6+�)�a��KLNM��CB��L�ML�LN͋6*6*v,v+�)�+�6)�)�b6a6)�.6-6b6-6*H�.v+�+�6+�)�a��KLM��CB�����MNL��6-�b6-6*�6av)�,�bH6+�b6-M6-�,v)�aK6+�)�a��KLLLMLCB�����MNL��6-�b6-6*�6av)�,�bH6+�b6-M6-�,v)�aK6+�)�a��KLLLMLCB��LL�M�̋6*�*va�b�,H6-6a6)�a6)�b6a6`�*v,HML6-�,v)�aK6+�)�a��KL���CB��ML���L��6)�b�c�a�,v,6bH6*�)�aH6`�b6+�bH�L6ava6+�)�a��KLCB��ML�����6)�b�c�a�,v,6bH6*�)�aH6`�b6+�bH�L6ava6+�)�a��KLCB�L�LL�M���6)�b�a�b�,v,6bH6avb6a�,�*�*v,H6,v*v-L6ava6+�)�a��KLM��CB��LM�LM̍�6)�)�b�,�6*�b�*H6a6b�*�*�b6a�6`�b6+�bH��6ava6+�)�a��KLLL�LCB��LM�LM�6)�)�b�,�6*�b�*H6a6b�*�*�b6a�6`�b6+�bH��6ava6+�)�a��KLLL�LCB��LM�LML6)�)�b�,�6*�b�*H6a6b�*�*�b6a�6`�b6+�bH��6ava6+�)�a��KLLL�LCB����NL�L�6*v`v)�,�*H6`�b6a�`vbH6*6,vb�avb�b6aH6,v`�aH��6.v+�+�6+�)�a��KLLLMLCB��LM��ML�K6*6b�,�`�b6b�*�6)�)�av)�+�*H6,�*�b�`�,��v-�,v)�aJ�M�.v+�+�6+�)�a��KL�L�LCB��LM��ML��6*6b�,�`�b6b�*�6)�)�av)�+�*H6,�*�b�`�,��v-�,v)�aK6+�)�a��KLLLCB�͍M�L��K6av.v+6b6a�6+�+�)�a�6*6b�b6avb�+�6*�,vbHL6-�6+�)�a��KL��L��LCB�͍M�L̍NK6av.v+6b6a�6+�+�)�a�6*6b�b6avb�+�6*�,vbHL6-�6+�)�a��KL��L��LCB��LL�M�N6-v)�*6b6a�6`v)�`�,�L6.�,v)�aJ�̶.v+�+�6+�)�a��KL�����CB��LL�M�M��6-v)�*6b6a�6`v)�`�,�L6.�,v)�aJ�̶.v+�+�6+�)�a��KL�����CB��LL�ML�L�6-v)�*6b6a�6+�b6,vbML6.�,v)�aK6+�)�a��KL�L�LCB��MLLMML��6`v,v-�*J�,�b�*�a6*�)�,vb�c�`�,�6+6b�*�b�,�*�6+�)�a��KL�M���CB��MLLMMK6`v,v-�*J�,�b�*�a6*�)�,vb�c�`�,�6*6a6)�`�6)�b�+�b�`�-6a�6+�)�a��KLM͌NCB��L�L���6*6a�)�,v)�*�6av,vb�-6`�6a6*v,�*v*�6`�)�a6`�L6-�,v)�aK6+�)�a��KLLLMLCB��L�L��K6a�a�-�.6b�a�6+�b6*6b�)�6-6b6-6*H6av)�,vb�a�)�L�6-�,v)�aK6+�)�a��KL�LCB����LL�L�M�K6a�*v,�*�*va6*H6,�a�b�-�b�c�,v,�6-�,v)�aK6+�)�a��KL�L�LCB�������6+�b�)�,v-6b6,H6-�*vb6,v*H6)�a6,v+vav*H6-6b6-6*H�L6-�,v)�aK6+�)�a��KLL�LM�LCB��L�LL��6-v)�-H6,vb�,�b6)�a6,v+vav*H6-�,v)�aK6+�)�a��KLM��CB�L��MNK6`�b�a�+�*v,H6*6b�a�b6*�)�`�*v*�L6.v+�+ʌNK�v.�,v)�aK6+�)�a��KL�LCB�LL���M�6`�b�a�+�*v,H6+6b6bH6a�b�a6`��.v+�+ʌ�6.�,v)�aK6+�)�a��KL���CB�LL��̍K6`�b�a�+�*v,H6+6b6bH6a�b�a6`��.v+�+ʌ�6.�,v)�aK6+�)�a��KL���CB����M�MM���6-v)�-H6avb6*�*H6,�b6,v*6b6a�L6.�,v)�aK6+�)�a��KL�L�LCB����M�MM��̌6-v)�-H6avb6*�*H6,�b6,v*6b6a�L6.�,v)�aK6+�)�a��KL�L�LCB����M�MM���L�6-v)�-H6avb6*�*H6,�b6,v*6b6a�L6.�,v)�aK6+�)�a��KL�L�LCB����M�MM�����6-v)�-H6avb6*�*H6,�b6,v*6b6a�L6.�,v)�aK6+�)�a��KL�L�LCB�N͍̌MLMM�K6,�b�`�a6+�)�a�6a�b�,v`�,�6.�6+�)�a��KLLLMLCB���MM�L�LL�6-6b�,H6a�b�+�b6,�*v,H6,�b6,H6`�b6+�bHL6-�,v)�aK6+�)�a��KLM�LM�LCB����M�MM��K6-6*v,v*6*v*�6a6)�`�bH6+6b6,�6ava6+�)�a��KLLLCB����L���̋6-6*v,v*6*v*�6`�b6*6bH6a6)�a�+�6-6b6-6*H�6ava6+�)�a��KL�LCB����L���NK6-6*v,v*6*v*�6`�b6*6bH6a6)�a�+�6-6b6-6*H�6ava6+�)�a��KL�LCB����L���L6-6*v,v*6*v*�6`�b6*6bH6a6)�a�+�6-6b6-6*H�6ava6+�)�a��KL�LCB���L��NL6-6b�,H6,va�`HL�vava6+�)�a��KLCB�M���LL���6-�b6-6*�6av)�,�bH6,�b�+�b6a�)�6`�b6+�bHM6.�,v)�aK6+�)�a��KLLLMLCB���L�6*6a�)�,v)�*�6av,vb�-6`�6+�)�b�avb6a�+�6`�)�a6`��L6.�,v)�aK6+�)�a��KL�LCB���LLL�M��6+6-�)�,v*vbH6b6,�`�)�,H6,�b�a6.6*v,HL6.v+�+�6+�)�a��KLLLCB���LLL�M�L�6+6-�)�,v*vbH6b6,�`�)�,H6,�b�a6.6*v,K6+�)�a��KLLLCB��NLNM��L�6+�)�a�6+�)�,�v`�-�6+�)�a��KLLLMLCB��NLNM���K6,�)�.6)�,H6+�)�,�v`�-�6+�)�a��KLLLMLCB����M�M�̌�6avb6,v*�*v+�b�a6)�6av,vb�-6`�6*�avb�a�)�L6-�6+�)�a��KL͌CB����M�M���K6avb6,v*�*v+�b�a6)�6-�b6-6*�6*�avb�a�)�L6-�6+�)�a��KLLLCB��MMLM�MMM�6*�,�`�b�*�6b6b�`v*v,H6*�b6+�*vbH�6.v+�+�6+�)�a��KLLLMLCB��MMLM�ML��6*�,�`�b�*�6b6b�`v*v,H6*�b6+�*vbH6-�,v)�aK6+�)�a��KLCB��L��M��NK6`�b�`�6+�b6a�)�*�6*�b6+�*vbH�6.v+�+�6+�)�a��KLLLMLCB��M��L�L�L6*�,�`�b�*�6av,�*�*v,H6*6)�b�*�6*�b6,vb�a��6.v+�+�6+�)�a��KLLLMLCB��M��L�L��6*�,�`�b�*�6av,�*�*v,H6*6)�b�*�6*�b6,vb�a�6-�,v)�aK6+�)�a��KLCB������K6b6b�`v*v,H6av,�*�*v,H6*6)�b�*�6-6b�a��6-�,v)�aK6+�)�a��KLCB��MN�L�L�6`�,vb�c�aH6-6)�a�*�bH6`�b�a�*�6*�)�`�*v*�ML6-�,v)�aK6+�)�a��KLLLMLCB���LMNL6-v)�-H6b�)�,�̍v-�,v)�aK6+�)�a��KLLLCB��M�L�M�L��6*6*va�b�-6*�6-6b6-�*v,HLv-�,v)�aK6+�)�a��KLCB��M�L�MLNK6*6*va�b�-6*�6*�b�`�6*�b6`�L�-�,v)�aK6+�)�a��KLCB��L�NM��K6b�)�,vbH6av`�b�)�+6ava�+�)�a6)�a�6*�)�+�av*K6+�)�a��KLLLMLCB��L�NLNM�MM�6b�)�,vbH6av`�b�)�+6ava�+�)�a6)�a�6*�)�+�av*K6+�)�a��KLLLMLCB��M�����N�6+va6)�`�*vbH6+6a6`�6a�*va�-�b�c�,Hv.v+�+�6+�)�a��KL�L�LCB��������6`�)�a6`�bH6-v)�*6b6a�6)�b�*�*v`�6+�)�a��KL�LCB��ML��MM�LL6+va6)�`�*vbH6*�)�+�av*H6+�a�.v+�+�6+�)�a��KL�LCB��L��NK6av)�,�b�+v*H6+�)�b�avb6a�+��v,�aK6+�)�a��KLM��CB��L��M��6+�*v,�-�)�bH6a6+vb�aH6a�+�6*�b6,v*6b�6b6)�*�6+�)�a��KL͌CB��LL���L�6,�*6b6`�6,�*�,v)�6.6)�`�b�6ava6+�)�a��KLLL�LCB���L�͍L���6a�,v-�6b6*v,�*v*�K�˓�6+�)�a��KL�LCB����LL���͍�͋6+�*v,�-�)�bH6`�)�b6*H6a�b�av)��6b6)�*��N�6+�)�a��KL�L�LCB��MLL���L��6,�b�aH6,�*vb�)�,v*vbH�L6b6)�*�VK6+�)�a��KL�L�LCB��L��NNLM�6*�*v,vb6`�6`�)�-6bJ�+�)�,H6av)�,�b�+v*K6+�)�a��KLLLMLCB��M̍�L�M��6`�)�,v*�b�+�bH6-�*v`�b6)�-va6bHԌNK6+�)�a��KL͌CB���M�MMNL��6`v,v-�*vbH6,�*v,H6+�)�,H6av)�`vb6,H6)�*vav*v,�b6a�6+�)�a��KL�L�LCB��NL�N���6avb�-6`�6`�b6,6-�*vb6,v*H6+6b�`�b6+�)�a��KL�LCB��L��L͎�K6`�b6*�bH6-�)�6+�b�a6bH��6ava�.v+�+�6+�)�a��KL�L�LCB�MM��M�MLK6av)�,�b�+v*H6,�)�av,�b6a�-�Mv,�aK6+�)�a��KLLL�LCB��ML�LLLM��6a�,v-�6b6*v,�*v*�LM�6+�)�a��KL���CB��M�M�L�LL�6a�,v-�6b6*v,�*v*�L�LLK6+�)�a��KL���CB��NM�L���6,�*v`vb�a�`�bH6)�)�,H6ava6*vb6a�6-�*vb6,v*H�6+�)�a��KLM��CB����͌MMK6`�)�a6*6bH6`�b�`�6*�,v`�bH6.v+�+�6+�)�a��KLLL�LCB���M�M�L�K6,�b�*�a6-6*v`�,Hˍva6*�,H6avb�a�`�)�6+�)�a��KL���CB�����M�M�6,�a�+6b�,H6av*vavb6`�6avb�,6-�b�a�bK6+�)�a��KL���CB��M��M�L�M�K6`v,v-�*J�+�)�`J�+�)�,v`�6+�+�)�a�6a6b6*�b6,�6+�)�a��KLM��CB��M��M�L��M6`v,v-�*vbH6+�+�)�a�6a6b6*�b6,�6`�)�a6`�6+�)�a��KL�LCB�LMM�LLNN6`v,v-�*vbH6+�+�)�a�6,�a�6,�b6+�)�b�a�6,�b6`v*�6+�)�a��KLLLMLCB����͎M�M�6av*vavb6`�6-6b�,H6a�*va�-�6avb�-�K6+�)�a��KL�L�LCB�N�M͌���6+�*v.6*vavb6,�6+6b�a6b�*��+�*v.v.v+�+�6+�)�a��KL���CB��M���LM��N�6av*vavb6`�6avb�,6avb�a�b�*�,vbH�KL�6+�)�a��KLLLMLCB��M���LM��M�K6av*vavb6`�6avb�a�b�*�,vbH�KL�6+�)�a��KLLLMLCB��M���͎�L��6-�*v,v+�6*�*v*6)�+�6,�*v,H6+�,vb�c�,6+�)�a��KLLLMLCB�NNM���M��6av.v*v*�*v,H6*6a�6*6)�a6a�b�.6b�)�6-6b6-6*HL6ava6+�)�a��KL�L�LCB�NNM���LK6av.v*v*�*v,H6*6a�6*6)�a6a�b�.6b�)�6-6b6-6*HL6ava6+�)�a��KL�L�LCB��M�M���M6+6b�)�,�bH6,vb�)�,�*vbH6+�*v,�*��.v+�+�6+�)�a��KL͌CB�M��ML�L�K6+�*v,�`�bH6*�b�c�a�,�
�*�b6*�6+�)�a��KLM��CB��L͎M���NNM�6*�*v,vb6`�6,�*vb�)�,v*H6*�b6b�aL�L6+�)�a��KLLL�LCB����M�͌NK6*6*v,v+�)�+�6)�)�b6,�b6a6)�`H̌6ava�.v+�+�6+�)�a��KL�L�LCB��M��L��LLN�6av`�*v,�6)�)�,�a�6-�*vb6,v*H�6avaK6+�)�a��KL͌CB�͍NM�L6)�b�a�,v,6bH6`�a6)�,�b�`�6a6b6b�,�6+�b�.�L6ava6+�)�a��KLLLMLCB��ĽL�LL��6av*vavb6`�6avb�c�,
�a6)�,�*�b�`�6avb�a�b�*�,vbK6+�)�a��KL�L�LCB��L��M�NMM�MK6-�*v`�b6+�*v,�`�6+�)�,H�L��6+�)�a��KL�LCB��M��M�L�L�6`v,v-�*vbH6+�+�)�a�6a6b6*�b6,�6`�)�a6`�6+�)�a��KL�LCB��MLL���L�̍�6-�*v`�b6bH6+�*v,�`�6+�)�,HL�K6+�)�a��KL�LCB�͌��L��L͋6+6-�)�,v*vbH6*�*v,va6*vavb�c�a�*�L6.v+�+�6+�)�a��KL��L��LCB�͌��L����6+6-�)�,v*vbH6*�*v,va6*vavb�c�a�*�6+�)�a��KL͌CB�͌��L�NN6*�)�`�*v*�6av)�a6b�*6,vb6*�a6*v,�6b6*va�L6.v+�+�6+�)�a��KL��L��LCB����M̍�6+�*v,vav)�a�6a�*v,v-�b�a6*H6*6)�a6bK6+�)�a��KL�LCB��NL�LM���6+�*v,vav)�a�6a�*v,v-�b�a6*H6+�)�a�bK6+�)�a��KL�LCB�LLL�6+6-�)�,v*vbH6+6b�)�,�6a�b�*�,�6+�)�a��KL�L�LCB���L�L��̋6av.v*v,�*va6a�b�,v-�b�a6*H6)�a6,�a6*�)�a�6+�)�a��KLLL�LCB����M�L�͍�6av.v*v,�*va6a�b�,v-�b�a6*H6+6bH6*6bH6)�)�,K6+�)�a��KLLL�LCB�M�MN�����L�6av)�,�*�6+�b�,v)�*�6)�,v*6b�aM�6-�,v)�aK6+�)�a��KL�L�LCB�����L�L͍�6-6*v,v*6*v*�6`vb6a6*�)�b�aH6-6b6-6*H��6ava6+�)�a��KLLLCB��̍MM�M�M͎6-6*v,v*6*v*�6`vb6a6*�)�b�aH6-6b6-6*H��6ava6+�)�a��KLLLCB�����LM�L͍�6-6*v,v*6*v*�6`vb6a6*�)�b�aH6-6b6-6*H��6ava6+�)�a��KLLLCB���M��6avb�,va�-6b�a�6-6b6-6*H�L6ava6+�)�a��KLLLCB��̍MM�M�ML��6-6*v,v*6*v*�6`vb6a6*�)�b�aH6`�b6+�bH��6ava6+�)�a��KLLLCB����M���K6-6*v,v*6*v*�6`vb6a6*�)�b�aH6`�b6+�bH��6ava6+�)�a��KLLLCB��̍MM�M�MLMK6-6*v,v*6*v*�6`vb6a6*�)�b�aH6`�b6+�bH��6ava6+�)�a��KLLLCB�LLN���6+v*6*6,vb�`H6*�*vb6)�a6b�*�6.v+�+ʍL6-�,v)�aK6+�)�a��KLNL��LCB�M������L6*�*v`�,�b�aK6+�)�a��KL�LCB��LM�LLL�K6`�)�a6*6bH6`�b�`�6a�*v,�b6,�6*�,v`�bHL�.v+�+�6+�)�a��KL�LCB������L��K6`v,v-�*vbH6,�*vb�)�,v*H6)�)�,v+6*�a6)�,�*�b�`�LK6+�)�a��KLM��CB�L���MNL�6+�*v.6*vavb6,�6+6b�a6b�*�6*�)�*�,vbK6+�)�a��KL�LCB����L����6avb6aH6*�)�+�av*H6ava6*vb6a�6.v+�+�6+�)�a��KL�LCB��MNM�M��LK6avb6`�b�-6)�-va6`�b�a6bH��K6+�)�a��KLM��CB����M�L�LL6,�`v,v*vbH6,�*v`v*v,vbH6)�b6`�,�bLL6-�,v)�aK6+�)�a��KLL�LM�LCB��MNM�L�N�6`�)�,v*�b�+��`v,v-�*vbH6av`�b�)�+6`�b�a6bHL�N6+�)�a��KLM��CB���L��LL6.va6)�-�*vbH6av+6*vavb�+�*Hv`�b�a6b�ʍ�6,�aK6+�)�a��KL���CB�L�MM�LM�6-6*v,v*6*v*�6`�*va6*6*v,v-�6,�b�`H��6ava6+�)�a��KLLL�LCB��L͎M���NNL�6*6*v,v)6b6`�6,�*vb�a6,v*H�6*6*v,K6+�)�a��KLLL�LCB���L�L��6b6)�b�a6+�6*�)�b�-�*v,H�L6ava6+�)�a��KL�LCB�MMLL��M�6*6)�a6b6a�6,v*v`�*vaH6+�)�a��KL�LCB���L�����M�6avb6*�*vbH6`�)�a�+�bH6*6)�,K6+�)�a��KLLLCB��M̌L�NMM��6-v)�*6b6a�6-�)�,v+�a�b�)�6-�b�a�bH�6-�,v)�aK6+�)�a��KLLLMLCB��M̌L�NMML�LK6-v)�*6b6a�6,�b6)�*�6-�b�a�bH�6-�,v)�aK6+�)�a��KLLLMLCB�L�����6-6*v,v*6*v*�6a�)�*�b6,v)�a6*6bvc�6-6*v`�,H6-6b6-6*H�6ava6+�)�a��KLLLMLCB�L���NK6-6*v,v*6*v*�6a�)�*�b6,v)�a6*6bvc�6-6*v`�,H6-6b6-6*H�6ava6+�)�a��KLLLMLCB�L����6-6*v,v*6*v*�6a�)�*�b6,v)�a6*6bvc�6-6*v`�,H6-6b6-6*H�6ava6+�)�a��KLLLMLCB�L���6-6*v,v*6*v*�6a�)�*�b6,v)�a6*6bvc�6-6*v`�,H6-6b6-6*H�6ava6+�)�a��KLLLMLCB�L���6-6*v,v*6*v*�6a�)�*�b6,v)�a6*6bvc�6-6*v`�,H6-6b6-6*H�6ava6+�)�a��KLLLMLCB�L�����6-6*v,v*6*v*�6a�)�*�b6,v)�a6*6bvc�6-6*v`�,H6-6b6-6*H�6ava6+�)�a��KLLLMLCB�LL�M�L�M�6-6b�,H6*6)�b�.6b6`�6av*�,H6`�b6+�bHN6ava6+�)�a��KLLLMLCB�LL�M���6-6b�,H6*6)�b�.6b6`�6b6-�b6a6av*�,H6`�b6+�bHN6ava6+�)�a��KLLLMLCB�LL�M���K6-6b�,H6*6)�b�.6b6`�6b6a�b�c�a6av*�,H6`�b6+�bHN6ava6+�)�a��KLLLMLCB��M�ML��6avb�,6avb�,6b6`��*�b6,�6a�b6,vb6,�6+�b�`�a6+�)�a��KLM��CB���NL���Ľ�6*6*v`v,H6*6*v,v+�)�+�6+�)�a��KLLLCB���L��LM6,�)�.6)�,H6)�)�-L6-�,v)�aK6+�)�a��KL�LCB���L�L��LK6-6*v`�,H6,v*v,�6`�b�,�*HL6-�,v)�aK6+�)�a��KL�LCB��L�M�L�MM͋6`�a6b�c�a�,�6*�*v,H6`�b6*�b6a�6*6bvc�6*6b6a�L6.v+�+�6+�)�a��KL�LCB��LL���M�6-v)�*6b6a�6,�)�)�a6-6b6`HL6-�,v)�aK6+�)�a��KLLLMLCB��LL���L��6-v)�*6b6a�6,�)�)�a6-6b6`HL6-�,v)�aK6+�)�a��KLLLMLCB��LL���MM�6-v)�*6b6a�6,�)�)�a6-6b6`HL6-�,v)�aK6+�)�a��KLLLMLCB��LL���L�M�6-v)�*6b6a�6,�)�)�a6-6b6`HL6-�,v)�aK6+�)�a��KLLLMLCB��LL���L͌�6-v)�*6b6a�6,�)�)�a6-6b6`HL6-�,v)�aK6+�)�a��KLLLMLCB���L�LL�K6+�b6,vav*vbH6av,vb�aH6)�-va��L6+�)�a��KL��L��LCB���L�L��6*6,va�+6bH6+�*va�`�6+�,H6,v*v,�6`�-�6+�)�a��KL��L��LCB�ML�N�6,6)�,6bH6,�b6b6aH�L6-�6+�)�a��KL͌CB�ML�M�K6a6b6,H6,�b6aH�L6-�6+�)�a��KL���CB��M�͌�MK6`�*v-�*v*�6a�)�b�a�,���v-�,v)�aK6+�)�a��KL��L��LCB���L�L�M�6-6)�av*�b6bH6+va6*6,vb6b�)�a6.v`v,vb�a�L6ava6+�)�a��KL�L�LCB���L�L���6-v)�*6b6a�6,vb6b�)�a6.v`v,vb�a�LL6.�,v)�aK6+�)�a��KL�LCB���L�L�L6-v)�*6b6a�6,vb6b�)�a6.v`v,vb�a�LL6.�,v)�aK6+�)�a��KL�LCB���NN������6-v)�*6b6a�6av,�`�6)�a6*�a�)�,v*HM6.�,v)�aK6+�)�a��KL��L��LCB���LL�L�6-v)�*6b6a�6,vb6b�)�a6.v`v,vb�a�M6.�,v)�aK6+�)�a��KL��L��LCB�������K6-6b�,H6*6)�,vb�,�*�)�6,v)�av`�6*�)�`�*v*�L6ava6+�)�a��KLM��CB�������K6-6b�,H6-�b6`�b6a6)�*�*H6*6a�+�*v`�6,v)�av`�6*�)�`�*v*�L6ava6+�)�a��KLM��CB������6-6b�,H6-�b6`�b6a6)�*�*H6+�)�,v`�6,v)�av`�6*�)�`�*v*�L6ava6+�)�a��KLM��CB����L��M�6-6*v,v*6*v*�6,�*va�b�-��6ava6+�)�a��KLCB����̍MLM�6avb�a6)�`�6)�*vav*va6*�b�b6,H6)�b�,v)�a�bK6+�)�a��KLLLMLCB���L���L����6av.v*v*�*v,H6+6*vb6av+�)�,HL6-�,v)�aK6+�)�a��KL�L�LCB���L���L���K6av.v*v*�*v,H6+6*vb6av+�)�,HL6-�,v)�aK6+�)�a��KL�L�LCB������LL�K6`va6`va6)�a6,v+vav*H6-6b6-6*H�6-�,v)�aK6+�)�a��KLLLMLCB�����L̎6-�b�*�,�6av,�av,�6*�*va�b�,HL6-�,v)�aK6+�)�a��KLLLCB�����L��M6-�b�*�,�6av,�av,�L6-�,v)�aK6+�)�a��KLLLCB�����L̍�L�6-�b�*�,�6av,�av,�6,�,v`�*HL6-�,v)�aK6+�)�a��KLLLCB�M��M�NM��6avb6*�*vbH6,�*vav)�.v*H�.v+�+�6+�)�a��KLCB�M�L���6avb6*�*vbH6`�)�a6`�6+6b�a6)�*�b6+�)�a��KLCB����M͎M�6avb6*�*vbH6`v,vb6*�)�,v*H6*�)�a�+�)�6+�)�a��KLCB����L�L�K6+6b�c�a6bH6*6b6a�)�,v*��6-�,v)�aK6+�)�a��KLLLCB��L�LLLL��6`�b6*�6-�)�6,�*v`v*v,vbH6`vb6+�*�)�`��)�b6a�,�L6.v+�+�6+�)�a��KL�L�LCB����M�L�M�6,�`v,v*vbH6,�*v`v*v,vbH6)�b6`�,�bM�6-�,v)�aK6+�)�a��KLM��CB����M�LLM�6,�`v,v*vbH6,�*v`v*v,vbH6)�b6`�,�b�6-�,v)�aK6+�)�a��KL�LCB����L�M�M�6`�a6b�a�,�6*�*v,H6,�a6b�*�bH6*�*vb6)�a6b�c�*�6b6`�b�*6b6,v+�L6.v+�+�6+�)�a��KLLLCB��L���L�6av,vb�-6`�6a�a6)�aL�6-�,v)�aK6+�)�a��KL�LCB��L�L���L��6av)�,�*�6,�*6)�+�bH6+6)�avb6,�6+�a6*6)�6,�b�*�aL6-�,v)�aK6+�)�a��KLLLMLCB����NM�M�6*6a�)�,v)�*�6,�*va�+6*v*6b�a6-�a6*�)�,v*HMv-�,v)�aK6+�)�a��KL�L�LCB�͎LM�L�L6*6a�)�,v)�*�6`�b�av*H6)�a6a�,�,H6)�a6,�a�*6bHMv-�,v)�aK6+�)�a��KL�L�LCB�͌��L�L�K6-v)�*6b6a�6,�)�)�aL6-�,v)�aH̋6+�)�a��KLLLMLCB�͌��L�LM6-v)�*6b6a�6,�)�)�aL6-�,v)�aH̋6+�)�a��KLLLMLCB�͌��L�L�6-v)�*6b6a�6,�)�)�aL6-�,v)�aH̋6+�)�a��KLLLMLCB�͌��L�L�6-v)�*6b6a�6,�)�)�aL6-�,v)�aH̋6+�)�a��KLLLMLCB��LM�L�6,v,6+�*vbH6,v*v,�6`�b�,�*H�6-�,v)�aK6+�)�a��KL�LCB�M���6av)�,�*�6,v)�avbH6`v)�,vaH6`v)�`vb6a�6*6+6b6`�6+�)�a��KLM��CB��LM�����6av)�,�*�6,v)�avbH6`v)�,vaH6,�*�aL6-�6+�)�a��KLL�LM�LCB��M���MML�6-6b6,v*�bH6*�b�)�b6)�a�6,�*�,vb6a�-�6*6b6bH�.v+�+�MMK6+�)�a��KLM��CB��L�M�L�L6`�a6b�c�a�,�6*�*v,H6*�)�*�a6b�b6a�Mv.v+�+�6+�)�a��KLCB����L͌�6`�b�`�6-�b6`�b6*�)�bH�6-�,v)�aK6+�)�a��KLLLCB���N�LL�6*�,�`�b�*�6b6b�`v*v,H6`�)�*�b6-�b�a�b6+�b�b�b�6-�,v)�aJ��6.v+�+�6+�)�a��KLL�LM�LCB���N�͋6*�,�`�b�*�6b6b�`v*v,H6`�)�*�b6-�b�a�b6+�b�b�b�6-�,v)�aK6+�)�a��KLCB��LL�����K6*6b�,�`�b6b�*�6`�b6av*6b6*6b�*�,�6)�b�*�bH6-�,v)�aK6+�)�a��KL�LCB��L��M��L�6`�b�`�6+�b6a�)�*�6*�b6+�*vbH�v-�,v)�aJ��6.v+�+�6+�)�a��KL�LCB��L��M��LK6`�b�`�6+�b6a�)�*�6*�b6+�*vbH�v-�,v)�aK6+�)�a��KLCB����LMML���6av.v*v*�*v,H6+6a6`�6`�b6av`vb6,v*��a6*�,K6+�)�a��KLLL�LCB���L�L�K6av.v*v*�*v,H6+6a6`�6`�b6av`vb6,v*�6a6*�,K6+�)�a��KLL�LLCB���L�L���6av.v*v*�*v,H6+6a6`�6`�b6av`vb6,v*�6a6*�,K6+�)�a��KLL�LLCB����LM���MMK6*�)�bH6`�b�`�6)�)�a�)�*�)��6.v+�+�6+�)�a��KL�LCB����LM�����6*�)�bH6`�b�`�6)�)�a�)�*�)�6+�)�a��KLCB����LMML�LN��6-v)�*6b6a�6`�)�av)�bHLMv-�,v)�aJ�6.v+�+�6+�)�a��KL���CB����LMML�LN��6-v)�*6b6a�6`�)�av)�bHLMv-�,v)�aJ�6.v+�+�6+�)�a��KL���CB�LNMM��N6*6)�a6+6a�+H�6.�6+�)�a��KL�L�LCB�N��L��LMK6-6*v,v*6*v*�6*6*v,v+�)�+�6`v,vb�b6+�)�a��KLLLCB������6avb6*�*vbH6`�b�*�6`�)�*�L6ava6+�)�a��KL�L�LCB����L���LK6avb6*�*H6)�b6,vb�b6,�*vav)�.v*HLL6ava6+�)�a��KL�L�LCB����L���M6avb6*�*vbH6)�b6,vb�b6`�b6*M6ava6+�)�a��KL�L�LCB���N�M�ML�6avb6*�*vbH6)�b6,vb�b6`�b6a�L6ava6+�)�a��KL�L�LCB�NLL��6avb6*�*vbH6avb�a6`�)�6*6,v)�a6b�a�6-6b6`�a6)�*�L6ava6+�)�a��KL���CB�NLL��M��6avb6*�*vbH6`�b�*�6`�)�*�6`�b6a�6*6,vb�*�)�a�bHLL6ava6+�)�a��KL�L�LCB��NL��M�̋6avb6*�*vbH6avb�a6`�)�6,�*�a6*6,vb�*�)�a�bH�H6ava6+�)�a��KLLLMLCB��NL��M��6avb6*�*vbH6)�b6,vb�b6,�*�a�H6ava6+�)�a��KLLLMLCB��NL�M6b6b�`v*v,H6a6b6`�*v,H6+�b6*6a6+6b6`�a6)�*�H6-��H6.v+�+�6+�)�a��KL�M���CB�M�L��K6*�,�`�b�*�6*�b�`�6)�)�*6`�)�,v)�avb�a�6.v+�+�6+�)�a��KLMM�M�CB��LL��NLK6*�`v*v`�6+�)�a�*H6+�)�a�*H6*�*va�b�,H�v-�,v)�aK6+�)�a��KLCB�M�L�L��6*�,�`�b�*�6*�b�`�6)�*v*��6-�,v)�aK6+�)�a��KL�L�LCB�L�M�L��6*�,�`�b�*�6+�)�+6,�*�b�`H6av,�*�*v,H6.6b�*�b�,�L6-�,v)�aK6+�)�a��KL�LCB��M̍��LĽ6-v)�-H6+v)�,H6)�*vav,vb�`�)�a�6-�)�,v+�a�6-6b6-6*H�Mvava6+�)�a��KL�LCB��M̍��LML�6av)�b�b6a�b�,�6(�-va6bH6)�*vav,vb�`�)�a�6-�)�,v+�a�6+�*v*6*H6ava6+�)�a��KLM��CB��M̍��LLL�6-v)�-H6,�b�,�,H6)�*vav,vb�`�)�a�6-�)�,v+�a���ava6+�)�a��KL�L�LCB��M̍��L���6,�*6+�*H6`vb6a6,�b6+�)�a�bH6)�*vav,vb�`�)�a�6-�)�,v+�a��6-�,v)�aK6+�)�a��KLLL�LCB��M̍��L�L�6,�*6+�*H6`vb6a6,�b6+�)�a�bH6)�*vav,vb�`�)�a�6-�)�,v+�a��6-�,v)�aK6+�)�a��KLLL�LCB��L�͍̍L6a�*v,�*�*va6*H6+�)�av)�`�6`v,�*�*v`��6-�,v)�aK6+�)�a��KLM��CB��L�̍�L�M��6a�*v,�*�*va6*H6+�)�av)�`�6`v,�*�*v`�6b6`�,v)�avb�a�6-�,v)�aJ��.v+�+�6+�)�a��KLL�LLCB��L�̍�L��6a�*v,�*�*va6*H6+�)�av)�`�6`v,�*�*v`�6b6`�,v)�avb�a�6-�,v)�aK6+�)�a��KLM��CB�MK6*6*va�b�-6*�6avb�a�*�b6,�6`�)�a6`�Mˍv.�,v)�aK6+�)�a��KL�LCB�LM6*6*va�b�-6*�6avb�a�*�b6,�6`�)�a6`�Mˍv.�,v)�aK6+�)�a��KL�LCB�M�6*6*va�b�-6*�6avb�a�*�b6,�6`�)�a6`�Mˍv.�,v)�aK6+�)�a��KL�LCB�NLL�M�K6)�*va�*va�)�,�6,vb6*6)�a6`�b6+�bHM��.�,v)�aK6+�)�a��KLM��CB�LL͍M��K6*�)�b�*�6)�)�,vb�a6.�*v,�)�a6*vbH6)�b6*�b6av)�*�b�`��`�-�6+�)�a��KL�L�LCB��L�LLLNLM�LM�6`�*v-�`�6-�b6a6+�6a�)�bH6`vb6+�*�)�`�L�.v+�+�6+�)�a��KLLL�LCB���LM�K6`�)�,�)�a�`�6,�*v,H6)�)�-�,H6`vb6+�*�)�`�6b6*v,�*v*�6+�)�a��KLL�LM�LCB���LM�6`�)�,�)�a�`�6,�*v,H6)�)�-�,H6`vb6+�*�)�`�6*6-�b6`�6+�)�a��KLLL�LCB�����͎���6`�*v-�`�6,v*v-6*6,va�+6*�b�*�6*�a6)�,�*�b�`��6.v+�+�6+�)�a��KL�LCB�����͎�M�K6-�*va�-�)�a6,v*v-6*6,va�+6*�b�*�6*�a6)�,�*�b�`��6.v+�+�6+�)�a��KL�LCB��L�LLLM�L�N6a6*v*�`�6b�*va6*vb6a6)�,v+L6.v+�+�6+�)�a��KL�L�LCB��M�L�NL�͍6,�*vb�*�6-�*va�av*v-6)�avbH6)�)�a6*�b6a�6,�)�6a6*�,K6+�)�a��KLLLMLCB��LLL�M�M�6*�,�`�b�*�6av,�*�*v,H6.6b�*�b�,�6-6b�,vbHL6-�,v)�aK6+�)�a��KL�LCB��M̌NM�6-v)�-H6*�*va�b�,H6)�)�a6*�b6a�6,�)���6-�,v)�aK6+�)�a��KLLL�LCB��M̌NM��6-v)�-H6-�b6-6*�6)�)�a6*�b6a�6,�)���6-�,v)�aK6+�)�a��KLLL�LCB��M̌NM�K6-v)�-H6,vb�,�b6)�)�a6*�b6a�6,�)���6-�,v)�aK6+�)�a��KLLL�LCB����LLM�K6,�`v,v*vbH6,�*v`v*v,vbH6,�)�b�+�)�v`�-�6+�)�a��KL�L�LCB����LLM�M�6,�`v,v*vbH6,�*v`v*v,vbH6,�)�b�+�)��`�-�6+�)�a��KLLLCB�MMLL����L�K6`�b�`�6)�b6*6)�a6)�*6`v,vb�-�6-�,v)�aK6+�)�a��KL�LCB�MMLL����͍K6`�b�`�6)�b6*6)�a6)�*6`v,vb�c�-L�6-�,v)�aK6+�)�a��KLLLMLCB�MMLL������6`�b�`�6)�b6*6)�a6)�*6`v,vb�c�-L6-�,v)�aK6+�)�a��KLL�LM�LCB�MMLL������6`�b�`�6)�b6*6)�a6)�*6`v,vb�c�-L6-�,v)�aK6+�)�a��KLLLMLCB�����LM�M�6av.v*v*�*v,J�-6)�av*�b6bH6+6a6`�6`�a6)�b�a��L6ava6+�)�a��KLLLMLCB�L�͌N��6*�,�`�b�*�6-�b6a6b6a�6+�)�,v.6b�+�)�6*�)�`�*v*��L6-�,v)�aK6+�)�a��KLLLCB�N��NN�6*�`v*v`�6a6b6,vb�a�,�L6-�,v)�aK6+�)�a��KL�L�LCB����M�M��6avb6,v*�*v+�b�a6)�6av,vb�-6`�6b6`�b�.6)�,v`�6*�avb�a�)�L6-�6+�)�a��KLLLCB�����M����6`va6)�`va6-�,�b�a�-�6`�b�,�*HL6.�,v)�aK6+�)�a��KL���CB�����M����K6`va6)�`va6-�,�b�a�-�6`�b�,�*HL6.�,v)�aK6+�)�a��KLL�LM�LCB����L���M�6-6*v,v*6*v*�6`�b6*6bH6a6)�a�+�6-6b6-6*H�6ava6+�)�a��KL�LCB���MLL��L�K6+�*v,vav)�a�6+�*v`�6.6)�a�b�-�.v+�+�va6*�,K6+�)�a��KLLLCB�L�͌M�NMK6*�,�`�b�*�6-�b6a6b6a�6+�b6,v)�+�)��6-�,v)�aK6+�)�a��KLLLMLCB��ML���N6)�b�a�,v,6bH6`�b6+�bH�Mvava�K6+�)�a��KLLLCB����LMML��̎K6-6)�av*�b6bH6`�a6b�,H6av,�,vbH͌6ava6+�)�a��KL��L��LCB�LL����6-6)�b6,H6+6,�aH6)�*v`�,�bH6ava6+�)�a��KL͌CB�LL���M6-6)�b6,H6+6,�aH6)�*v`�,�bH6ava6+�)�a��KL͌CB�LL����6-6)�b6,H6+6,�aH6)�*v`�,�bH6ava6+�)�a��KL͌CB���L�M�NN6-6)�b6,H6+6,�aH6a6b6`�,��6ava6+�)�a��KLM��CB����LMML�M�6-6)�b6,H6+6,�aH6a6b6`�,�L6ava6+�)�a��KL�L�LCB����LMML�M�LK6-6)�b6,H6+6,�aH6a6b6`�,�L6ava6+�)�a��KL�L�LCB����LMML�M�N6-6)�b6,H6+6,�aH6a6b6`�,�L6ava6+�)�a��KL�L�LCB���L�M�6-6)�av*�b6bH6,vb6,�6a6)�b�`H6ava�+�)�a6)�a�L6ava6+�)�a��KLLLMLCB��L�͌N���K6+6*v,�*��.v+�+�6+�)�a��KL�L�LCB�����L�K6avb6*�*vbH6*�b6a6b�b6+�)�a��KLLLCB����N����6+�*v`v*vavb6,�6+6b�a6b�*�6)�*vb6,vb6*�bH6+�*v`K6+�)�a��KLM�LCB�L�MMLNNMM�6+�b6bH6.�*v,�)�a6*H6+6a6`�)�a�6`�a6b�a�*v,HʌL�v-�6+�)�a��KLM��CB�LL���L�6-6)�b6*v,H6+6,�aH6)�*v`�,�bH6,v*v-6ava6+�)�a��KL͌CB���L�K6-6)�av*�b6bH6*6*vb�*6bH6a6b6.6av)�-6)�6ava6+�)�a��KLM��CB�LM�LNL�M�K6-6)�av*�b6ava�+�)�a6)�a�6*6b�*6b�)�6)�*va6av)�a�bH�L6ava6+�)�a��KL���CB�LM�LNL�L�6,�*vb�*�6a�*v,vav`�*v,v*vb6*H6*6*vb�*6bH6*6b�*6b�)��L6ava6+�)�a��KL���CB����L�MM��6,�)�*6b6a�6,�)�b�a6a6)�a6b6a�bH�6a6*�,K6+�)�a��KL�L�LCB����L�ML̋6-v)�*6b6a�6,�)�)�a6a6)�a6b6a�bH6*�,vb6`vb�-6a�)�a�a6*�,K6+�)�a��KL�L�LCB����L�MMK6,�)�*6b6a�6,�)�b�a6a6)�a6b6a�bH�6a6*�,K6+�)�a��KL�L�LCB�ML͌M6+�b6bH6.�*v,�)�a6*H6+�`�*�b6,H6*6b�`�av)�a��L6-�6+�)�a��KLM��CB�LM�LNL�L�K6`�,vb�aH6*6b�*6b�)�6,�b6*�)�a�*vb6*vbH6*�b�,�*�ML6ava6+�)�a��KL���CB���L�M�6+�*v,vav)�a�6*6b6,vbH6*�b6,�6+˶*6b�`�av)�a�L6-�6+�)�a��KL͌CB����L�L�6-6*v,v*6*v*�6a6b�avb6,�a�6)�b�-�6-6b6-6*H�6ava6+�)�a��KL���CB�����LMLLM�6,�)�.6)�,H6)�)�-L6-�,v)�aK6+�)�a��KL�LCB��M�����LNK6av,v*v*6)�6,�b�c�,H6-6b6-6*H�6-�,v)�aK6+�)�a��KLM��CB��L�M̍�LLN6+�)�a�6*6b�c�,�*�)��6-�,v)�aK6+�)�a��KLLL�LCB��LL��L��M6a6b6-6a�6+6,�aH6a�b6*6bH6ava6+�)�a��KL��L��LCB��LL��L���6a6b6-6a�6+6,�aH6a�b6*6bH6ava6+�)�a��KL��L��LCB��LL��L���K6a6b6-6a�6+6,�aH6a�b6*6bH6ava6+�)�a��KL��L��LCB������L�6`va6`va6,�+v,H6-6b6-6*H��6-�,v)�aK6+�)�a��KLLL�LCB���L�L���K6a6*vb�avb6a�6+�,�6,v*v,�6`�b�,�*H�L6-�,v)�aK6+�)�a��KLLL�LCB���L�L�N6`v)�-vb6a6bH6,�*�bH6,v*v,�6`�b�,�*H6`�-�6+�)�a��KLL�LLCB��M�M�L͋6,�)�.6)�,H6,v*v,�6`�b�,�*H6`�-�6+�)�a��KL�LCB���L�L�K6,�)�.6)�,H6a�b�,H6,v*v,�6`�b�,�*H6`�-�6+�)�a��KLLLMLCB�����N�M�LK6`�b�`�6*�b6*�6,�)�a�v-�,v)�aK6+�)�a��KLCB��LLLLM�LN6+�)�,v`�bH6*6b�*6,�bH6ava6*vb6a��ava6aH6`vb6+�*�)�`��6.v+�+��LN6+�)�a��KLM��CB���L��6avb6*�*vbH6`�)�,v*�bH6+�b6,H6.v)�b�a6bH6ava6+�)�a��KLM��CB����L�LL͋6-6*v,v*6*v*�6`v,vb�b6,vav)�a�6+�)�a��KLLLCB�LM�N�6,vb�+�6*6b6a6*6bH6-6*v`�,H6*6,vb�*�)�a�bH�L6ava6+�)�a��KL��L��LCB���LM��M���K6av.v+6b6a�6*�*vav)�*�*H6)�a6,v)�`v+�b�a�6-�6+�)�a��KL�LCB��L�M�L�6*�)�b�*�6a�b6*6bH6.�*v,�)�a6*vbH6)�b6*�b6av)�*�b�`��`�-�6+�)�a��KL͌CB���MM�L��M�K6-6b�,H6a�b�+�b6,�*v,H6`�*v,�`�6.�,v)�aK6+�)�a��KLLLCB��MM�L�L�MM͋6-6b6,v*�6,�*�,vb6a�-�6*6b6bH6)�b�*�)�a6bH6)�-va6bK6+�)�a��KL͌CB����LNĽLK6,�,v`�*vbH6,�*�bH6`�,�b6b�a�va6*�,K6+�)�a��KL�LCB��MM�L�L�M�L�6-6b6,v*�6,�*�,vb6a�-�6*6b6bH6)�b�*�)�a6bH6)�-va6bK6+�)�a��KL͌CB��MM�L�L�M�6-6b6,v*�6,�*�,vb6a�-�6*6b6bH6)�b�*�)�a6bH6)�-va6bK6+�)�a��KL͌CB��MM�L�L�M��6-6b6,v*�6,�*�,vb6a�-�6*6b6bH6)�b�*�)�a6bH6)�-va6bK6+�)�a��KL͌CB���L�����6-6b�,H6*�,vb�av)�6*�,vb6.�,v)�aH6,v*v`�*vaH�6+�)�a��KL��L��LCB���LL�M�NK6*�,�`�b�*�6b6b�`v*v,H6)�*va6*�b�c�a6)��6.v+�+�6+�)�a��KL��L��LCB��L͍�M�L͍K6`�b�c�`�6)�*va6*�b�c�a6)��6.v+�+�6+�)�a��KL�LCB��L͍�NNL��6`�b�c�`�6)�*va6*�b�c�a6)�6-�,v)�aK6+�)�a��KLCB���LL�MNNLK6a�*v,�*�*va6*H6)�*va6*�b�c�a6)�6*6b�,�`�bH�6.v+�+�6+�)�a��KL��L��LCB����M�M�6)�b�a�,v,6bH6)�)�bH6`�b6a6`�b6+�bH�L6ava6+�)�a��KL�LCB�������LLL6-6*v,v*6*v*�6avb6-6*�*v*6)�6*�,vbH�6ava6+�)�a��KL�L�LCB���LMMK6avb�a6)�`�6,�.vb6+�bH6-�6+�)�a��KL�L�LCB��LL��M��N6,vb6a�6*6,vb6,�,H6*6*v,vavb�aL�a6*�,K6+�)�a��KL�M�͌CB�̍�L�N��̋6-6)�av*�b6bH6*�,v-�6b�a6bH6*�b�a�`��L6ava6+�)�a��KL���CB����LL�M6`�b�`�6-�b6`�b6*�)�bH�6-�,v)�aK6+�)�a��KLLLCB�����LL��K6+�b�)�,v-6b6,H6*�`�6*6)�a�b6-6b6-6*H�L6-�,v)�aK6+�)�a��KLM��CB��M�����̌NK6-�b6,v*vbH6*6)�av*6b6,vb�c�*6b�a�6+�,vb�,6+�)�a��KLM��CB����LLM��K6,�`v,v*vbH6,�*v`v*v,vbH6,�)�b�+�)��6-�,v)�aK6+�)�a��KLL�LM�LCB��M�MM��M�ML�6av)�+6b�`�6,�*�b�`��6-�,v)�aK6+�)�a��KLCB��LLM��L�6)�)�`H6*6*�a6`�)�,vb6)�a�L6ava6+�)�a��KLCB��LLLM�̍K6+6a6bH6*�,v)�a6b�-�)�6`�)�a6`�H6`�-�6+�)�a��KLLLCB��LL�M�L�N�6*�b6+�b�a�-�6-�b6`�b6a6)�*�*H6b�`�*v,H�v-�,v)�aJ�6.v+�+�6+�)�a��KLLLMLCB��LL�M�L�NM6*�b6+�b�a�-�6avb6,�6b�`�*v,H�v-�,v)�aJ�6.v+�+�6+�)�a��KLLLMLCB��N�����6av)�,�*�6)�a6,v+vav*H6,�b�*�aML6-�,v)�aK6+�)�a��KL�L�LCB�LNN�NL̋6-6b�,H6,�b�avb�a6)�`�6-�b6a6+�6-�,v)�aK6+�)�a��KL���LCB��M��L�M�L�6a�)�a�6)�a6*�b6,�*�6b�b6a�*�)�+��L6.�,v)�aK6+�)�a��KLM��CB�M��MM͍�6,vb�`�)�6)�)�av)�a�6*�)�,�va6*�,K6+�)�a��KL�LCB�L��M�LM�6+v*v*6*�*vb6)�a6b�*�6+6b�a�b�,v)�a6.v+�+ʍL6-�,v)�aK6+�)�a��KL��L��LCB����M�MNML̋6*�*va�b�,H6`�)�a6*H�6-�,v)�aK6+�)�a��KLLLMLCB����NL��MK6+v*v`v)�,�*vbH6`�b6a�`vbH̶.v+�+�6,v*v`�*vaH�6+�)�a��KL�L�LCB��L͎LMMK6-6)�av*�b6bH6+6a6`�6*�)�,�6a6*�,K6+�)�a��KL͌CB����M�M���6av,v*�+�b�a6)�6*6*6,vb6a�bH6*�avb�a�)�L6-�6+�)�a��KLLLCB�M���M���6+6*v,�*6av-6`�6+�*v`v*�*v,vbK6+�)�a��KLLLCB�NLLNML�6,�*6b6`�6*6,v+6+v)�,�,vbH6+6b6)�a�)�6+�)�a��KL�LCB�NLLNMLM�K6,�*6b6`�6*6,v+6+v)�,�,vbH6+6b6)�a�)�6+�)�a��KL�LCB�NLLNML��6,�*6b6`�6*6,v+6+v)�,�,vbH6+6b6)�a�)�6+�)�a��KL�LCB�NLLNML���6,�*6b6`�6*6,v+6+v)�,�,vbH6+6b6)�a�)�6+�)�a��KL�LCB����M��L�K6-6*v,v*6*v*�6)�)�,vbH6,�b6a�6-6`v)�`H�L6ava6+�)�a��KLLLMLCB��LL��N��K6+�)6bH6`�*va�+�b�a6*6*�a�6ava6+�)�a��KLLLCB�M�LML�M�6+�)6bH6a�*v.va�)�.H6`�*va�+�b�a6*6*�aK�va6*�,K6+�)�a��KLLL�LCB�M�LML�K6+�)6bH6a6b�avb6`�*va�+�b�a6*6*�aK�va6*�,K6+�)�a��KLLL�LCB�M�MM�MN6+�)6bH6*�,v-6`�*va�+�b�a6*6*�aK�va6*�,K6+�)�a��KLLL�LCB�M�MM�MNM�6+�)6bH6-6b�,vb�a�6`�*va�+�b�a6*6*�aK�va6*�,K6+�)�a��KLLL�LCB�����MM�L6*�,v-6b6`�6av)�,vb6b�a�6+�)�a��KLCB���LLNL�K6av.v*v*�*v,H6+6*vb6)�b6a�b6*6+�)�+���6ava6+�)�a��KL�L�LCB���LLNMMK6av.v*v*�*v,H6+6*vb6)�b6a�b6*6+�)�+���6ava6+�)�a��KL�L�LCB���LLNM6av.v*v*�*v,H6+6*vb6)�b6a�b6*6+�)�+���6ava6+�)�a��KL�L�LCB���L��L�̋6av.v*v*�*v,H6`v)�b�a�6*�*vb6)�a6b�c�*��6ava6+�)�a��KL�L�LCB���L��MM�6av.v*v*�*v,H6`v)�b�a�6*�*vb6)�a6b�c�*��6ava6+�)�a��KL�L�LCB���L��L�M�6av.v*v*�*v,H6`v)�b�a�6*�*vb6)�a6b�c�*��6ava6+�)�a��KL�L�LCB���L��M�6av.v*v*�*v,H6`v)�b�a�6*�*vb6)�a6b�c�*��6ava6+�)�a��KL�L�LCB���L��L�K6av.v*v*�*v,H6`v)�b�a�6*�*vb6)�a6b�c�*��6ava6+�)�a��KL�L�LCB�����N��M��6-6*v`�,H6a�b6`�a6*6)�a6`�b�,�6`�)�a6`��6-�,v)�aK6+�)�a��KLLL�LCB�M��L�N��MK6-6*v`�,H6a�b6`�a6*6)�a6`�b�,�6`�)�a6`��6-�,v)�aK6+�)�a��KLLL�LCB���̍���6+�b6*6*vbH6`�b�`�6`v,�*�*v`��6.v+�+�6+�)�a��KL�LCB���̍��LK6+�b6*6*vbH6`�b�`�6`v,�*�*v`�Mv-�,v)�aK6+�)�a��KLCB���̍�̌NL�6`�b�`�6+�b6*6*vbH6,�b6`va6bH�6.v+�+�6+�)�a��KL�LCB���̍��MN6`�b�`�6+�b6*6*vbH6,�b6`va6bHv-�,v)�aK6+�)�a��KLCB��N��M�6`�b�`�6+�b6*6*vbH6av)�,v-6avb�a6b6`v,�*�*v`��6.v+�+�6+�)�a��KL�LCB��N���K6`�b�`�6+�b6*6*vbH6av)�,v-6avb�a6b6`v,�*�*v`�L6-�,v)�aK6+�)�a��KLCB��N��M�6b6b�`v*v,H6-�b6`�b6a6)�*�*H6+�b6*6*vbH�6.v+�+���6+�)�a��KL��L��LCB��L�ML͌M6*6b�,�`�b6b�*�6,v)�.6b�b6,�)�,v)�bH�6.v+�+�6+�)�a��KLLLMLCB��L�M͌M�6*6b�,�`�b6b�*�6,v)�.6b�b6,�)�,v)�bH�v-�,v)�aK6+�)�a��KLCB��L�L�͌LL�6*6b�,�`�b6b�*�6,v)�.6b�b6,�)�,v)�bH�6.v+�+�6+�)�a��KLLLMLCB��L�LL͌LMK6*6b�,�`�b6b�*�6,v)�.6b�b6,�)�,v)�bH�v-�,v)�aK6+�)�a��KLCB��M��NL�6`�b�`�6-v*vavb6a�6`v,�*�*v`�6.6)�a�b�a6bH�6.v+�+�6+�)�a��KL�L�LCB��M��L�K6`�b�`�6-v*vavb6a�6`v,�*�*v`�6.6)�a�b�a6bH�6-�,v)�aK6+�)�a��KLCB�N�͍��LK6*�,�`�b�*�6*6,vb�,�b�a6,�)�a6*�b�*�,��6-�,v)�aK6+�)�a��KLCB��N��ML6`�,vb�c�aH6*6a�+�*v`�6b6`�)�`�)�b6)�b�*�)�a6b�)�a�b6,�b�*�a�6-�,v)�aK6+�)�a��KL�LCB��LLMNL�6+�)�a�`�b�`�6)�b6a6`�*v,H6`�b�,�*HL�v-�,v)�aK6+�)�a��KLL�LM�LCB��LLLK6`�b�`�6)�b6a6`�*v,H6avb�a�bH6`�b�,�*HM��-�,v)�aK6+�)�a��KLL�LM�LCB�L�͎6)�)�b�,�6`�b6`vbH6.6b�a�)�6*6*v,v+�)�+���6ava6+�)�a��KLM��CB���MM�L��NMK6-6b�,H6a�b�+�b6,�*v,H6`�*v,�`�N6.�,v)�aK6+�)�a��KL�M�̌CB���L�6avb6`�*vb�`H6a�b�b6a6)�b�`H�L6ava6+�)�a��KLLLMLCB��M�L���LLK6av*v`�b�a�*vbH6,�*va6)�*�*H6`�)�,v*v*6)�bH6`vb6b6+��a6*�,K6+�)�a��KLL�LLCB�LLLMMN6+�*v,�-�)�bH6,�*va6)�*�*H6`�)�,v*v*6)�bH6-�b�a�bK6+�)�a��KL͌CB��L̎LM�NM�6`�)�,�`�bH6+6-�)�,v*H6-6b6-6*H6a6b�`H6-�b6a6+�6+�)�a��KL�LCB���N�M���LK6`�*va�+�)�a�6-6b6-6*Hv.v+�+�6*�-�bK6+�)�a��KLLL�LCB��L�LL�L��6av`�a6b6`�6`�,vb�*�6,�aK6+�)�a��KLLLLLCB��L��LL̍N6av`�a6b6`�6`�,vb�*�v,�aK6+�)�a��KLM�LCB���M��LMMK6+�*va�`�*H6+v*v*6a6b�a�b6,H6*6,vb�*�)�a�bHMMv-�,v)�aK6+�)�a��KLM��CB���M��NK6+�*va�`�*H6+v*v*6a6b�a�b6,H6*6,vb�*�)�a�bHMMv-�,v)�aK6+�)�a��KLM��CB���M���NNL�6+�*va�`�*H6+v*v*6a6b�a�b6,H6*6,vb�*�)�a�bHMMv-�,v)�aK6+�)�a��KLM��CB��M͌��L�LLL̋6`�)�,�`�bH6+6-�)�,v*H6-6b6-6*H6+�b�a6bHLvavaK6+�)�a��KL�LCB�NN���M��̋6av.v+6b6a�6+�+�)�a�6`�b6+�b6avb6ava�+�)�a6)�a�v-�,v)�aK6+�)�a��KLLL�LCB��MNML�NML�6*�)�b6*v,H6*6)�a�`�6avb6`�,�b6aH�6avb�-�)�b6)�*��M�6+�)�a��KL�M��CB��L͌M�L�MK6-6)�av*�b6bH6ava�+�)�a6)�a�6*�b6av)�,vavb6a����ava6+�)�a��KL�L�LCB��NML�LN��6+6b�)�,�bH6-6*vav.v*H6b6)�`�,�L6+�)�a��KL�L�LCB��NM�NL�L�6avb�avb6,vbH6avb6*6)�b�a
�`�)�avb�,v*H6,�*va�+�b�,�`�6-�b�-�)�*6)�b�*�6+�)�a��KLM��CB��L�ML�͌LK6*�*v,vb6`�6`�)�-6bJ�+�)�,H�6+�)�a��KL���CB��M���M�LM��6,�*v.v)�*�bH6+�*v,�*��`�)�b�-�̎6+�)�a��KLM�LCB��M����͌M��̋6-6*vbH6av+6*v`v*vbH6*�,v-�L�6b6)�*�6+�)�a��KL�M���CB�MM���L�M�K6-6*vbH6av+6*v`v*vbH6*�,v-�6)�a6av)�a�bHM͌6+�)�a��KLL��L�CB��ML��LMK6av*v`�b�a�*vbH6avb6`va6)�b6a6*6,�6-�b�a�bK6+�)�a��KL�LCB��M�͌�͍��L�6+v*va6)�`�*vbH6+6*va�*�*H6b6`�a6)�b6-�b�a�bK6+�)�a��KLM��CB��MMM�L�����6a6*v*�`�6)�b6`�,�6a6)�,v+6+�)�a��KLLLMLCB����L�LMLK6*�b�c�`�*va6*vbH6avb�,v)�b6*K6+�)�a��KLM��CB����L�LM�K6-�)�,�b6avb�,v)�b6*K6+�)�a��KLM��CB����L�LMNK6`v,�*�*v`�bH6,�b6b�c�,H6avb�,v)�b6*K6+�)�a��KLM��CB�����LL�6-�)�,�b6avb�,v)�b6*H6*6-�b6`�6+�)�a��KL�LCB��L�L�L̋6,�*v,v`�*H6-6+va�6avb6*6)�b�aL�b6)�*�6b6`vbH�L�6+�)�a��KL͌CB����͌����6`�b�`�6a6b6.6b�*�)�6,v*vb6-6*va�L�v-�,v)�aK6+�)�a��KLLLMLCB����͍L͍�6*�,�`�b�*�6a6b6.6b�*�)�6`�*v`�*vb6,v*vb6-6*va�L��-�,v)�aK6+�)�a��KLLLMLCB����͍͌M�6*�,�`�b�*�6a6b6.6b�*�)�6*6a�+�*v`�6,v*vb6-6*va�L��-�,v)�aK6+�)�a��KLLLMLCB����M��L����K6)�b�a�,v,6bH6`�,v)�*�b6,��L6ava6+�)�a��KLLLCB��LL�����MK6)�b�a�,v,6bH6`�,v)�*�b6,��L6ava6+�)�a��KLLLCB����M��L����6)�b�a�,v,6bH6`�,v)�*�b6,��L6ava6+�)�a��KLLLCB���L��LL�6)�b�a�,v,6bH6b6)�b�*�6*�)�b�-�*v,H��6ava6+�)�a��KLLL�LCB��LL�LMK6,v*va�+�*vbH6*�*v*�)�*�*H6+�*v,�`�6+�)�,HLM6+�)�a��KLM��CB��MNML�L͌6a�b�*�`vb6a�6*6a6b6*�b6,�6avb6`�,�b6aH��K6+�)�a��KL�LCB��M�NLM����6a�b�*�`vb6a�6`�b�*6a6)�)�b�`vb6a�6avb�,HQKNK6+�)�a��KLLLCB��M��M���6`�b�*6a6avb6`�,�b6aHˍvavaHUV6+�)�a��KLLLCB��M����NL�LK6`�b�*6a6-6+va�6)�)�b�`vb6a�6)�)�a�,�*�bH�L�RK6+�)�a��KLLLCB��MNML�LM��6`�b�*6a6-6+va�6)�)�b�`vb6a�6avb6`�,�b6aHͶb6)�*�Ќ�L�6+�)�a��KLM��CB��L�LM�MLK6a�b�*�`vb6a�6`�b�*6a6avb6*6)�b�a6,�b�a6b�*6,v)�*���6+�)�a��KL���CB��NM�NLM̍L�6`va6)�-6avb�avb6,vbH6,�*va�+�b�,�`�M�-�b�-�)�*6)�b�*�6+�)�a��KL���CB�M̌L�N6-�b6a6)�`H6,�b�c�,v+6b6`HL6ava6+�)�a��KLM�MLCB���NL�6av.v*v*�*v,H6*6a�6*6)�a6+�b6.6*6,vb�*�)�a�bH6-�,v)�aK6+�)�a��KL͌CB��LLL�M�K6+6b�a6bH6*�,v-�6*�)�b�*�6,�*�b�a6b�a�-�6b6)�`�,�ML6-�,v)�aK6+�)�a��KL͌CB�LML�LN�6*�,v)�,�bH6`vb�`�bH6*6-�b6`��6+�)�a��KL���CB��M�NNMNL�6av.v+6b6a�6+�+�)�a�6,�a�,�b6+�)�b�a�L6ava6+�)�a��KL�L�LCB��MNL�LK6*�av*�`vb6`�6*6)�a6b6a�v.v+�+�֋L�K6+�)�a��KLLLMLCB���M����6*�av*�`vb6`�6ava6*vb6a�6+�)�a��KL�LCB�NNM���NM6av.v*v*�*v,H6*6a�6*6)�a6a�b�.6b�)�6-6b6-6*HL6ava6+�)�a��KL�L�LCB��M͌�NM���6a�*v.6b�,H6ava�+�)�a6)�a�6`�)�a6`�6+�,vb�,6ava6*vb6a�6+�)�a��KLLL�LCB��M�M���L���6*�)�a�`�*vbH6avb�a�bH6-6+va�6+�)�a��KL�L�LCB����LLLL��L�6a�)�b�a6b6a�6av+6*vavb�+�*H6b�*va6*vbv`�-�L
��6,�aK6+�)�a��KL���CB����LLLNNM��6,�`v,v*vbH6,�*v`v*v,vbH6b�*va6*vbL6-�,v)�aK6+�)�a��KL�L�LCB����LLLL��L�6a�)�b�a6b6a�6av+6*vavb�+�*H6b�*va6*vbv`�-��
�6,�aK6+�)�a��KL���CB����NL�ML�M6-6*v,v*6*v*�6*6)�+6b�`�)�6-6b6-6*K6+�)�a��KL�LCB����L��M�M�6`�*v-�`�6)�)�b�,�6`�,vb�c�aH6`vb6+�*�)�`�L6-�,v)�aK6+�)�a��KL͌CB�M���6`�b6`�)�`�b6a6)�6-6b6-6*H6*�,v`�bH�6ava6+�)�a��KL�LCB����L�M6*6*v,v+�)�+�6)�)�b6,�*v`v*v,vbH6*�,v`�bHN6,�bv,�bHL6.v+�+�6+�)�a��KLLLMLCB���M�̍6*�,v-6b6`�6-6)�,va�L6-�,v)�aK6+�)�a��KL�L�LCB���L��L��L6*�b�*�,�bH6-6b6-6*H�L6ava6+�)�a��KLLLCB��L�NNMLMML6-6b�,H6-�b6a�+�b6,H6*�b�b6,H6-6)�aH�6ava6+�)�a��KLLLCB��L�NNMLML�K6-6b�,H6-�b6`�b6a6)�*�*H6*�b�b6,H6-6)�aH�6ava6+�)�a��KLLLCB�M��L��M�K6-6b�,H6`v,v)�b6a6*H6*�b�b6,H6-6)�aH�6ava6+�)�a��KLLLCB�M��L�͎L�6-6b�,H6avb6,�6*�b�b6,H6-6)�aH�6ava6+�)�a��KLLLCB���������LMK6*�,v-6b6`�6,vb6a6-6)�,va�6+�)�a��KLLLCB�����L̎L�6-�b�*�,�6av,�av,�N6-�,v)�aK6+�)�a��KLM��CB�����L̎�6-�b�*�,�6av,�av,�N6-�,v)�aK6+�)�a��KLM��CB�����L�̌M�6-�b�*�,�6av,�av,�N6-�,v)�aK6+�)�a��KLM��CB�����L�̌K6-�b�*�,�6av,�av,�L6-�,v)�aK6+�)�a��KL�LCB����M�M���6avb6*�*vbH6.v)�b�a6bH6`�)�a6*K6+�)�a��KLNL��LCB�LL�MM6+6`�)�,v*H6*�b�,v)�6+6a�)�,�6+�)�a��KL��L��LCB�LML�NM��6,�av)�`�6-�a6*�)�,v*H6`�)�a6`�6+�)�a��KL�L�LCB��M�ML���K6`�*va�+�)�a�6-6b6-6*Hv.v+�+���K6+�)�a��KLLL�LCB��M͍�M���M6`�a6b�a�,�6+va6)�`�*H6-�b�a�bHMN6.v+�+�6+�)�a��KLL�LM�LCB��NM�LL͌M�6*�)�`�`�*v,vb6*vbH6+6)�aH6a�)�b�+6a�b�`��L6ava6+�)�a��KLM��CB��M��L�LNL�6-�b6a6)�`H6*�,vb6.6)�L�6ava6+�)�a��KL�L�LCB��NL�͎͌M6-�b6,v*vbH6+�,vb�,6+�b6a�+�)�,H6*�a6)�,�6av.v*�,K6+�)�a��KL�L�LCB��LL͎L�M̋6`�a6b�c�a�,�6*�*v,H6*6b�a�-�bM�.v+�+�6+�)�a��KL͌CB��LL͎MM�K6`�a6b�a�,�6*�*v,H6avb6a6`vb�`�,�L6.v+�+�6+�)�a��KLL�LM�LCB��L���̍MM�6+v*v`v)�,�*vbH6`�)�a�6*6*vb�*6bH��.v+�+�6,v*v`�*vaH�6+�)�a��KLL�LL�LCB��L���̍L̋6+v*v`v)�,�*vbH6`�)�a�6*6*vb�*6bHL6.v+�+�6,v*v`�*vaH6+�)�a��KLL�LL�LCB��L���̍MK6+v*v`v)�,�*vbH6`�)�a�6*6*vb�*6bH6.v+�+�6,v*v`�*vaHK6+�)�a��KLL�LL�LCB��LL�M�NL̋6*�,�`�b�*�6-�b6`�b6a6)�*�)�aH6*�b6,v`�b�-�,v)�aJ��6.v+�+�6+�)�a��KLLL�LCB��LL�L�M���6*�,�`�b�*�6-�b6`�b6a6)�*�)�aH6*�b6,v`�b�-�,v)�aK6+�)�a��KLCB��LN��M6-6*v,v*6*v*�6*�,v*�*v`�)�a6,vb�a�)�6-6b6-6*H6ava6+�)�a��KL�LCB��LN��L�6-6*v,v*6*v*�6av)�a�-�b6,vb�a�)�6-6b6-6*H6ava6+�)�a��KL�LCB��LN��K6-6*v,v*6*v*�6av-6av-6,vb�a�)�6-6b6-6*H6ava6+�)�a��KL�LCB��LN���K6-6*v,v*6*v*�6*�b6*�6av-6*v`�a6,vb�a�)�6-6b6-6*H6ava6+�)�a��KL�LCB��LN��͋6-6*v,v*6*v*�6a6b�avb6,vb�a�)�6-6b6-6*H6ava6+�)�a��KL�LCB��L��NLMLL�6*6)�avbH6av`�6`v)�b�a�6`�b�,�*HL6.�,v)�aK6+�)�a��KL�L�LCB��L��NLMLL6*6)�,�a6b�)�6av`�6`v)�b�a�6`�b�,�*HL6.�,v)�aK6+�)�a��KLNL��LCB�NNN��LM6*�*va�b�,H6*6b6+�)�6,�b�c�-�b6-6*H6.v+�+ʌL6-�,v)�aK6+�)�a��KL�L�LCB�NNN��LML͋6*�*va�b�,H6*6b6+�)�6`�)�a6`�N6-�,v)�aK6+�)�a��KLLLMLCB�NNN��L�MNNK6*�*va�b�,H6*6b6+�)�6`�)�,v*�b6a�N6-�,v)�aK6+�)�a��KLLLMLCB�NNN��L�M�L�6*�*va�b�,H6*6b6+�)��.v+�+ʌL6-�,v)�aK6+�)�a��KL�LCB��LL��M��L�K6,�*6+�*H6av)�a�b�,�)�a��6-�,v)�aK6+�)�a��KLLLCB�MLLLNMM�K6`�a�*�)�`�bH6av,vb�-6`�6+v)�,H6*6b6)�+�bH6`�b�,�*H6-�,v)�aK6+�)�a��KLLLCB�MLLLNMM�N6`�a�*�)�`�bH6a�)�+6*�,�6av,vb�-6`�6*6b6)�+�bH6`�b�,�*H�L6-�,v)�aK6+�)�a��KL�L�LCB��L��NLMNL��6*6)�,�a6b�)�6av-6*v`�a6av`�6`v)�b�a�6`�b�,�*HL6-�,v)�aK6+�)�a��KLM��CB��L��NL�M�K6`vb�a�-�*v,H6`v)�b�a�6`vb6b6+�6`�b�,�*HL6-�,v)�aK6+�)�a��KL���CB��L��NL��NK6`vb�a�-�*v,H6`v)�b�a�6`vb6b6+�6`�b�,�*HL6-�,v)�aK6+�)�a��KL���CB�����MNLNK6*�*va�b�,H6*�b�*�,�)�6)�,v-6)�aH6*�`��`�-�6+�)�a��KLLLMLCB�LLL����MK6`�b6`�bH6+�)�b�*�6`�b6+�bH6*6,vb�*�)�a�bH��6ava6+�)�a��KLLLMLCB��L�NN�6a�*v,�*�*va6*H6,�*v,v`�b�c�`�6,�-�b6a��6-�,v)�aK6+�)�a��KLL�LM�LCB��LL�M�����6*�,�`�b�*�6b6b�`v*v,H6*6a�+�*v`�6a�*vav*6*v,H6b6*va��6.v+�+�6+�)�a��KL�LCB��LL�M��6*�,�`�b�*�6b6b�`v*v,H6*6a�+�*v`�6a�*vav*6*v,H6b6*va�6-�,v)�aK6+�)�a��KLCB��LL�M���6a�*v,�*�*va6*H6b6b�`v*v,H6a�*vav*6*v,H6b6*va��6.v+�+�6+�)�a��KLLLMLCB��LL�L�N�6a�*v,�*�*va6*H6b6b�`v*v,H6a�*vav*6*v,H6b6*va�̶-�,v)�aK6+�)�a��KLCB���L��MK6-6*v,v*6*v*�6a�)�a��6ava6+�)�a��KLCB���L��M̋6-6*v,v*6*v*�6a�)�a��6ava6+�)�a��KLCB���L����6-6*v,v*6*v*�6a�)�a��6ava6+�)�a��KLCB���L����6-6*v,v*6*v*�6a�)�a��6ava6+�)�a��KLCB��LL��6*�)�b�*�6a6*v`�*vb6+�*v`�6a�b�,�L6-�,v)�aK6+�)�a��KL�L�LCB��L��L6-v)�*6b6a�6,�)�)�a6a�b�,��a6*�,K6+�)�a��KL͌CB��L�L�6-6)�av*�b6bH6+6a6`�6a�b�,��a6*�,K6+�)�a��KLLLCB����M���K6,�*vb�*�b6a�6,�*v,H6)�a6,v+vav*H6-6b6-6*HML6-�,v)�aK6+�)�a��KL͌CB�L��L�ML�6avb6*�*H6,�)�a�+�,v)�6`v,vb6*�6*�b6*�bK6+�)�a��KLCB����L��L�6`�b�`�6-�b6`�b6*�)�bH�.v+�+ʌN6-�,v)�aK6+�)�a��KLL�LM�LCB����L�M6`�b�`�6-�b6`�b6*�)�bH�.v+�+ʌN6-�,v)�aK6+�)�a��KLL�LM�LCB����L�K6`�b�`�6-�b6`�b6*�)�bH�.v+�+ʌN6-�,v)�aK6+�)�a��KLL�LM�LCB����LL��6`�b�`�6-�b6`�b6*�)�bH�.v+�+ʌN6-�,v)�aK6+�)�a��KLL�LM�LCB����LL�L̋6+6b�c�a6bH6*6b6a�)�,v*�L�.v+�+�6+�)�a��KLLLMLCB����L��L�MM6`�b6a6b�-�*vbH6*�)�`�a�)�a��6.v+�+��L6+�)�a��KL�L�LCB��M�M�6.va6`�6.6b�.6b�+�a�*���-�,v)�aK6+�)�a��KLLL�LCB��M�L�6.va6`�6.6b�.6b�+�a�*���-�,v)�aK6+�)�a��KLLL�LCB����L�K6-6*v,v*6*v*�6,�*�6)�b�+6)�*va�*va�)�,�6-6b6-6*K6+�)�a��KL���CB�L��L�M�6avb6*�*vbH6.v)�b�a6bH6,�*va�+�,v)��.v+�+�6+�)�a��KLLLCB�L��L�NMMK6avb6*�*vbH6.v)�b�a6bH6,�*va�+�,v)�bH�.v+�+�6+�)�a��KLLLCB���LLMLML���6,vb�`�)�bH6)�)�av)�a�6`v)�a6`�b6a��L6ava6+�)�a��KL���CB����̌�LL�̋6.va6)�-�*vbH6`v,vb�,�*v,H6,vb6a6bH6*�b�a6-�b6a�L6.v+�+�6+�)�a��KL���CB�����M��6av.v+6b6a�6`va6`va6+v)�,H6a�*vb6,v*v,�6-6b6-6*H�6-�,v)�aK6+�)�a��KLLLCB�����M�LK6av.v+6b6a�6`va6`va6-6b�,vb�a�6a�*vb6,v*v,�6-6b6-6*H�6-�,v)�aK6+�)�a��KLLLCB��L�LLLNĽ�K6*6)�+�bH6)�)�`v`�6`vb6+�*�)�`��)�b�a�-�L6.v+�+�6+�)�a��KL���CB��L�LLLL�M��6`�b6*�6b6,v`��)�b6a�,�6`vb6+�*�)�`�L6.v+�+�6+�)�a��KL�LCB��NL�MNNK6av.v*v*�*v,H6+6*vb6`�)�.6)�b�a6b6*6+�)�+�L6ava6+�)�a��KLLLMLCB��NL�M��6av.v*v*�*v,H6+6*vb6`�)�.6)�b�a6b6*6+�)�+�L6ava6+�)�a��KLLLMLCB��NL�MN��6av.v*v*�*v,H6+6*vb6`�)�.6)�b�a6b6*6+�)�+�L6ava6+�)�a��KLLLMLCB��NL�M�L6av.v*v*�*v,H6+6*vb6`�)�.6)�b�a6b6*6+�)�+�L6ava6+�)�a��KLLLMLCB����M̍M��6-�b6-6*�6av)�,�bH6av)�av+�)�aH6`�b6+�bHN6-�,v)�aK6+�)�a��KL�LCB������MK6-v)�-H6,�b�,H6,�+v,H6+�*v*6*H�6-�,v)�aK6+�)�a��KLL�LM�LCB������MN6-v)�-H6a6b�avb6,�+v,H6+�*v*6*H�6-�,v)�aK6+�)�a��KLLLMLCB��M���͋6`�*va6*vaH6+6)�`K6+�)�a��KLCB��MMLL�LL��6-�a6b6*6+�)�a��KLM��CB�L͌����K6-6*v,v*6*v*�6,vb�*�)�6+�b6+��L6ava6+�)�a��KL�L�LCB�M��M��LK6+6*v,�*6av-6`�6+�*v`v*�*v,K6+�)�a��KLLLCB��M�L�LL6*�)�b�*�P��6.�*v,�)�a6*vbH6.v)�+�bHL6`�-�6+�)�a��KLL�LL�LCB��M�MM�M�6*�)�b�*�6,�b6,H6.�*v,�)�a6*vbH6.v)�+�bH�`�-�6+�)�a��KLLLCB���M���6*�,v-6b6`�6-6)�,va�L6-�,v)�aK6+�)�a��KL�L�LCB��M�ĽL�NK6)�*va�+�b6avbH6*6)�a�b�*�bH�v-�,v)�aK6+�)�a��KLLLCB��M�ĽL͌LK6)�*va�+�b6avbH6*6)�a�b�*�bH�v-�,v)�aK6+�)�a��KLLLCB��M�ĽL�M�6)�*va�+�b6avbH6*6)�a�b�*�bH�v-�,v)�aK6+�)�a��KLLLCB��M�ĽL�M��6)�*va�+�b6avbH6*6)�a�b�*�bH�v-�,v)�aK6+�)�a��KLLLCB��LM̌��M�6+�b6*6*vbH6`�b�`�6`v,�*�*v`�6b6`�)�`�)�b6-�,v)�aK6+�)�a��KLCB�ML�M��N6)�b�a�,v,6bH6*6,v*6b�`�)�a�6*�b�,v*6b6`�a6)�,�b�`��6ava6+�)�a��KLLLCB��LLL���L�6av,vb�-6`�6`�b6,�+�*HL�6+�)�a��KLLLMLCB���LMNK6av,vb�-6`�6*�)�,v-�*H6`�,v)�b6`�b6)�a6b�`�bML6-�,v)�aK6+�)�a��KLLL�LCB�L��L�K6av)�,�bH6*�)�,v-�*v`�,v)�b6)�a6av+v)�,HL6-�,v)�aK6+�)�a��KLLLCB��LM���N6+�b6bH6,v)�avbH6`v)�,vaHK�va6*�,K6+�)�a��KL�L�LCB��LM���NK6+�b6bH6,v)�avbH6`v)�,vaHva6*�,K6+�)�a��KLL�LM�LCB��M�L�LNNM�6-6*v,v*6*v*�6)�b�-�b�aH��6ava6+�)�a��KL�LCB��M�L�LNM��6-6*v,v*6*v*�6)�b�-�b�aH��6ava6+�)�a��KL�LCB��M�L�LNM��6-6*v,v*6*v*�6)�b�-�b�aH��6ava6+�)�a��KL�LCB��L���6-6*v,v*6*v*�6+6)�a�b�aH�6ava6+�)�a��KLLLCB�M�LNML�NL��6)�)�b�,�6`�b6`vbH6,�*�)�,v*6b6`�,�6-6b6-6*H�L6ava6+�)�a��KL�L�LCB�L�LLM��6-6*v,v*6*v*�6avb6-�b6avb6-�b̌6aK6+�)�a��KL�LCB����L����K6-6*v,v*6*v*�6`�b6*6bH6a6)�a�+�6-6b6-6*H�6ava6+�)�a��KL�LCB�����LM�NK6av)�b�b6a�b�,�6+v)�,H6`�)�a6*H�v-�,v)�aK6+�)�a��KL�L�LCB�͌���6,�*vb�*�6-�*va�av*v-6)�avbH6`vb�a�)�a�a6*�,K6+�)�a��KLLLMLCB�͌����6,�*vb�*�6-�*va�av*v-6)�avbH6`vb�a�)�ava6*�,K6+�)�a��KL��L��LCB���MM�LM��͋6,�b6*�6av)�+6bH6av,vb�-6`�6b6-6.v,vb�*HL6-�,v)�aJ�L�.v+�+�6+�)�a��KLL�LLCB�M���M�M�K6-6)�av*�b6bH6+6a6`�6`�b6ava6bH��v`�-�6+�)�a��KL�LCB�LLMM�MM�6*�)�b�*�6.6)�a�b�-6+�*v`�v`�-�6+�)�a��KL�L�LCB����NLML�M6*�,�`�b�*�6b6b�`v*v,H6a6)�avb�)�a�6.v)�b�a6bH�L6-�,v)�aK6+�)�a��KL�LCB���������K6*�,�`�b�*�6b6b�`v*v,H6a6)�avb�)�a�6.v)�b�a6bH�L6-�,v)�aK6+�)�a��KL�LCB����NLML��6*�,�`�b�*�6b6b�`v*v,H6a6)�avb�)�a�6.v)�b�a6bH�L6-�,v)�aK6+�)�a��KL�LCB����NLML��K6*�,�`�b�*�6b6b�`v*v,H6a6)�avb�)�a�6.v)�b�a6bH�L6-�,v)�aK6+�)�a��KL�LCB����L�L6*�,�`�b�*�6*�b�*�bH6*�b6,H6)�)�,�,v+�b�,��6-�,v)�aK6+�)�a��KL�LCB����L�L��6*�,�`�b�*�6*�b�*�bH6*�b6,H6)�)�,�,v+�b�,��6-�,v)�aK6+�)�a��KL�LCB�L��L�LM�6avb6*�*vbH6.v)�b�a6bH6,�)�a�+�,v)�L�6+�)�a��KL�L�LCB��ML��L͋6*�,�`�b�*�6*6bvc�6-6*v`�,H6-�b6`�b6`�b6`�b�,��6-�,v)�aK6+�)�a��KL͌CB�M�L��L���6*�,�`�b�*�6`�b6`�b�,�6-�b6`�b6a6)�*�*H6-�b6+�b�a�6`�b�,�*H��6-�,v)�aK6+�)�a��KL�L�LCB�LLL�LNLM͋6*6*va�b�-6*�6,�b�+�6`�)�a�+�bH6+�,vb�c�,M�.�,v)�aK6+�)�a��KLCB�͌������L6*�,�`�b�*�6avb�a6`�)�6-�b6`�b6`�b6`�b�,�L�v-�,v)�aK6+�)�a��KL��L��LCB�͌���L���NK6*�,�`�b�*�6-�b6`�b6`�b6avb�a6`�)�6-�,v)�aK6+�)�a��KL�LCB�NL�L����6a�*v,�*�*va6*H6a�b�,�`�b6b�`��v-�,v)�aK6+�)�a��KL�LCB��NNL�N���6-�b6`�a6b�c�*�6*6b�a6-�b6aH6`�b�,�*HL6-�,v)�aK6+�)�a��KLL�LL�LCB��L���NL�LM6-�b�*�,�6`vb�a�-�*v,H6*6*v,v+�)�+�L6-�,v)�aK6+�)�a��KLLLMLCB��M���M�LLLLK6*�,�`�b�*�6`�,v)�avb�a6-�b6+�b�a���6-�,v)�aK6+�)�a��KL�L�LCB�M�L��LM�K6*�,�`�b�*�6`�b6`�b�,�6-�b6`�b6a6)�*�*H6-�b6+�b�a�N6-�,v)�aK6+�)�a��KLLLCB�M�L��LNM6*�,�`�b�*�6av-6*v`�a6*6*vb�*6b6,H6*6b�*v,H�6-�,v)�aK6+�)�a��KLLLCB�M�L��LNL��6*�,�`�b�*�6av-6*v`�a6*6*vb�*6b6,H6*6b�*v,H�6-�,v)�aK6+�)�a��KLLLCB�L���6-�b�*�,�6*�)�`�b�,�6*6a6bL6-�,v)�aK6+�)�a��KL�L�LCB�NMLM���MK6-�b�*�,�6*�)�`�b�,�6`vb6b�-�bL6-�,v)�aK6+�)�a��KL��L��LCB�NMLM��N6-�b�*�,�6*�)�`�b�,�6+�,v*v-�b6a�L6-�,v)�aK6+�)�a��KL��L��LCB�L�L��6`�b�a�+�*v,H6`�,vb�,�*�bH�6-�,v)�aK6+�)�a��KLM��CB��MMN�M�NM�6av)�,v-6avb�a6b6a�,v-��v-�,v)�aK6+�)�a��KL�L�LCB����LN�6avb�,6avb�,6b6`�6ava6*vb6a���-�,v)�aK6+�)�a��KLCB����LN�K6avb�,6avb�,6b6`�6ava6*vb6a���-�,v)�aK6+�)�a��KLCB�L����M6-6*v`�,H6`�)�b6*vbH6)�,�*�)�a�bH6+�a6b�*�6`�b�,�*HL6-�,v)�aK6+�)�a��KL�LCB��M͍�NLL��6)�*va�+�b6avbH6-�b�a�bHM6-�,v)�aK6+�)�a��KLM��CB��M͍�NLLM�K6)�*va�+�b6avbH6-�b�a�bHL�6-�,v)�aK6+�)�a��KLM��CB�NL�͌��L�6*�,�`�b�*�6)�b6,vb�b6)�b6,v+6b�a�)�aLL�6-�,v)�aK6+�)�a��KLLL�LCB�L�����6-6*v`�,H6,�*�b�.6b�)�6+�)�b�*��
�v-�,v)�aK6+�)�a��KLLLMLCB��M͍�NLL���6)�*va�+�b6avbH6-�b�a�bHM6-�,v)�aK6+�)�a��KLM��CB��M͍�NLLMM�6)�*va�+�b6avbH6-�b�a�bHM6-�,v)�aK6+�)�a��KLM��CB��ML�M�M6*�,�`�b�*�6`v,vbH6a6)�`�*�b6,��L6-�,v)�aK6+�)�a��KL͌CB�M�L̋6-6*v,v*6*v*�6+�)�a6`�bH6a�a�)�,vb6`�ML6ava6+�)�a��KLLL�LCB�N�L���MK6-6b�,H6-�b6b�,�6a�a�+�6b6-�b6a�+�b6,H6avb6,�)��L6ava6+�)�a��KLLLMLCB�L�LLNM��K6-6*v,v*6*v*�6avb6-�b6avb6-�b6*6bvc�6-6*v`�,H̌6ava6+�)�a��KL�LCB�L�LL�6-6*v,v*6*v*�6avb6-�b6avb6-�b6*6bvc�6-6*v`�,H̌6ava6+�)�a��KL�LCB�L�LLNM�L�6-6*v,v*6*v*�6avb6-�b6avb6-�b6*6bvc�6-6*v`�,H̌6ava6+�)�a��KL�LCB�L�LL�LK6-6*v,v*6*v*�6avb6-�b6avb6-�b6*6bvc�6-6*v`�,H̌6ava6+�)�a��KL�LCB��M�M��M̌��6-6*v,v*6*v*�6a6b�avb6-�b�a�bH6-6b6-6*H��6ava6+�)�a��KL͌CB��M�NM���͋6-6*v,v*6*v*�6*�,v*�*v`�)�a6b6av)�a�-�b6`�b6*�6-�b�a�bHN6ava6+�)�a��KL�LCB��M�NM���6-6*v,v*6*v*�6,�b�`H6b6`�b�.6bH6`�b6*�6-�b�a�bHN6ava6+�)�a��KL�LCB��MML��N6-6*v,v*6*v*�6`�b6+�b6`vb�a�6av*v*�)�,v*H6-�b�a�bHML6ava6+�)�a��KLLLCB��MML��K6-6*v,v*6*v*�6`�b6+�b6`vb�a�6av*v*�)�,v*H6-�b�a�bHML6ava6+�)�a��KLLLCB����L�NM�L�6`�-6*�*H6`�b�av,HL6ava�6+�)�a��KL�L�LCB�NLLML̍�6*6*va�b�-6*�6`�)�a6`�6+�)�a��KLCB����M�NL�6,�,v`�*vbH6*�,v-6bH6,�*�b�6`�*vb6,v*K6+�)�a��KLLLMLCB�M�LNML�M�L�NK6)�)�b�,�6`�b6`vbH6,�*�)�,v*6b6`�,�6-6b6-6*H�L6ava6+�)�a��KL�L�LCB��MLLL�L�6.v*va6)�-�*vbH6`�,v-6*�)�,vb�c�`�,�Mv.v+�+ʍ6a6*�,K6+�)�a��KLM��CB��L��L��L�6`�*va�b6*H6+�*va�`�6)�)�b6+�b�,�a6`�b6+�bH�v-�,v)�aK6+�)�a��KLLL�LCB��M�K6.va6`�6avb�a�*�b6,�6*6,vb�*�)�a�bHL6.v+�+�L6-�,v)�aK6+�)�a��KL�LCB��LM̌LL��6*6,�`�b6b�*�6+6b�c�a6bH6+6)�a�6-�b6,��6.v+�+�6+�)�a��KL�LCB��LM̌L��K6*6,�`�b6b�*�6+6b�c�a6bH6+6)�a�6-�b6,�v-�,v)�aK6+�)�a��KLCB��M̌NL�L6+�b6bvc�6)�)�a6*�b6a�6,�)�6-�,v)�aK6+�)�a��KL�L�LCB��LL�L͌K6`�a6b�a�,�6av*v*�*6*v+�6,�b�c�a6*�)�`�6)�b�`�,�*�,v)�6.v+�+�6+�)�a��KLLLMLCB��LLL�M�6b6b�`v*v,H6-�b6)�*v*��6.v+�+�6+�)�a��KL�LCB��LLL�M��6b6b�`v*v,H6-�b6)�*v*��6.v+�+�6+�)�a��KL�LCB��NM���L�6b6b�`v*v,H6-�b6)�*v*��6-�,v)�aK6+�)�a��KLCB��LLL�M�LK6b6b�`v*v,H6-�b6)�*v*��6.v+�+�6+�)�a��KL�LCB��LLL�M���6b6b�`v*v,H6-�b6)�*v*��6.v+�+�6+�)�a��KL�LCB��LLL�M�NK6b6b�`v*v,H6-�b6)�*v*��6-�,v)�aK6+�)�a��KLCB����NM�6+6`�)�,v*vbH6av)�,va6*6b6,vb6)�*va6av)�a�bH6)�,�a6+�)�a��KLM�MLCB�����L�6*6a�b�,H6*6b�+�,�)�6+v)�+6.va6)�av*K6+�)�a��KL�L�LCB�L��M�LN�6-6)�av*�b6bH6+6a6`�6*�,v,�b�a�6a6*�,K6+�)�a��KLM�LM�LCB��M͍LN̌MN�6,v,�`�6av*vavb6`�6*6*vb�*6bH6avb�a6)�6+�)�a��KL͌CB��M��͎K6-�*v,�*�*vbH6*�*vav*�*H6,�*�b�aL6ava6+�)�a��KL�L�LCB��M�LM��K6*�)�a�`�*vbH6-6+va�6*6-�b6`�6ava6*vb6a�6+�)�a��KL͌CB��L��͍�LL�K6av*vav*vbH6`vb�`�bH6,�a6b�`�b6a�6*�b6*�6av)�`�,�6+�)�a��KL�L�LCB��M�L��M�M͎6av*vavb6`�bH6-6b�,H6*6*vb�*6bH6`v,vbH��N6+�)�a��KL�LCB��ĽL�NLM6av*vavb6`�bH6-6b�,H6*6*vb�*6bH6avb�a6)��6ava�6+�)�a��KLLLCB��ĽL�NLL��6av*vavb6`�bH6-6b�,H6*6*vb�*6bH6avb�a6)���6ava��6+�)�a��KLLLMLCB��ĽL�NL��6av*vavb6`�bH6-6b�,H6*6*vb�*6bH6avb�a6)�ML6ava�NK6+�)�a��KL�LCB����͌M��MK6*�b�,vb6`�6`�)�+�*H6+�)�,K6+�)�a��KLM��CB��MM�M���NK6+va6)�`�*vbH6+6a6`�6.v+�+�6+�)�a��KLLLMLCB��ML�ML�M���6`�)�a6*6bH6`�b�`�6ava6*vb6a�L6+�)�a��KL�LCB��ĽL�NL͌�6av*vavb6`�bH6-6b�,H6*6*vb�*6bH6avb�a6)�N6ava�M�6+�)�a��KLLLMLCB��ĽL�NLL�6av*vavb6`�bH6-6b�,H6*6*vb�*6bH6avb�a6)���6ava�6+�)�a��KLM��CB����͌M��M�6*�*v,vb6`�6,�*vb�)�,v*H6a�-6`�`�,va�6*�b6b�a6+�)�a��KLLLMLCB��LM��L���LK6+�*v,�-�)�bH6`va6)�`va�KLK6+�)�a��KLLL�LCB����͌L�N�6+va6)�`�*vbH6+6a6`�6+�)�,H�.v+�+�6+�)�a��KL��L��LCB��M��N̎6`�)�a6`�6-v)�*6b6a�6,�)�)�a6+�b�b6)�,H6`va6b6,�b6`v*�L6ava6+�)�a��KL�L�LCB�͌�M�MLM��6-6*v,v*6*v*�6`v,vb�,�6*6bvc�6-6*v`�,H��vava6+�)�a��KLM��CB�͌�M�MLL6-6*v,v*6*v*�6`v,vb�,�6*6bvc�6-6*v`�,H��vava6+�)�a��KLM��CB�͌�M�MLMNK6-6*v,v*6*v*�6`v,vb�,�6*6bvc�6-6*v`�,H��vava6+�)�a��KLM��CB�͌�M�ML�6-6*v,v*6*v*�6`v,vb�,�6*6bvc�6-6*v`�,H��vava6+�)�a��KLM��CB����M�MN���6`�-6*�*H6`�)�a6*H6`�,vb�c�aHL6.�,v)�aK6+�)�a��KL�L�LCB�͍���L��6-6b�,H6*�,vb�av)�-6b6,H6.6)�a�b�c�a6)�6.�,v)�aK6+�)�a��KLL�LL�LCB���L����6-6)�b6*v,H6+6,�aH6`v)�b�a�L6ava6+�)�a��KL�LCB���LL�LL�6av.v*v*�*v,H6b6a�*v,vav`�*v,v*vb6*vbH6+6a6`�6)�b6a�bML6ava6+�)�a��KL�L�LCB���LL�͋6av.v*v*�*v,H6b6a�*v,vav`�*v,v*vb6*vbH6+6a6`�6)�b6a�bML6ava6+�)�a��KL�L�LCB���LL�L6av.v*v*�*v,H6b6a�*v,vav`�*v,v*vb6*vbH6+6a6`�6)�b6a�bML6ava6+�)�a��KL�L�LCB�����6`�b6*�bH6-�)�6*�)�-6)�*6)�-�bH6)�b�`�b6a�b�`�6-6b6-6*H�.v+�+�6+�)�a��KL͌CB��L��M���NM͋6*6*v,v+�)�+�6avb6*�*H6*�)�-6)�*6)�-�bH6)�)�b�,�6.6b�a6bH6-6b6-6*H�.v+�+�6+�)�a��KL���CB�����M��6*6*v,v+�)�+�6)�)�b6*�)�-6)�*6)�-�bH6-�)�b�)�6-6b6-6*H6,�)�+�*H�.v+�+�6+�)�a��KL�L�LCB����NML�6*6*v,v+�)�+�6)�)�b6*�)�-6)�*6)�-�bH6,v)�b�a�6-6b6-6*H�.v+�+�6+�)�a��KL�L�LCB��L��M�NNM��6`�)�a6`�6*6a�)�,v)�*�6-6b6-6*H6*�)�-6)�*6)�-�bH6*6b�,�*�,vb6.v+�+�6+�)�a��KLLLCB����L̍�6*6*v,v+�)�+�6)�)�b6*�)�-6)�*6)�-�bH6a6b�)�6-6b6-6*H�.v+�+�6+�)�a��KL͌CB��L��M���NK6-6b6-6*vbH6*6b6,v+6)�aH6*�)�-6)�*6)�-�bHNL�6+�)�a��KL�L�LCB��L��M̍ML��6`�b6*�bH6-�)�6*�)�-6)�*6)�-�bH6)�)�a�*�)�a6b�)�6-6b6-6*H�.v+�+�6+�)�a��KL�L�LCB����MM�L�6*6*v,v+�)�+�6avb6*�*H6*�)�-6)�*6)�-�bH6)�)�b�,�6.6b�a6bH�.v+�+�6+�)�a��KL͌CB����͌���6+v)�`vb�,�*H6-6b6-6*H6*�)�-6)�*6)�-�bH6*�,v`�bH��6+�)�a��KL���CB������L�6-6b6-6*H6*�,v-6bH6*�)�-6)�*6)�-�bH6a�*v,v.6b�,�b�*�6-�*vb6,v*K6+�)�a��KL���CB����ML���6*6*v,v+�)�+�6)�)�b6*�)�-6)�*6)�-�bH6a6b�a�`�)�6-6b6-6*H6,�)�+�*H�.v+�+�6+�)�a��KL�L�LCB����L�͌�6*6a�`�6)�b�,�*�b�`�)�a�6*�)�-6)�*6)�-�bH6)�b�,vb�aH6-6b6-6*H�.v+�+�6+�)�a��KL͌CB����NNM�6+v)�`vb�,�*vbH6*�)�-6)�*6)�-�bH6-6b6-6*H6b6*v,�*v*�6+�)�a��KL�L�LCB����M�LM̋6*6*v,v+�)�+�6)�)�b6*�)�-6)�*6)�-�bH6a�)�*6b�*�)�*�6-6b6-6*H6,�)�+�*H�.v+�+�6+�)�a��KL���CB���L��M�N6`�-6*�*H6`�b�av,H6-6b�a�L�H6ava6+�)�a��KLLLCB�M��M����K6+6*6,�6`�)�-6`�*v*6)�*6+�)�a��KLCB������L�L6av,v*v*6)�bH6,�*v+v*v,H6*�b6b6*�6*6b�,vbH�L6-�6+�)�a��KLL�LM�LCB���MM�L�LM�6-6b�,H6a�b�+�b6,�b6,HN6-�6+�)�a��KL�M�̌CB����NL��L̋6-6*v,v*6*v*�6,vb�+v)�a�*H6a6*v,�b�,��L6ava6+�)�a��KLLLCB�������L�6*�,�`�b�*�6a�-6`�6-6av)�)�`��6.v+�+�6+�)�a��KL�L�LCB�����M��6`�b�,�*H6`v,vb�,�*v,vbH6,vb6b6aL6-�6+�)�a��KLLLMLCB�L��͎ML͎6*�)�aH6*6,v*�*v`�)�a6-6b6-6*H�6ava6+�)�a��KL�L�LCB���MM�L��6*�)�aH6*6,v*�*v`�)�a6,vb6b�)�a�6ava6+�)�a��KL�L�LCB���L�NL6`�b�`�6*6)�,H6)�a6b�b6aH�6.v+�+�6+�)�a��KL�L�LCB���L�NLM�6`�b�`�6*6)�,H6)�a6b�b6aH�6.v+�+�+�6+�)�a��KL�L�LCB���L�NL�6`�b�`�6*6)�,H6)�a6b�b6aH�6.v+�+�6+�)�a��KL�LCB���L�N���6*�,�`�b�*�6`�,vav+�)�,H6)�a6b�b6aH�6.v+�+�6+�)�a��KLLL�LCB���L�N�L6*�,�`�b�*�6`�,vav+�)�,H6)�a6b�b6aH�6.v+�+�6+�)�a��KLLL�LCB���L�N��6*�,�`�b�*�6`�,vav+�)�,H6)�a6b�b6aH�6.v+�+�6+�)�a��KLLL�LCB���L�N��6*�,�`�b�*�6`�,vav+�)�,H6)�a6b�b6aH�6.v+�+�6+�)�a��KLLL�LCB��NN6`�*va�+��6`�b�a6b6`�b6b�,�*�)�a�6+�)�a��KL͌CB�����M͌M6*�*va�b�,H6*�b�*�,�)�6)�bH6+�bL6-�6+�)�a��KLM��CB�������LN6,�*vb�*�b6a�6,�*v,H6`�*v*6)�*6bH6*�b6a�)�a��6-�6+�)�a��KL�L�LCB�LL�NM��6-6)�av*�b6avb6a6*�bH6.6b�*�)�avb�a�6*6a6)�`�6,vb6,��L6ava6+�)�a��KLLL�LCB������NMMK6*�)�`�`�*v,v*vb6bH6-�-6*�bH6`�b6`�6a�b6-�6ava6+�)�a��KL͌CB��MMM���LMK6`�a6b�a�,�6*�*v,H6a�)�b6av)�a6`vb�,vbHL6.v+�+�6+�)�a��KL͌CB��MMM���L�K6`�a6b�a�,�6*�*v,H6a�)�b6av)�a6`vb�,vbHL6.v+�+�6+�)�a��KL͌CB��M��M͍�L�6-6)�av*�b6*�,v+6*6b6*�b6`�,�L6ava6+�)�a��KL���CB��M̎LNL�M�6`v,v+6*H6+�+�)�a�6`�)�a6`��Z�\�K6+�)�a��KL�L�LCB��M̎LNLL�K6`v,v+6*H6+�+�)�a�6`�b6,v)�a6`�)�a6`�6+�)�a��KL�LCB����L�MM��6.va6`�6`�b�,�*H6-6b6`�b6*6)�,v,�6+�)�a��KL͌CB��MM�L��K6,�*vb�*�6+6,�aH6ava�+�)�a6)�a�6a�b6a�b�6ava6+�)�a��KL�L�LCB�ML�M�6*6)�,v*6b�`�)�a�6*6,v*�`�)�a6+�)�a��KL�LCB��M�L�NNL̍K6,vb6a�6)�)�a6*�b6a�,�)�6,�b�*�)�6,�*�bH6a6*�,K6+�)�a��KLLLMLCB�MM�M�͍�LK6-6*v,v*6*v*�6*�,vb6*6b�)�6a�)�b6)�bH�L6ava6+�)�a��KL�LCB����̎��L�6avb6*�*H6`�)�a6*H6`�)�*6)�+6b�a�b6+�)�a��KLLLCB�LM�L�6,vb�+�*6b6a6*�,v`�bH�L6ava6+�)�a��KLM��CB�L��6,�*�a6`�,v-6+6*v-�6-�b6,�*va6b6*v,�*v*�6+�)�a��KL�L�LCB����LMM�6`�)�a6`�6-�*vb6,v*H6-6*v`v)�`H6`vb6+�*�)�`��v.v+�+�6+�)�a��KLLLCB���L̋6,�*�a6`�,v-6av*v,vav*v,vbH�va6*�,K6+�)�a��KL�L�LCB���L�L�LK6`v)�-H6a�b6,v)�NL6-�,v)�aK6+�)�a��KLLL�LCB�L�LL�ML��6)�b�a�b�,v,6bH6avb6a�,�*�*v,H6*6*vav*6*HL6ava6+�)�a��KLM��CB��ML���MM6)�b�a�,v,6bH�Mvava�K6+�)�a��KLLLCB��NLM̍�6-v)�*6b6a�6,�)�)�b�a6*6b�b6`�b6,v)�L6ava6+�)�a��KLM��CB��NLM̍��6-v)�*6b6a�6,�)�)�b�a6*6b�b6`�b6,v)�L6ava6+�)�a��KLM��CB��NLM̍��6-v)�*6b6a�6,�)�)�b�a6*6b�b6`�b6,v)�L6ava6+�)�a��KLM��CB��NLM̍NK6-v)�*6b6a�6,�)�)�b�a6*6b�b6`�b6,v)�L6ava6+�)�a��KLM��CB��NLM̍6-v)�*6b6a�6,�)�)�b�a6*6b�b6`�b6,v)�L6ava6+�)�a��KLM��CB��ML�ML6-�b�*6,�6+6b�*6,�b6,�)�+�*HM�6-�6+�)�a��KL�LCB���M�L͌�K6avb6*�*vbH6avb6-6bH6`v,v)�b6a6*H6-ʍ�6+�)�a��KLLLMLCB���M�MLL�6avb6*�*vbH6av)�`�)�,vb6a�6`v,�*�*v`��6-�6+�)�a��KLM��CB���M�L�̋6avb6*�*vbH6.6*v,vbH6*�b�,vbH6-�6+�)�a��KLM��CB���M�̌M�6avb6*�*vbH6)�b6`�,v)�a�bH6,vb6+�6*6bH6-6*v`�,H�6-�6+�)�a��KLL�LM�LCB���M��NM6avb6*�*vbH6)�b6`�,v)�a�bH6,vb6+�6*6bH6-6*v`�,H�6-�6+�)�a��KLL�LM�LCB���LLM�M6`�*v+6`�6a�-�`vb�a�6a�.va�)�.H6)�a6ava6`�bK6+�)�a��KLLL�LCB���LLL�K6`�*v+6`�6a�-�.6b�a�6,�+�,H6)�a6ava6`�bK6+�)�a��KLLL�LCB���LLL���6`�*v+6`�6a�-�.6b�a�6a6b�avb6a�6,�a�+6*6b�a6+�)�a��KLLL�LCB���LLM�̋6`�*v+6`�6a�-�.6b�a�6,�a�+6*v*6b�a6+�)�a��KLLL�LCB���LLM��K6`�*v+6`�6a�-�.6b�a�6,�a�b6*6*v,H6ava6`�bK6+�)�a��KLLL�LCB����L�M���6+�b6a6`�6-6b6-6*H6+�b�)�a�)�6,�*v,H6a6)�,�*�b�`�6a�*v+�-6+�)�a��KL�LCB�MM�MM��ML6av)�,�b�+v*vbH6,vb�avb6a�+�6ava6*vb6a��6,�aK6+�)�a��KLLLMLCB����LLLLL�LL6,�b�a�b�`�6*6,va�+6,�*v`v*v,vbH6ava6*vb6a��6.v+�+�6+�)�a��KLLLMLCB�NL���͋6a�*v,�*�*va6*H6`vb�*�a�,�6`�,v)�ava�ˍH6-�6+�)�a��KL�L�LCB�NL��LL6a�*v,�*�*va6*H6`vb�*�a�,�6-6b6`�b6a6)�*�*H�ˍH6-�6+�)�a��KL�L�LCB�NL��L�6a�*v,�*�*va6*H6`vb�*�a�,�6`v,v)�b6a6*H�ˍH6-�6+�)�a��KL�L�LCB���M�M���6a�b�,�`�)�`v*H6`�,vb�avbH6*6)�`�*v*��
����6-�6+�)�a��KLLLMLCB���LLLLMM�͋6a�*v,�*�*va6*H6`�*v,�*6b6*6)�b�.6)�)�,�)�a���6-�6+�)�a��KLM��CB��M�̍�NL��6,�)�*6b6a�6,�)�)�b�a6.6bH6)�)�bH6*�bH�L6ava6+�)�a��KL�L�LCB��ML��͎NK6)�b�a�,v,6bH6,vb�c�+�6-6b6-6*H�6ava6+�)�a��KLLLCB��ML���MM6)�b�a�,v,6bH�Mvava�K6+�)�a��KLLLCB��M͍�NLL�N6)�*va�+�b6avbH6`�b6,vbH6,�*v,HM6-�6+�)�a��KLM��CB��ML��L�L�6avb�,va�+�)�6*6*�a6`�*vbH�6ava6+�)�a��KLCB���L�L�LM�6`v)�-H6a�b6,v)�NL6-�,v)�aK6+�)�a��KLLL�LCB���L�L��͍�6`v)�-H6a�b6,v)�L6-�,v)�aK6+�)�a��KLLL�LCB�L�L�MMNL6*�`v*v`�6b�b6*�b�b6*�v-�,v)�aK6+�)�a��KLCB��L���6-v)�-H6*�b�*�,�)�6av)�,vb�a�)�6-6b6-6*H�v-�,v)�aK6+�)�a��KLM��CB�������LK6av,v*v*6)�6a�a�,vava�+�6`�)�a6`�L�6-�,v)�aK6+�)�a��KL�L�LCB�������K6av,v*v*6)�6a�a�,vava�+�6`�)�a6`�L�6-�,v)�aK6+�)�a��KL�L�LCB���LN6,vb�`�)�bH6)�)�av)�a�6avb�a�b6`�,�6`�-�6+�)�a��KL�LCB���LN��6,vb�`�)�bH6)�)�av)�a�6avb�a�b6`�,�6`�-�6+�)�a��KL�LCB��LM�L�6+�*v,vav)�a�bH6a6)�*6,v+�a�bH6+�*v`�6a�b�,�6*6+�)�+��L6ava6+�)�a��KL�L�LCB��L��6av.v+6,�*H6a�b�,�6)�b6a6*�,v)�6ava6+�)�,H�L6ava6+�)�a��KLM��CB��LM6+�)6bvc�6-�b�,v*vbH6.�*v,�)�a6*vbH6+6a6`�6a�b�,�L6-�,v)�aK6+�)�a��KLM��CB����L�LM�6*6)�b�.6,�b6b�,v`�,vbH6avb�,v)�b6*K6+�)�a��KLM��CB�M�����K6avb6*�*H6.6)�,v+�b6a6b�b6+�b6`�,v)�avb�a6+�)�a��KLLLCB��L�MM�L̎L6a6)�*6b6*6b6`�b6a6)�6+�)�a��KL���CB���L��M��6*�`v*v`�6a6)�*6b6*6b6a�b�,v`�,�6+�)�a��KLCB��L����M6av,vb�-6`�6)�a6*�*6b�.vb�*HL�6.�6+�)�a��KLLLCB���̍NL̋6+�b6bH6*6)�a�bH6+�b�a6)�a�K�va6*�,K6+�)�a��KLLL�LCB���LLL�̌LK6+�b6bH6*6)�a�bH6+�b�a6)�a�K�va6*�,K6+�)�a��KLLL�LCB�LLĽL��L�M�6av.v+6b6a�6+�+�)�a�6`�,v,�*��+�bH6b6)�b�*�L�vava6+�)�a��KLLLMLCB��NL�K6.6)�,�*va6b�a�6`�)�a6`�L6ava6+�)�a��KLLL�LCB���M�L�K6,v,6+�*vbH6`�*va6*v-6b�c�,H6-6`v)�`H�`�-�6+�)�a��KL͌CB���̍����6`�b�`�6,�b6`va6bH6`�,v)�avb�a�6.v+�+�6+�)�a��KLLLCB���̍���M6`�b�`�6,�b6`va6bH6`v,�*�*v`��6.v+�+�6+�)�a��KLLLCB���N��L�6*�,�`�b�*�6b6b�`v*v,H6+�b�b�bL6-�,v)�aK6+�)�a��KLCB��M�L����M�6`�b�`�6a6b�avb6,�*�avb�-�b�a6`v,v*va�,�bH�.v+�+ʌML6-�,v)�aK6+�)�a��KL���CB��L�LM�K6b6b�`v*v,H6*6a6.�)�,vbH6`�)�,v)�ava6b�a�)�v-�,v)�aK6+�)�a��KLCB��LL���NMK6)�b�*�bH6+6a�LM6-�,v)�aK6+�)�a��KL�LCB��������MM��6-6*v,v*6*v*�6,�*v`v,v*H6-6b6-6*H�6ava6+�)�a��KLLLCB��������MM�6-6*v,v*6*v*�6,�*v`v,v*H6-6b6-6*H�6ava6+�)�a��KLLLCB��������MMMK6-6*v,v*6*v*�6,�*v`v,v*H6-6b6-6*H�6ava6+�)�a��KLLLCB��������MMN�6-6*v,v*6*v*�6,�*v`v,v*H6-6b6-6*H�6ava6+�)�a��KLLLCB��������MML�K6-6*v,v*6*v*�6,�*v`v,v*H6-6b6-6*H�6ava6+�)�a��KLLLCB��������MMM��6-6*v,v*6*v*�6,�*v`v,v*H6-6b6-6*H�6ava6+�)�a��KLLLCB��������MMLK6-6*v,v*6*v*�6,�*v`v,v*H6-6b6-6*H�6ava6+�)�a��KLLLCB��������MM�6-6*v,v*6*v*�6,�*v`v,v*H6-6b6-6*H�6ava6+�)�a��KLLLCB��L�͍�6-6*v,v*6*v*�6+6)�a�b�aH�6ava6+�)�a��KLLLCB��LM�LML�6)�)�b�,�6*�b�*H6a6b�*�*�b6a�6`�b6+�bH��6ava6+�)�a��KLLL�LCB��LM�LMK6)�)�b�,�6*�b�*H6a6b�*�*�b6a�6`�b6+�bH��6ava6+�)�a��KLLL�LCB��LM�LM�͋6)�)�b�,�6*�b�*H6a6b�*�*�b6a�6`�b6+�bH��6ava6+�)�a��KLLL�LCB��M�NM��L�6-�b6,v*vbH6`�-�)�a�6`�b6,v*�6+�)�a��KL�LCB��L�M��ML�MK6-�b6,v*vbH6`�-�)�a�6`�b6,v*�6+�)�a��KL�LCB��M��MMĽM6-�b6,v*vbH6`�-�)�a�6`�b6,v*�6+�)�a��KL�LCB��L�M��ML�LN6-�b6,v*vbH6`�-�)�a�6`�b6,v*�6+�)�a��KL�LCB��L�M��ML�MM�6-�b6,v*vbH6`�-�)�a�6`�b6,v*�6+�)�a��KL�LCB��M�L�L��6-�b6,v*vbH6`�-�)�a�6`�b6,v*�6+�)�a��KL�LCB��M�L��L�6-6)�b6,H6+6a6+6,�aH6a�)�b�,HL6ava6+�)�a��KLM��CB��M�L��M6-6)�b6,H6+6a6+6,�aH6a�)�b�,HL6ava6+�)�a��KLM��CB��L��M�L�N�6`�b�`�6*�b6+�*vbH6+�b6a�b6*��6.v+�+�6+�)�a��KLLLMLCB��L����L��K6a�*v.6b�,H6*6*v`�a6)�b6*H6avb�,v,�b�a�6-�6+�)�a��KL�L�LCB��LL���MMK6av.v*v*�*v,H6+6*vb6+v*v,v*6bH6-6*va6)�aL6ava6+�)�a��KLLLMLCB���LL�̌MNK6avb�a6)�`�6)�a�*�)�+6.�6+�)�a��KL�L�LCB����LMMLMM�LK6-v)�*6b6a�6+�b6.6.v+�+ʎL6-�,v)�aK6+�)�a��KL��L��LCB�M��L�L�L�6-6*v,v*6*v*�6,�*va�`�b6b�`�6`�b6+�bH�L6ava6+�)�a��KLLLCB�M��L�L�L��6-6*v,v*6*v*�6,�*va�`�b6b�`�6`�b6+�bH�L6ava6+�)�a��KLLLCB����M�ML��6*6)�,�a6b�)�6+�,�,vb6)�*�6av-6`�a6*�avb�a�)�6+�)�a��KLL�LM�LCB��MMM�6*�*va�b�,H6av,v)�+�*6bH6,v*v-6`�ML6-�,v)�aK6+�)�a��KL�L�LCB�MM�M�͍�NL�6-6*v,v*6*v*�6*�,vb6*�b�)�6-6b6-6*H�L6ava6+�)�a��KL�LCB��M�M�N���6-v)�*6b6a�6*6b6*�b�c�,�*�bH6-�*vb6,H6,vb6av)�a�*�b�`��6-�,v)�aK6+�)�a��KL�L�LCB��LL͎L�L̋6+v*v`v)�,�*vbH6avb6a6`vb�`�,�L6.v+�+�6,v*v`�*vaHK6+�)�a��KLM��LM��LCB��LL͎L�MM�6+v*v`v)�,�*vbH6avb6a6`vb�`�,�6.v+�+�6,v*v`�*vaH�6+�)�a��KLM��LM��LCB���L�L�̎K6-6)�av*�b6bH6+6a6`�bH6ava�+�)�a6)�a�6b�b6avb6-�L�6ava6+�)�a��KL���CB���L�MMM6av.v*v*�*v,H6+6a6`�6b�b6avb6-6b�`�,�*�,v)�M6ava6+�)�a��KLLLCB�LMM��L��L�6+�*v,vav)�a�6+6b6`�*v,H6+�*v,�*�bH6)�b�*�)�a6bH�6ava6+�)�a��KLLLCB�LLN̎�6,vb�`�)�bH6)�)�av)�a�6*�,vb�aLL6ava6+�)�a��KL�L�LCB�M����LK6`�b6a6)�6)�,v,�b6-6b6-6*H�L6ava6+�)�a��KLLLCB��LLM̎N�6*�,�`�b�*�6+�b�a6b6`�,�6)�b6a6`�*v,H�6.v+�+�6+�)�a��KLLL�LCB��LLLNMM�K6*�,�`�b�*�6+�b�a6b6`�,�6)�b6a6`�*v,H�v-�,v)�aK6+�)�a��KLCB��L��6a�b6*�b�a6)�6-�b�6-�,v)�aK6+�)�a��KLLL�LCB���LL�NL�6-6*v,v*6*v*�6avb�+�b6a�+6)��6ava6+�)�a��KLLLCB���LL�MNL6-6*v,v*6*v*�6avb�+�b6a�+6)��6ava6+�)�a��KLLLCB���LL�N6-6*v,v*6*v*�6avb�+�b6a�+6)��6ava6+�)�a��KLLLCB���LL�M̎K6-6*v,v*6*v*�6avb�+�b6a�+6)��6ava6+�)�a��KLLLCB���LL�NM�6-6*v,v*6*v*�6avb�+�b6a�+6)��6ava6+�)�a��KLLLCB�����L�L͋6-v)�-H6a�*vav*6*v,v-�,H6`�)�a6*HL6-�,v)�aK6+�)�a��KL�L�LCB�����̍�MK6av,v*v*6)�6-6)�a�)�6)�a6*6)�a6b6-6b6-6*H�6-�,v)�aK6+�)�a��KLLLMLCB��L���K6av)�b�b6a�b�,�6av)�,vb�a�)�6+�*v*6*H6-�,v)�aK6+�)�a��KLLLMLCB������LNL�K6-�*va�av*v-6)�avbH6,�+v,H6`�b6+�bHL6.�,v)�aK6+�)�a��KLL�LM�LCB���L�NK6*6,�`�b�*�6)�a6b�b6aH6+�b6,vav*H�6.v+�+�6+�)�a��KL�LCB�NM��L��Ľ��6`v)�-H6-v+v*�6a6*�,K6+�)�a��KLM��CB���L�M���K6-6b�,H6)�b�.6b6-6b6,H6.6)�a�b�c�a6)�6-�*vb6,v*HK��`�.�6+�)�a��KL̌�L̍�LCB�M��L��M���6,vb�`�)�bH6*�,vb�a6+6a6b�`�)�a�6`�-�6+�)�a��KLLLCB�������M�M6av.v*v*�*v,H6+6*vb6)�b6`�,�bH6*6+�)�+�L6ava6+�)�a��KL�L�LCB�������M��6av.v*v*�*v,H6+6*vb6)�b6`�,�bH6*6+�)�+�L6ava6+�)�a��KL�L�LCB��������6-6)�av*�b6bH6ava�+�)�a6)�a�6+�b�c�,vav)�6`�a6)�b�a��L6ava6+�)�a��KLM��CB������MK6-6)�av*�b6bH6ava�+�)�a6)�a�6+�b�c�,vav)�6`�a6)�b�a��L6ava6+�)�a��KLM��CB����̍�������6`�b�`�6a�*v,�*v,vbH�6.v+�+�6+�)�a��KLLLMLCB����̍�����6`�b�`�6a�*v,�*v,vbK6+�)�a��KLCB����̍�����M�6`�b�`�6a�*v,�*v,vbH�6.v+�+�6+�)�a��KLLLMLCB����̍���M�̋6`�b�`�6a�*v,�*v,vbK6+�)�a��KLCB�����L̍�K6-�b�*�,�6av,�av,�6a�)�a6)�*�b�a�b6+�)�a��KLLLCB�������L6`�b�`�6+�b�*6)�+�b6+�)�a��KLCB�����L�L�6*�,�`�b�*�6.6b�*�)�a�)�6avb�a�bH6`�b6`�b�,�6+�)�a��KLCB��L�̌�LK6+6b�a6bH6+6b�a6b6*�bHMv-�,v)�aK6+�)�a��KLCB��L�̌��LL6+6b�a6bH6+6b�a6b6*�bHMv-�,v)�aK6+�)�a��KLCB��L�̌��LL�6+6b�a6bH6+6b�a6b6*�bHMv-�,v)�aK6+�)�a��KLCB��LLLLLK6-�b6a6)�`H6,�)�,v)�L6ava6+�)�a��KLLLCB�LLM�LM�6)�b�,�bH6av)�a�-�bL6.v+�+�6+�)�a��KLM�LCB����M�L�N6*6a�`��)�,�*�b�`�)�a�6-�)�6*�,vb6av,�b�,�6a�*v+�-6*H6,�*v,HL�.v+�+�6+�)�a��KL�M���CB����M��LNK6*6a�`��)�,�*�b�`�)�a�6-�)�6*�,vb6av,�b�,�6a�*v+�-6*H6,�*v,HL�.v+�+�6+�)�a��KL�M���CB����M�L��6*6a�`��)�,�*�b�`�)�a�6-�)�6*�,vb6av,�b�,�6a�*v+�-6*H6,v,�)�,�bHL�.v+�+�6+�)�a��KL�M���CB�ML�M���6-6*v,v*6*v*�6,v)�a�bH6`�b6+�bH��vava6+�)�a��KLLLCB��LMMLLM�6)�b�a�,v,6bH6)�*v`�-6a�6`�b6+�bH�L6ava6+�)�a��KLLLMLCB��L��L�LL6*6b6`�bH6ava�+�)�a6)�a�6b6*v,�*v*�KLLK6+�)�a��KL���CB��LL̍�M��MK6av`�*v,�6-�b6-6*�6-�*vb6,v*K6+�)�a��KL�L�LCB��M���N�NL6,v*va�+�*vbH6*�*v*�)�*�*H�NK6+�)�a��KL�LCB����M��L�M6`v,v-�*vbH6av)�`vb6,H6+�b6av)�a�6+�)�a��KL�LCB�LM�̌�����6+6b�)�,�bH6-6*v,v*6*v*�6*6*v+�*v,�`��Q6+�)�a��KLLL�LCB��M������M�6`�)�a6`�6,�*v,H6a6`�*H6*�)�+�av*H6.v+�+�6+�)�a��KL�LCB����L�LM�L6*6*v,v+�)�+�6)�)�b6,�)�+�*H6+�b�)�avb6a�+�6-6b6-6*H�.v+�+�6+�)�a��KLM��CB����M�LLL�M�6`�b6*�6-�)�6)�*va6b�`�,�6-6b6-6*H�.v+�+�6+�)�a��KL���CB����M�L�M�6*6*v,v+�)�+�6)�)�b6*�,vb6av,�b�,�6a�*v+�-6*H6,v-v)�-vbH�.v+�+�6+�)�a��KLM�LM�LCB����ML�N�6*6*v,v+�)�+�6)�)�b6*�,vb6av,�b�,�6a�*v+�-6*H6,�*v,H�.v+�+�6+�)�a��KLM�LM�LCB�L��M�MMN6av)�,�b�+v*H6*6-�b6`���,�aHMK6+�)�a��KLLL�LCB��L�LL�L�6*�)�`�b�*�6a�)�av*vbH6,�*�bHL6.v+�+�LMJ���vavaK6+�)�a��KLLLMLCB��ML��LMN6+�*v,�-�)�bH6a�b�,�`�6b6)�*�ЋLNNK6+�)�a��KLL�LL�LCB����L�LM��6*6*v,v+�)�+�6)�)�b6`�a6)�,�b�`�6-6b6-6*H�.v+�+�LMK6+�)�a��KL���CB����L�LM�K6*6*v,v+�)�+�6)�)�b6av)�`�)�b6-6b6-6*H�.v+�+�LMLK6+�)�a��KL���CB��ML�MNN6`va6)�`�,�bH6)�)�bK�va6*�,H��QK6+�)�a��KLN�NLCB���M��6av*v`�a6b6`�6*6*v,�*v,v`�6,�b�b�6,�aK6+�)�a��KL�M���CB��L�LL��K6av.v*v*�*v,H6+6*vb6)�b�`vb�aL�6ava6+�)�a��KLLLCB��L�LL�MK6av.v*v*�*v,H6+6*vb6)�b�`vb�aL�6ava6+�)�a��KLLLCB��L�M��M�L6av`�*v,�6+�b�a6bH6`�a6)�,�b�`��L6+�)�a��KL���CB��L�L�L����6av`�*v,�6+�b�a6bH6)�b�,v-�b���NK6+�)�a��KL�L�LCB���NM̌�K6)�)�b�,�6`�b6`vbH6b6)�b�*�6avb6`�)�6-6b6-6*HNL6ava6+�)�a��KL�L�LCB����LL��6)�)�b�,�6`�b6`vbH6a6)�*�b�*H6-6b6-6*HNL6ava6+�)�a��KL�L�LCB���NM̌6)�)�b�,�6`�b6`vbH6+v,�a�6)�*v`v*va�+�bH6-6b6-6*HNL6ava6+�)�a��KL�L�LCB���NM̌L�6)�)�b�,�6`�b6`vbH6+v,�a�6)�*v`v*va�+�bH6-6b6-6*HNL6ava6+�)�a��KL�L�LCB����LL�K6`v)�-H6`�b�)�,�)���L6-�,v)�aK6+�)�a��KL�L̍LCB�����L��6`v)�-H6`�b�)�,�)���L6-�,v)�aK6+�)�a��KL�L̍LCB����LL��6`v)�-H6`�b�)�,�)�6*6bvc�6*6b6a�L6-�,v)�aK6+�)�a��KLLL�LCB���L�LLNL��K6av.v*v*�*v,H6`�)�-6bH6a6*vavb�,��6ava6+�)�a��KLM��CB���L�LLNL�MK6av.v*v*�*v,H6`�)�-6bH6a6*vavb�,��6ava6+�)�a��KLM��CB��M̌NMM̋6*6)�,�a6b�)�6av-6*v`�a6)�)�a6*�b6a�6,�)�6`�b6+�bH6-�,v)�aK6+�)�a��KL�LCB���M���L��6-�b�*�,�6`�b�,va6bH�6-�,v)�aK6+�)�a��KLLLCB�LNLN�M͍�6-6)�b6,H6+6,�aH6)�)�.6b6a�6,�b�a�,�L6ava6+�)�a��KLLLMLCB�LNLN�L6-6)�b6,H6+6,�aH6)�)�.6b6a�6,�b�a�,�L6ava6+�)�a��KLLLMLCB�LNLNNK6-6)�b6,H6+6,�aH6)�)�.6b6a�6,�b�a�,�L6ava6+�)�a��KLLLMLCB����L��̍6+v*v`v)�,�*vbH6,�a6b�*�bH6-6b6,v*�M�.v+�+�6,v*v`�*vaH�6+�)�a��KLMLML�LCB�L��MM��6av.v*v*�*v,H6+6a6`�6av)�-�6b6)�-K�6`�-�6+�)�a��KL�L�LCB�L��MM�L6av.v*v*�*v,H6+6a6`�6av)�-�6b6)�-K�6`�-�6+�)�a��KL�L�LCB�L��MM���6av.v*v*�*v,H6+6a6`�6av)�-�6b6)�-K�6`�-�6+�)�a��KL�L�LCB�L�L͍NN6-6*v,v*6*v*�6+6b6a�b�b6,H�6ava6+�)�a��KLLLCB��M��̍LL�6`�a6b�a�,�6*�*v,H6av,v*v-6+H6-�b�a�bH6.v+�+�KL�6+�)�a��KLNL��LCB���M��LL�6+�*va�`�*H6+v*v*6a6b�a�b6,H6*6,vb�*�)�a�bHMMv-�,v)�aK6+�)�a��KLM��CB�����L͎K6-6*v,v*6*v*�6`�b6,�avbL�vava6+�)�a��KLCB�����L��6-6*v,v*6*v*�6`�b6,�avbL�vava6+�)�a��KLCB�����L̌K6-6*v,v*6*v*�6`�b6,�avbL�vava6+�)�a��KLCB��M���͎L�K6`�*va6*vaH6,v*va�-�6av)�,6b�`�6+�b�a6bHL�.v+�+�6+�)�a��KL�L�LCB��M��M����6+6*va�*�*vbH6`�*va6*vaH6`�b6a6b�,H���6+�)�a��KLM��CB��M����M�6+6*va�*�*vbH6`�*va6*vaH6`�b6*6bHN�K6+�)�a��KL�L�LCB��N��NLL6+6*va�*�*vbH6`�*va6*vaH6-�*vb6,v*H6a6b�`�)�*6a6bHLL6+�)�a��KL͌CB��L�M��M���6`�*va6*vaH6,v,�)�,�6+�b�a6bHL�.v+�+�ML6+�)�a��KLLLMLCB��M���̍MM�6`�*va6*vaH6,v,�)�,�6+�b�a6bHL�.v+�+���6+�)�a��KLLLMLCB��M��͌MNNK6+�*v`v*�*v,H6*�)�,v-�b�*�6-�b�a�bH�MNK6+�)�a��KLLL�LCB��LM��M��K6`�*va6*vaH6+6)�`H6`�)�a6`�6*�)�,v`�b�,K6+�)�a��KLM��CB�ML������M�L�6+�*v`v*�*v,H6,v,�aH6*�)�,v-�b�*�M6+�)�a��KLM��CB��M̍M�K6+�*v`v*�*v,H6*6-�b6`�6ava6)�+v,�*H���M6+�)�a��KLLLMLCB��M̍MM��6+�*v`v*�*v,H6*6-�b6`�6ava6)�+v,�*HM�KN6+�)�a��KL�LCB��M̌M�LMN6`�*va6*vaH6,v*va�-�6av)�,6b�`�6`�)�a6`�L�.v+�+��K6+�)�a��KLL�LM�LCB��M̌M�LM�K6`�*va6*vaH6,v*va�-�6av)�,6b�`�6`�)�a6`��6.v+�+��K6+�)�a��KL�L̍LCB����M����6+6*va�*�*vbH6`�*va6*vaH6avb�,v)�`�a6bH6b6)�,vaH��6+�)�a��KL�L�LCB��LM���M�6`�*va6*vaH6*�,v)�-6b6)�bH6*�a6*v,�6.v+�+�6+�)�a��KL͌CB��LM���ML̋6`�*va6*vaH6*�,v)�-6b6)�bH6*�a6*v,�6+�)�a��KLCB�LL���LM6`�*v*�,�6b6*v,v*v`�*H6`�)�a�-�)�,vb�P�K6+�)�a��KL�LCB��L�L��L��6`�*va6*vaH6av)�,6b�`�6*�)�,v-�b�*�6+�)�a��KLLLCB�L�����M�6`�*va6*vaH6+6)�`H6)�b6a�bH6*6)�a6+�)�a��KLM��CB�L�����̋6`�*va6*vaH6+6)�`H6)�b6a�bH6*6)�a6+�)�a��KLM��CB��L�L�L�NLM6`�*va6*vaH6*�,v)�-6+�b�a6bH6,vbLK6+�)�a��KL�L�LCB�NLL�L͍6+�*v`v*�*v,H6,v,�aH6*6b�)�a�bH6a6)�*�*v,H�6+�)�a��KLLLMLCB��L���LL��6`�*va6*vaH6+6)�`H6-�b6,�-���NLL�6+�)�a��KLLLCB��L�M��M�K6av,�)�+v*vbH6`�a6aH6+�b�a6bH�6.v+�+�6+�)�a��KL�LCB��L�M��M��MK6av,�)�+v*vbH6`�a6aH6+�b�a6bK6+�)�a��KLLLCB��L�L�L�NLL�6`�*va6*vaH6*�,v)�-6+�b�a6bH6ava6*vb6a�6.v+�+�6+�)�a��KLLM�L�CB��L�L�L�M�L�K6`�*va6*vaH6*�,v)�-6+�b�a6bH6ava6*vb6a�6+�)�a��KLLLCB��MM�NML��6av,�)�+v*vbH6`�*va6*vaH6+�b�a6bH6ava6*vb6a�6`�)�a6`�Ͷ.v+�+�6+�)�a��KLM��CB��L�M��M�L͌�6av,�)�+v*vbH6`�*va6*vaH6+�b�a6bH6ava6*vb6a���6+�)�a��KLCB��L̍����L��6`�*va6*vaH6*�,v)�-6+�b�a6bHN�6+�)�a��KLL�LM�LCB��L�L�L��6`�*va6*vaH6,v*va�-�6+�b�a6bH6)�)�,�a�L�.v+�+�6+�)�a��KL͌CB��MM�NN�6`�*va6*vaH6,v*va�-�6+�b�a6bHͶ.v+�+��`�*va6*vaH6*�,v)�-6a�+�b�*K6+�)�a��KL͌CB��MM�NN��6`�*va6*vaH6,v*va�-�6+�b�a6bH�6.v+�+��`�*va6*vaH6*�,v)�-6a�+�b�*K6+�)�a��KL���CB��L�M��LL�M̋6av*v,�*�*v,v*vbH6a�*va�+�*v,�*H6)�)�,�a�6+�b�a6bHv.v+�+�6+�)�a��KLM��CB��ML�L�̍�N6`�*va6*vaH6,v*va�-�6av)�,6b�`�6`�)�a6`�N6.v+�+���L��6+�)�a��KLL�LM�LCB��M�N�NLM�K6+v)�,�b�*6*vbH6b6*v,�*v*��LM�6+�)�a��KL͌CB��L�����ML�̌�6`�*va6*vaH6,v,�)�,�6.6b�-�b�6.v+�+��*�,v)�-
�av,�)�+v*K6+�)�a��KL͌CB��LL����L�6av*v*�)�,v*vbH6)�)�b6,�av)�,v*�6`�b6*�6ava6+�)�a��KL�L�LCB��L�M��L�L�6`�*va6*vaH6+6)�`H6*6b6a6+�6a6b6.6b�a�L�.v+�+�6+�)�a��KL�L�LCB��L�M��M��K6`�*va6*vaH6+6)�`H6*6b6a6+�6a6b6.6b�a��M��K6+�)�a��KLCB��N��M�6b6*v,v*v`�*vbH6ava6)�+v,�*H
�6avaH�6.v+�+�6+�)�a��KLM��CB��M���MML�LK6+6*va�*�*vbH6av)�,v`�*H6b6*v,�*v*���T�6+�)�a��KLM�MLCB����M��K6,vb�`�)�bH6)�)�av)�a�6*�a�b6`���L6-�,v)�aK6+�)�a��KLLL�LCB��M̍L��M�6-v)�*6b6a�6b6b�a�b�`�,�L�v-�,v)�aJ��.v+�+�6+�)�a��KL�L�LCB��M̍L��6-v)�*6b6a�6b6b�a�b�`�,�L�v-�,v)�aJ��.v+�+�6+�)�a��KL�L�LCB�������̋6*�,v-6bH6,�+v,H6-6b6-6*H�6-�,v)�aK6+�)�a��KLLLMLCB���L͌�LM�6`�a6b�a�,�6*�*v,H6*�*6bH6)�)�a6b6`�b6,�)�bH6.v+�+�6+�)�a��KLL�LM�LCB���L͌�L�6`�a6b�a�,�6*�*v,H6*�*6bH6)�)�a6b6`�b6,�)�bH�6.v+�+�6+�)�a��KL�LCB����M��L�M�6,�*v`vb�a�`�bH6a�)�b6av*v+�,�*va6*H6-�*vb6,v*K6+�)�a��KL�L�LCB����L�M��6*�*va�b�,H6,�`vb�+�6)�b�,v)�a�bH6-v*6)�+H6`�b6+�bHM�6-�,v)�aK6+�)�a��KLLLMLCB�NNLML�L6`v,v-�*vbH6*�b�a6)�bL6+�)�a��KL�LCB�̌NMMLL�6avb6`�*vb�`H6*�,vb�,�avbH�vava6+�)�a��KL�LCB���L�N͌��6)�*va�+�b6avbH6)�a6b�b6aH�6-�,v)�aK6+�)�a��KLCB���L�N͍6)�*va�+�b6avbH6)�a6b�b6aH�6-�,v)�aK6+�)�a��KLCB���L�N͍M�6)�*va�+�b6avbH6)�a6b�b6aH�6-�,v)�aK6+�)�a��KLCB��N����K6+�)�,v`�bH6*6b�*6,�bH6ava6*vb6a�6.v+�+�6ava6*vb6a�6+�)�a��KL�LCB���L�NM��6,v,6+�*vbH6*6b6,vbH6+�)�,H6)�a6b�b6aH6)�b�*�)�a6bH�v-�,v)�aK6+�)�a��KL�L�LCB���L�N�K6,v,6+�*vbH6a�b�,v`�,vbH6)�a6b�b6aH6)�b�*�)�a6bH6-�,v)�aK6+�)�a��KL�L�LCB���L�NMMK6,v,6+�*vbH6*6,v.�bH6)�a6b�b6aH6)�b�*�)�a6bH�v-�,v)�aK6+�)�a��KL�L�LCB���L�NM�K6,v,6+�*vbH6*6b6,vbH6)�a6b�b6aH6)�b�*�)�a6bH6-�,v)�aK6+�)�a��KL�L�LCB��M��L��6-�*v,�*�*vbH6b6*v,v*v`�*H6b6`�*�)�*6+�b�a6bHMv-�,v)�aK6+�)�a��KL�L�LCB���L�N̋6`�b�`�6*6)�,H6)�a6b�b6aHL6-�,v)�aK6+�)�a��KLCB���L�NK6`�b�`�6*6)�,H6)�a6b�b6aHL6-�,v)�aK6+�)�a��KLCB�NL��M�L��̍�6`�a�b6*H6a�b�,�`�)�`vbH6avb6-�)�6`�b6+�bH��6ava6+�)�a��KL�LCB�L��M��L���K6-�b�*�,�6*�b6,v*�b�a6)�6*�*va�b�,H6-�,v)�aK6+�)�a��KLCB���LM��M6*�`v*v`�6a6)6a6+�)�a��KLCB���M���LL�6-�b�*�,�6`�b�,va6bH�6.�,v)�aK6+�)�a��KLLLCB��͎ML���6)�b�a�,v,6bH6av*v`�,�b�`�bH6`�b6+�bH�L6ava6+�)�a��KL�L�LCB��͎NM�LK6)�b�a�,v,6bH6av*v`�,�b�`�bH6`�b6+�bH�L6ava6+�)�a��KL�L�LCB���L��MM�LLK6*�b�*�,�bH6,�b�,vb�L6ava6+�)�a��KLLLCB��L�L��L6av.v*v*�*v,H6+6*vb6)�b�.6a6ava6+�)�a��KL�LCB��L�L���6av.v*v*�*v,H6+6*vb6)�b�.6a6ava6+�)�a��KL�LCB��L�L���6av.v*v*�*v,H6+6*vb6)�b�.6a6ava6+�)�a��KL�LCB��L�L̍��6av.v*v*�*v,H6+6*vb6)�b�.6a6ava6+�)�a��KL�LCB��L�L�M�6av.v*v*�*v,H6+6*vb6)�b�.6a6ava6+�)�a��KL�LCB��L�L�L͋6av.v*v*�*v,H6+6*vb6)�b�.6a6ava6+�)�a��KL�LCB��L�L�L�K6av.v*v*�*v,H6+6*vb6)�b�.6a6ava6+�)�a��KL�LCB��L�L̎6av.v*v*�*v,H6+6*vb6)�b�.6a6ava6+�)�a��KL�LCB��M̎L�L�L6-�b6-6*�6av)�,�bH6,�b�+�b6a�)�6`�b6+�bHL�v.�,v)�aK6+�)�a��KL�L�LCB����LMLM�̌�K6*�,�`�b�*�6-�b6`�b6*�b�+�b6-6b�,vb�a�6.v,�a�6.v+�+ʌN6-�,v)�aK6+�)�a��KL�L�LCB��M�L͌K6`�*va6*vaH6,v*va�-�6,�*�)�b�+�*�a6b�,HL�.v+�+�6+�)�a��KL�L�LCB��M�L͌N6`�*va6*vaH6,v*va�-�6,�*�)�b�+�*�a6b�,H�6.v+�+�6+�)�a��KL���CB�NL���LLM6-v)�*6b6a�6)�)�a�b�*�)��.v+�+ʎ6-�,v)�aK6+�)�a��KLM��CB�NL���LLK6-v)�*6b6a�6)�)�a�b�*�)��.v+�+ʎ6-�,v)�aK6+�)�a��KLM��CB�NL���LLL�6-v)�*6b6a�6)�)�a�b�*�)��.v+�+ʎ6-�,v)�aK6+�)�a��KLM��CB�NL���LL�K6-v)�*6b6a�6)�)�a�b�*�)��.v+�+ʎ6-�,v)�aK6+�)�a��KLM��CB�NM̌�MNL�MK6-v)�*6b6a�6+�)�a��.v+�+ʌL�v-�,v)�aK6+�)�a��KL���CB�NM̌�MNL��K6-v)�*6b6a�6+�)�a��.v+�+ʌL�v-�,v)�aK6+�)�a��KL���CB�������L��6+�*v,vav)�a�6*6b6,vbH6-�b6a6bH6,�*va�-�L�L6.�,v)�aK6+�)�a��KL���CB�NL�L�M�L6-6)�av*�b6bH6+6a6`�K�6a6*�,H�L�K6+�)�a��KLM��CB��M�LLL��6`�*va6*vaH6*�,v)�-6,�*�)�b�+�*�a6b�,H6)�-va6bK6+�)�a��KL���CB��L����L�̍�6a6*v*�`�6)�b�a�+6b�`�b6)�*v,�*�b6,H6)�-va6bK6+�)�a��KL�L�LCB��L�MN�LM�L�6a6*v*�`�6)�b�a�+6b�`�b6)�-va6bH6+�)�a��KLLLMLCB��L�MN�LL�K6a6*v*�`�6)�b�a�+6b�`�b��6)�-va6bH6+�)�a��KL���CB��L�MN�L�6a6*v*�`�6)�b�a�+6b�`�b6)�-va6bHL�K6+�)�a��KL͌CB��L�MN�L�M��6a6*v*�`�6)�b�a�+6b�`�b6)�-va6bHV6+�)�a��KLM��CB��MM�M͍L��6a6*v*�`�6)�b�a�+6b�`�b6)�-va6bH̶,�aH6+�)�a��KLLLMLCB��MM�NM�M��6a6*v*�`�6)�b�a�+6b�`�b6)�-va6bH�6,�aH6+�)�a��KL͌CB��M�LLL�6`�*va6*vaH6*�,v)�-
�av,�)�+v*H6,�*�)�b�+�*�a6b�,H6)�-va6bK6+�)�a��KL���CB�������L̌�6`v)�-H6-�b6a6bH6,�*va�-�6-�,v)�aK6+�)�a��KL���CB�������L̋6`v)�-H6-�b6a6bH6,�*va�-�6-�,v)�aK6+�)�a��KL���CB�������LLM�6`v)�-H6-�b6a6bH6,�*va�-�6-�,v)�aK6+�)�a��KL���CB��M�M��6`�*va6*vaH6*�,v)�-6,�*�)�b�+�*�a6b�,H6)�-va6bHLLLL�6+�)�a��KL͌CB����N�M�6`�b�`�6avb�`�,�6,vb6a6+�b6,va�b�)�a�L�.v+�+�6+�)�a��KL�L�LCB����N�NK6`�b�`�6avb�`�,�6,vb6a6+�b6,va�b�)�a�L�.v+�+�6+�)�a��KL�L�LCB����N�NN6`�b�`�6avb�`�,�6,vb6a6+�b6,va�b�)�a�L�.v+�+�6+�)�a��KL�L�LCB����N��6`�b�`�6avb�`�,�6,vb6a6+�b6,va�b�)�a�L�.v+�+�6+�)�a��KL�L�LCB����M�M��6*�,�`�b�*�6avb6avb�`vbH6`�,vb�a6)�*6b�,��L6-�,v)�aK6+�)�a��KL�LCB�����L̍��6-�b�*�,�6av,�av,�6-�b�a6bHL6-�,v)�aK6+�)�a��KLLLCB��L̎M�6`v)�-H6a�b�,�v`�-�6+�)�a��KL�LCB��L�M�6-6)�av*�b6bH6+6a6`�6ava6*vb6a�6a�b�,�L6ava6+�)�a��KLLLMLCB�L����M6+�b6bvc�6+�*v`�6+6a6`�6*�b�a�`�6,�b�*�av`�-�6+�)�a��KL͌CB�NN��L���6.�,�b6a6bH6+�*vavb6-�)�b6*�b6a6,�bHL6-�,v)�aK6+�)�a��KL�LCB�NN��L̎6.�,�b6a6bH6+�*vavb6-�)�b6*�b6a6,�bHL6-�,v)�aK6+�)�a��KL�LCB�����L�MNK6`�,vb�aH6+�*v,�*�6b6+�*vavb6-�)�b6,�-�b6a�6`�)�a6`�ML6ava6+�)�a��KL���CB����L�LM6`�*va�-�,vb6`�6avb�,v)�b6*H6`�b�,�*K6+�)�a��KL�LCB��L������6`�*va6*vaH6a6)�`�6-�b6,�-��vavaH6-�b�a�bK6+�)�a��KLLLCB����LNL��K6*�,v-6b6`�6*6*v,v+�)�+�6*6)�.�*6)�a�6+�)�a��KLCB��LL�K6*�)�b�*�6a�b�,�6.�*v,�)�a6*vbH6)�b6*�b6av)�*�b�`�v`�-�6+�)�a��KLM�LCB��LM6*�)�b�*�6a�b�,�6.�*v,�)�a6*vbH6)�b6*�b6av)�*�b�`�v`�-�6+�)�a��KLM�LCB��LLM�6*�)�b�*�6a�b�,�6.�*v,�)�a6*vbH6)�b6*�b6av)�*�b�`�v`�-�6+�)�a��KLM�LCB��LM6*�)�b�*�6a�b�,�6.�*v,�)�a6*vbH6)�b6*�b6av)�*�b�`��v`�-�6+�)�a��KLM��CB��LK6*�)�b�*�6a�b�,�6.�*v,�)�a6*vbH6)�b6*�b6av)�*�b�`��v`�-�6+�)�a��KLM��CB����LL����6*6b�,�`�b6b�*�6a6b6avb6,��L6-�,v)�aK6+�)�a��KL�LCB���LMN���6.va6`�6-6.v,v)�b6bH6)�+�b6)�a�6)�-va6bH�6.�,v)�aK6+�)�a��KLM��CB����M�M��L6,�`v,v*vbH6,�*v`v*v,vbH6)�b6`�,�b6*�a6)�,�*��L6-�,v)�aK6+�)�a��KL���CB�M�L̌�6,�`v,v*vbH6,�*v`v*v,vbH6)�b6`�,�b6`v)�avb�a6bHL
�L6,�aK6+�)�a��KL�LCB�L��6`�*v-�*v*�6*�*vav)�*�*H6a�b�a�,�M�6.�,v)�aK6+�)�a��KLLLCB��N�L��6,�b6,�b�,�6a�)�a�)�6`�b6+�bH6-�,v)�aK6+�)�a��KL��L��LCB���L��MLL��6,�*6+�*H6`vb6a6,�b6+�)�a�bH6-6b6`�b6a6)�*�*H6`vb6a6)��6-�,v)�aK6+�)�a��KLM��CB���L��MLL6,�*6+�*H6`vb6a6,�b6+�)�a�bH6av`�,vav-6`vb6a6)��6-�,v)�aK6+�)�a��KLM��CB�MMM�L�M��K6a�*v,�*�*va6*H6`�b�*�6`�)�*�6-�b6`�b6a6)�*�*HL6.v+�+ʌ��-�,v)�aK6+�)�a��KL���CB��M��M���LK6-6*v,v*6*v*��6ava6ava�+�)�a6)�a�6+�)�a��KLCB��M�L�L�L�K6-6*v,v*6*v*�6ava�+�)�a6a�)�,va�+6b6`�6+�)�a��KLCB��M̎MNL�L6-6*v`�,vb6`�L�.�,v)�aH6ava�+�)�a6)�a�6+�)�a��KLCB��L��L���ML6+6b�a6bH6`v,v-�*H6b6b�a6,�bK6+�)�a��KLCB��M�L�L�L6-6*v,v*6*v*�6+�b6`�*6b�a6*�b6*��6ava6+�)�a��KLCB��M�͎���6avb�,6avb�,6b6`��+v*v*6+v*v*6b6`�N6-�,v)�aK6+�)�a��KLCB��M�M���6+6b�a6bH6*6b6*6a6bHL�-�,v)�aK6+�)�a��KLCB�M��M���L�6+6b�a6bH6+�,vb�a�`�6`v,v)�b6a6*H�6ava6+�)�a��KLCB��M�͎��L6avb�,6avb�,6b6`�6av*vavb6`���-�,v)�aK6+�)�a��KLCB��M�͍MMM6-6*v,v*6*v*�6-�b�a�bH6avb6,�6+�)�a��KLCB��M�L�ML��K6+6b�a6bH6b6)�a�+�b�6-�,v)�aK6+�)�a��KLCB��L�LLLNM�̌6+�)�,v`�bH6+�+�)�a�6`vb6+�6*�)�`�6+�*v,vav)�a�L6.v+�+�6+�)�a��KLM��CB��͎̎�N6a6*v*�`�6-6b�a�6)�b�+�av)�6a6)�,v+L6.v+�+�6+�)�a��KL�L�LCB��N����6a�*v,�*�*va6*H6+�*va�`�6,�*v,v`�b�`�6`vb6+�6*�)�`�6-6b6`�b6a6)�*�*Hv`�-�6+�)�a��KLLLMLCB����LLLNNN�6,�`v,v*vbH6,�*v`v*v,vbH6`vb6+�*�)�`�6-�,v)�aK6+�)�a��KL�L�LCB��L�LLLNM�M�6+�)�,v`�bH6+�)�,H6`vb6+�*�)�`�L6.v+�+��v)�b�a�+
��avaK6+�)�a��KLLLCB��M�MM�LLNM�6+�*va�`�*H6`�a�b6*H6`�)�a6`�L6-�,v)�aK6+�)�a��KLCB��L�M��L��6av`�*v,�6+�b�a6bH6`�a6)�,�b�`���6+�)�a��KLL�LM�LCB����LL�N�6avb�,6avb�,6b6`�6-�b6,�*�b�av-�,v)�aK6+�)�a��KLCB���M��6`�*vb�av)�+�6,v*va�)�L6-�,v)�aK6+�)�a��KLNL��LCB�NNN��M�L�K6*�*va�b�,H6-6b�+�,H6a�)�+6+�b6`�)�a6`�6-�,v)�aK6+�)�a��KL�L�LCB���LM��6-6b�,H6-�b6`�b6a6)�*�*H6a�)�+�`�L�vava6+�)�a��KLCB���LM��LK6-6b�,H6`v,v)�b6a6*H6a�)�+�`�L�vava6+�)�a��KLCB��M̌ML�M6*6,va�+6)�)�a6*�b6a�6,�)�L6.�,v)�aK6+�)�a��KLLL�LCB����LMLM�̌M6*�,�`�b�*�6-�b6`�b6*�b�+�b6-6b�,vb�a�6.v,�aN6-�,v)�aJ��6.v+�+�6+�)�a��KL�L�LCB��M̍L�̍�LK6+�*v`v*�*v,H6)�b�a�-�a6b�,�bH6+�,vb6+�6+6a6+�6)�-vaL6a6)�*�*v,K6+�)�a��KL�LCB��M̍L�̍�L�6+�*v`v*�*v,H6+�,vb6+�6+6a6+�6)�-vaL6a6)�*�*v,K6+�)�a��KL�LCB��M̍M��LN6+�*v`v*�*v,H6.v,v*6bH6)�)�,vb�)�,��*6*v-6+�)�a��KLLLMLCB��LN�L��L��6`�*va6*vaH6+6)�`H6-�b�-�,�L6.v+�+�6+�)�a��KL���CB��LN�MNM�6`�*va6*vaH6+6)�`H6-�b�-�,�6)�b6a�b�av)�`�,�6+�)�a��KLLLCB��M�NNM�6-6*v,v*6*v*�6,�*�b�.6)�6+6b6,�6-6b6-6*H�6ava6+�)�a��KLLLMLCB��M�N�6-6*v,v*6*v*�6,�*�b�.6)�6+6b6,�6-6b6-6*H�6ava6+�)�a��KLLLMLCB�L�L���LN6-6*v,v*6*v*�6)�*v*6b�,�*�6`�b6+�bH��6ava6+�)�a��KL�LCB�L�LLN�6-6*v,v*6*v*�6avb6-�b6avb6-�b̌6ava6+�)�a��KL�LCB��M̌NM��6*6,va�+6bH6`�b6,v+�bH6)�)�a6*�b6a�6,�)��v`�-�6+�)�a��KLM�LCB�����͌M��6,vb6a�6`�b6*�*va�*v`�*Hv`�-�6+�)�a��KLMM�M�CB�͌L̎�͍�̍�6*�,�`�b�*�6)�a6)�-va6bH6`vb�*�a�b�,�6`�b�,�*H�6-�,v)�aK6+�)�a��KL��L��LCB�ML���K6,�*�,v)�b�*�6`�b6+�bH6a6b�avb6b6a�.va�)�.H�L6ava6+�)�a��KLLLCB��LL͌NLM�6`�a�b6*H6a�b�,�`�)�`vbH6`�a6)�,�b�`�6-6b6-6*HNL6-�,v)�aK6+�)�a��KLLLMLCB�LL�NLM�6`�a�b6*H6a�b�,�`�)�`vbH6`�a6)�,�b�`�6`�b�,�*H�6.v+�+ʌ�6.�,v)�aK6+�)�a��KL���CB�������NN6-�b6`�a6b�*�6)�b�`�a6)�,v,�6`�b�,�*H�L6-�,v)�aK6+�)�a��KL�L�LCB�������L6-�b6`�a6b�*�6)�b�`�a6)�,v,�6`�b�,�*H�L6-�,v)�aK6+�)�a��KL�L�LCB���M���L�6-�b�*�,�6`�b�,va6bH�6.�,v)�aK6+�)�a��KL�LCB�L������LL͋6avb6*�*vbH6`v,�*�*v`�6a�)�,�b�)�,K6+�)�a��KLLLCB��M�̌���6av)�,�bH6*6*va6*vaHH6,�*�)�,H6*6b�*6*v,K6+�)�a��KL�L�LCB���M̍�LL�6av.v*v*�*v,H6*6a�6*6)�a6*�b6a6b�6ava6+�)�a��KL͌CB���L�N�LNK6`�b�`�6-v*vavb6a�6)�a6b�b6aH6.6)�a�b�a6)��6.v+�+�6+�)�a��KLLLCB���L�N�̋6`�b�`�6-v*vavb6a�6)�a6b�b6aH6.6)�a�b�a6)�6+�)�a��KLCB����MM��6`v)�-H6`v)�,vb�a6b6-�,v)�aK6+�)�a��KL��L��LCB�̌����K6-6*v,v*6*v*�6,�)�`�bH6`�b6+�bHNvava6+�)�a��KLCB���L��L�MN6-6*v,v*6*v*�6+�)�a�b�*H6`�b6+�bHNvava6+�)�a��KLCB����M��L��NLK6a�*v,�*�bH6,v*v-6*6b6*6b�,vbH��6ava6+�)�a��KLLLCB�����N��M�6a�*v,�*�bH6,v*v-6`v,v)�b6a6*H��6ava6+�)�a��KLLLCB�͌������̌��6*�,�`�b�*�6)�b6,vb�b6)�a6)�-va6bHM�.v+�+�6+�)�a��KL�L̍LCB�͌������̌�K6*�,�`�b�*�6)�b6,vb�b6)�a6)�-va6bHMK��.�,v)�aK6+�)�a��KLLLCB�͌���M͍L��6*�,�`�b�*�6)�b6,vb�b6avb�a6`�6b6-�b6`�b6a6)�*�*H͋�6-�,v)�aJ�L�.v+�+�6+�)�a��KLLLMLCB�͌���M͍L��K6*�,�`�b�*�6)�b6,vb�b6avb�a6`�6b6-�b6`�b6a6)�*�*H͋�6-�,v)�aK6+�)�a��KLLLCB��L�M�L�L��K6`v)�-H6ava6*vb6a�6*6,v)�b�*�ML6-�,v)�aK6+�)�a��KLNL��LCB�MLLLNMLM�6`�a�*�)�`�bH6av,vb�-6`�6*6b6)�+�bH�L6-�,v)�aK6+�)�a��KL͌CB�MLLLNML���6`�a�*�)�`�bH6av,vb�-6`�6*6b6)�+�bH6`�b�,�*H�L6-�,v)�aK6+�)�a��KL͌CB�ML�NNM�6-6*v,v*6*v*�6,�a�6)�b�-��6ava6+�)�a��KLCB�ML�NL�K6-6*v,v*6*v*�6,�a�6)�b�-��6ava6+�)�a��KLCB�ML�N�M6-6*v,v*6*v*�6,�a�6)�b�-��6ava6+�)�a��KLCB����LL���6*6)�,�a6b�)�6av)�,vb�a�)�6`�b�,�*H6-�,v)�aK6+�)�a��KLLLMLCB���L�M����6av.v*v*�*v,H6+6*vb6b6a�+�,v`va�L6ava6+�)�a��KL�L�LCB���L�M����6av.v*v*�*v,H6+6*vb6b6a�+�,v`va�L6ava6+�)�a��KL�L�LCB��L�M�L�LLK6-6)�av*�b6bH6+6a6`�6*6,v)�b�*�L6-�,v)�aK6+�)�a��KLL�LM�LCB�NMMM6,�b�a�-�6+�a�b6`�6`�)�*��6.�,v)�aK6+�)�a��KL�LCB���L�LM6*6)�a6av,vb�-6`�6*�)�,�*HL6.�,v)�aK6+�)�a��KL͌CB���M�N��K6a�*v,�*�*va6*H6`�b�*�6`�)�*�6.�,v)�aJ��6.v+�+�6+�)�a��KLM͌NCB���M�N���6a�*v,�*�*va6*H6`�b�*�6`�)�*�6.�,v)�aK6+�)�a��KL�LCB�̍N�6*�*v+vb�a�)�6*6*vb�)�,�bvc�6-�*vb6,v*K6+�)�a��KL�LCB�̍L�6*�*v+vb�a�)�6*6*vb�)�,�bvc�6*6-�b6`�6+�)�a��KLLLCB��MM̎L���L6-6*v,v*6*v*�6a6b6,�bH��6ava6+�)�a��KLCB��MM̎L��M6-6*v,v*6*v*�6a6b6,�bH��6ava6+�)�a��KLCB���M��LK6a�*v,�*�*va6*H6`v,�*�*v`�6)�b�a�+�*v,H�6.v+�+�6+�)�a��KLLLMLCB���M��MK6a�*v,�*�*va6*H6`v,�*�*v`�6)�b�a�+�*v,H�-�,v)�aK6+�)�a��KLCB�����L�K6b6b�`v*v,H6av,�*�*v,H6*6)�b�*�6`v,�*�*v`��v-�,v)�aJ��6.v+�+�6+�)�a��KLLLMLCB�����L�̋6b6b�`v*v,H6av,�*�*v,H6*6)�b�*�6`v,�*�*v`��v-�,v)�aK6+�)�a��KLCB�����L�N6b6b�`v*v,H6av,�*�*v,H6*6)�b�*��v-�,v)�aJ��6.v+�+�6+�)�a��KLLLMLCB�����L�K6b6b�`v*v,H6av,�*�*v,H6*6)�b�*��v-�,v)�aK6+�)�a��KLCB�����L�6b6b�`v*v,H6av,�*�*v,H6*6)�b�*��v-�,v)�aJ��6.v+�+�6+�)�a��KLLLMLCB�����L��K6b6b�`v*v,H6av,�*�*v,H6*6)�b�*��v-�,v)�aK6+�)�a��KLCB�����L��6b6b�`v*v,H6av,�*�*v,H6*6)�b�*�6`v,�*�*v`��v-�,v)�aJ��6.v+�+�6+�)�a��KLLLMLCB�����L�6b6b�`v*v,H6av,�*�*v,H6*6)�b�*�6`v,�*�*v`��v-�,v)�aK6+�)�a��KLCB�NNNNNL͍��6-v)�*6b6a�6a6b6`�,��.v+�+ʍ�v-�,v)�aK6+�)�a��KL�L�LCB����LMMLL���6-v)�*6b6a�6+�b6.L6-�,v)�aK6+�)�a��KL�LCB��L�L��M��6av.v*v*�*v,H6+6*vb6)�)�.6b�*�)�L6ava6+�)�a��KLLLMLCB��MNLM̎L�6-�b6,v*vbH6+6b�*6*v,H6*�,v`�bH6+�,vb�,6+�)�a��KL���CB��MNLM��K6-�b6,v*vbH6+6b�*6*v,H6*�,v`�bH6+�,vb�,6+�)�a��KL���CB��MM̎L�LM�6)�)�b6bH6`v,vb�-6a6b�avb6b6a�*v.va�)�.HL6ava6+�)�a��KLCB���L�M���LMK6`v,�*�*v`�6.v*6b�+�6av)�`�)�b�6-�,v)�aK6+�)�a��KLCB���NN6+�b6-6)�b6bH6+�b6,vav)�6ava6b�`�)�6`�)�a6`�6-�,v)�aK6+�)�a��KL�L�LCB����LM�N�6-6*v`�,vb6`�6*�,v*�*v`�)�a6)�)�a�)�*�)�L6-�,v)�aK6+�)�a��KLCB����LM�N�K6-6*v`�,vb6`�6`�a�b6*H6)�)�a�)�*�)�L6-�,v)�aK6+�)�a��KLCB��ML͍�L�LL��6`�*va6*vaH6+6)�`H6)�b�*�bL6.v+�+�6+�)�a��KL�L�LCB��M�M�L6*�)�b�*�6,�b6,H6.�*v,�)�a6*vbH6.v)�+�bHL6`�-�6+�)�a��KLL��L�CB������M�K6av.v+6,�*H6+�b6,�`�bH6-�,v)�aK6+�)�a��KL�L�LCB��NNNL�L̍6*�*v,vb6`�6,�*vb�)�,v*H6-�b�b6*H6-6b6*�6+�)�a��KLLL�LCB��L��M�6+vav)�aH6,�b�*�6,�b�,H6`�)�a6`��6ava6+�)�a��KL�LCB�M�̍��MM�K6+�*v,vav)�a�6`v)�`vb6a�6`�b6ava6bHL6ava6+�)�a��KLLLMLCB��M����6-6)�av*�b6bH6a6b�)��6ava6+�)�a��KLLLMLCB��M�����6-6)�av*�b6bH6a6b�)��6ava6+�)�a��KLLLMLCB��M����6-6)�av*�b6bH6a6b�)��6ava6+�)�a��KLLLMLCB��M���6-6)�av*�b6bH6a6b�)��6ava6+�)�a��KLLLMLCB��M���6-6)�av*�b6bH6a6b�)��6ava6+�)�a��KLLLMLCB��LL͎�LM��6,�)�a�*�bH6avb6a6*�b�+�N6.v+�+�6+�)�a��KL͌CB��LL͎�LN�6,�)�a�*�bH6avb6a6*�b�+�M6.v+�+�6+�)�a��KL͌CB��LL͎�LM�6,�)�a�*�bH6avb6a6*�b�+�M�.v+�+�6+�)�a��KL͌CB����NL�ML�6*6)�+6b�`�)�6a6b�avb6-6b6-6*H�6ava6+�)�a��KL�LCB��LL��LML̋6-6)�b6,H6+6,�aH6a�b6*6bHL6ava6+�)�a��KL�L�LCB��LL���M�K6-6)�b6,H6+6,�aH6a�b6*6bHL6ava6+�)�a��KL�L�LCB��LL��͌K6-6)�b6,H6+6,�aH6a�b6*6bHL6ava6+�)�a��KL�L�LCB��M�����L�K6av,v*v*6)�6,�b�c�,H6-6b6-6*H�6-�,v)�aK6+�)�a��KLM��CB��L�NLLL�6av,v*v*6)�bH6av)�,vb�a�)�6-6b6-6*H�6-�,v)�aK6+�)�a��KLLLMLCB��L�NLL�K6av,v*v*6)�bH6av)�,vb�a�)�6-6b6-6*H�6-�,v)�aK6+�)�a��KLLLMLCB��L�NLMK6a�-�.6b�a�6+�b6*6b�)�bH6av)�,vb�a�)�6-6b6-6*H�L6-�,v)�aK6+�)�a��KL͌CB��L�NLL̋6a�-�.6b�a�6+�b6*6b�)�bH6av)�,vb�a�)�6-6b6-6*H��6-�,v)�aK6+�)�a��KL�L�LCB��M����LK6`v,v-�*vbH6+�+�)�a�6*�)�+�av*HL6.v+�+�6+�)�a��KL�LCB��L�ML�M͎M6av)�a�+�+6bH6+�*v,�*�6*�)�`�*v*�6-6b�a�6+�)�a��KL�LCB��M�L�N��̋6*6*v`�*v,v*H6*�)�+�av*HL6.v+�+��+�*v,v,�bK6+�)�a��KL�LCB��L��̌�M���K6av.v*v*�*v,H6+6*vb6,�*vb�)�,v*H6)�b6b�)�+�)�6ava6+�)�a��KL�LCB��MMLL���6b6)�-6*v,vbH6,�b6a�+�*H�.v+�+�6+�)�a��KL�LCB��L�NM�M�K6av`�*v,��LMK6+�)�a��KL�L�LCB��ML�LMNMLNNK6av`�*v,�6b6*v,�*v*��LNL6+�)�a��KL�LCB�L��M�L͋6+�*v.6*vavb6,�6+va6)�`�bH6)�a6)�-va6bH6`va6)�avb�a�-�b�.v+�+�6+�)�a��KL�LCB���M̍�L��6av.v*v*�*v,H6av)�bH6b6*vbH�6ava6+�)�a��KL͌CB��M̎NM6av.v*v*�*v,H6)�*v`�b6)�+�bH6-�a6b�6ava6+�)�a��KL͌CB��M̎�6av.v*v*�*v,H6*6a6)�`�6)�b6*�b�b6aH�6ava6+�)�a��KL͌CB��M̎NL�6av.v*v*�*v,H6a6)�a�`�b6aH6*�)�,vb�,��6ava6+�)�a��KL͌CB��M̎���6av.v*v*�*v,H6av)�a�`�b�,v)�6*�)�,vb�,��6ava6+�)�a��KL͌CB��M̎NL��6av.v*v*�*v,H6`vb�avbH6*6b6,��6ava6+�)�a��KL͌CB���M̍�LM�K6av.v*v*�*v,H6*6b6,v*6b�,vbH6*6a6b6-�6ava6+�)�a��KL͌CB���M̍�L�6av.v*v*�*v,H6-�)�a�,�6-�)�a�b�a�6ava6+�)�a��KL͌CB��M�M�M�LK6av.v*v*�*v,H6*�b�a�`�6+�b�*v,H�L6ava6+�)�a��KL�LCB��M�M�M�MK6av.v*v*�*v,H6b�)�,v)��L6ava6+�)�a��KL�LCB��M�M�M�LL�6av.v*v*�*v,H6*�b6aH6`vb6+��L6ava6+�)�a��KL�LCB��M�M�M�LNNK6av.v*v*�*v,H6avb�a6*�-6a��L6ava6+�)�a��KL�LCB�͌L���6-�b6a6)�`H6,�b�-�)�,H6)�-va6bH6`v,v*va�,�bHL6ava6+�)�a��KL�����CB�M̌L�ML�6-�b6a6)�`H6,�b�c�,v+6b6`HL6ava6+�)�a��KLM�MLCB���MNM�LM�6-�b6a6)�`H6av*vb�,�b6a�6`v,v*va�,�bH�6ava6+�)�a��KLM�MLCB���MMLL�L�6av.v*v*�*v,H6`�a6b6*�6+�bH6a�b6b�*��6ava6+�)�a��KL͌CB���MMM�6-�b6a6)�`H6*�b6aH6`vb6,v+�L6ava6+�)�a��KL�����CB���LLL�ML͍K6-�b6a6)�`H6`�)�)�+�6)�a6`v,v,�)�a�6a6)�*�)�`v)�L6ava6+�)�a��KLNM��CB�����M̌�M��6-�b6a6)�`H6)�*vav*6b�,H6.vb6+�L6ava6+�)�a��KLM͌NCB���NLL��LLL6-�b6a6)�`H6+6b6)�+�6)�a6a6b�+�L6ava6+�)�a��KLNM��CB���LLL̌MLMK6-�b6a6)�`H6av)�+6b�,�*�b�`�6.vb6+�L6ava6+�)�a��KL�����CB��L�L����6`v,v-�*vbH6+�+�)�a�6ava�+�)�a6+�)�b�a�*v,�b6,K6+�)�a��KLLL�LCB��M��NNM̌6,�*v,v`��`�b�*6a6)�)�b�`vb6a�6avb6`�,�b6aH�M�6+�)�a��KL�L�LCB��MNML���L�6`�b�*6a6avb6`�,�b6aH�6b6)�*�6*�)�b�*�6+�)�a��KLLLMLCB��MNML��LNM�6`�b�*6a6)�)�b�`vb6a�6avb6`�,�b6aHͶb6)�*�Ќ̍6+�)�a��KL�L�LCB��MNNLL�M�MM�6avb6*6)�b�a6a�b6`�b�)�L�6+�)�a��KLM�MLCB���L���6avb6*6)�b�a6a�b6`�b�)�L�6+�)�a��KLM�MLCB�NM�L�LNM�6a�b�*�`vb6a�6*6a6b6*�b6,�6)�)�b�,v*�b6+�6av)�`�,�6+�)�a��KLL͌MCB��MNML��NM�6,�*v,v`��`�b�*6a6avb6*6)�b�a6)�)�b�`vb6a�6avb6`�,�b6aH6+�)�a��KL�LCB��MNML����K6,�*v,v`��`�b�*6a6avb6*6)�b�a6)�)�b�`vb6a�6avb6`�,�b6aH̌M�6+�)�a��KL�L�LCB��MNML��LL6,�*v,v`��`�b�*6a6avb6*6)�b�a6avb6`�,�b6aH6*�)�b�*�6+�)�a��KL�L�LCB��MNML���LK6,�*v,v`��`�b�*6a6avb6*6)�b�a6-�)�a6)�`�,�bH6avb6`�,�b6aK6+�)�a��KL�L�LCB��MNML��M�6,�*v,v`��`�b�*6a6*�)�b�*�6avb6`�,�b6aH�L�6+�)�a��KLLLMLCB��MNML��L�6,�*v,v`��`�b�*6a6-�)�a6)�`�,�bH6avb6`�,�b6aH�L�6+�)�a��KLLLMLCB��MNML��M��6`�b�*6a6*�)�b�*�6avb6`�,�b6aHL6,�aK6+�)�a��KL�LCB��MNML��͋6`�b�*6a6-�)�a6)�`�,�bHK��av*�,H6avb6`�,�b6aK6+�)�a��KL�LCB��MNML�L�K6`�b�*6a6*�)�b�*�6avb6`�,�b6aH�6b6)�*�6+�)�a��KLM��CB��������6)�)�b�,v*�b6+�,�6*�,vb6)�b6,v+6b�a�)�a6+�)�a��KLM�LCB��MNML�N�K6a�b�*�`vb6a�6`�b�*6a6*�)�b�*�6avb6`�,�b6aHK��av*�,K6+�)�a��KL���CB��N��N�L�̋6,v,�aH6avb6,v`�6+�aR�M�L��LK6+�)�a��KL�LCB�N�M͌��MK6+�*v.6*vavb6,�6+6b�a6b�*�6*�)�b6*v,H6*�)�*�,vbK6+�)�a��KLL��L�CB��M��LL�N�6b6*v,v*v`�*vbH6ava6)�+v,�*H6ava6*vb6a�6.v+�+�6+�)�a��KL�LCB��M̍L�̍��K6+�*v`v*�*v,H6)�b�a�-�a6b�,�bH�*6*v-6+�)�a��KLLL�LCB��L���LNK6,v,�aH6avb6,v`�LKL̋6+�)�a��KLLLMLCB��L�MNL��L6a�*v.6b�,H6ava6*vb6a�6`�)�a6`�M��K6+�)�a��KL�L�LCB��L�MNL��͋6a�*v.6b�,H6ava6*vb6a�6`�)�a6`�M���6+�)�a��KL���CB��M�M��L�NM��6`�*va6*vaH6,v*va�-�6`�)�a6`�6+�b6av,�L�.v+�+�6+�)�a��KLM��CB��L�L�NLL�L6-�*v,�*�*vbH6`�*�)�*6b6+�*v`v*�*v,H�M�6+�)�a��KL�L�LCB��M�����L��6`�*va6*vaH6,v*va�-�6av)�,6b�`�6a�b6)�`�bH�.v+�+�6+�)�a��KLLLMLCB��M�N���L�6+6*va�*�*vbH6`�*va6*vaH6,6)�a�-�b6)�a�6-�b�a�bHK6+�)�a��KL���CB��M�N���NK6+6*va�*�*vbH6`�*va6*vaH6,6)�a�-�b6)�a�6-�b�a�bH�K6+�)�a��KL���CB��L��LM�K6+6*va�*�*vbH6`�*va6*vaH6a6b6`�bHM�6+�)�a��KL���CB��N��L�6+6*va�*�*vbH6`�*va6*vaH6`�)�*�bH6*6)�,v)��6+�)�a��KLM��CB��M��M��L�6`�*va6*vaH6,v*va�-�6av)�,6b�`��.v+�+�͌�6+�)�a��KLM��CB��L����L�6`�)�a6`�bH6a�)�a�6+�b6)�,v+�a�6a6)�a�+6*6b6`�,�6+�)�a��KL�L�LCB��L���M�LML�6`�)�a6`�bH6a�)�a�6+�b6)�,v+�a�6ava6*vb6a�LMK6+�)�a��KL�L�LCB��N��N��ML�6a�b�a�b6`�6`�-�)�a�6+�b6+�b6,�*�,vb6a�-�6+�)�a��KL�LCB���M�L�N�6av.v*v*�*v,H6*6a�6*6)�a6-6b6-6*HL6ava6`�,vb�avbH�K6+�)�a��KL�L�LCB��ML�LNM�M�LK6)�*v,�b�*�b6,�*6b6`�bH6a�b�a�b6`�6a�b6+�)�6`�)�*�a6bH6-6b6-6*H�vava6+�)�a��KL�LCB��L�LL�L�M�6av`�a6b6`�6`�,vb�*�v,�aK6+�)�a��KLLLMLCB��L�LL�L�6av`�a6b6`�6`�,vb�*�6,�aK6+�)�a��KLL�LL�LCB��M�L�MLK6`�*va6*vaH6,v*va�-�6.6b�a�+�,��6.v+�+�6+�)�a��KL�L�LCB��ML��L͍�6*6)�+�bH6)�,�*�b�aͶ,�aK6+�)�a��KLM��CB��L��LLM�NNK6av*v*�)�,v*vbH6)�)�b6,�b�-�bva6*�,H�NK6+�)�a��KLL��L�CB��L�L�LL��6a�b�a�b6`�6+�)�b6b�a�6`�,v+�a�*vb6*H6`�a6)�,�b�`�6,�*va�-�)�b�,K6+�)�a��KL�L�LCB����L�LM���6`�b6*�bH6-�)�6avb�a6)�a�6-6b6-6*H�.v+�+�6+�)�a��KL͌CB�M��MLLL�N6`�*�)�*6)�*va6`H6*6bvc�6.v,v*6bK6+�)�a��KLM��CB�M�NM�͍���K6`�*�)�*6,6av)�,v*vbH6)�b�a�-�a6b�,�bK6+�)�a��KLM��CB��LM�͌�6a�b6`�6,v*vb6)��6-�,v)�aK6+�)�a��KL��L��LCB��M�����6*6,va�+6bH6,v*vb6)��6-�,v)�aK6+�)�a��KLLLMLCB���L�NLNL̋6`v)�-vb6a6bH6,�*�bH6,v*vb6)�L6-�,v)�aK6+�)�a��KLL�LM�LCB��LL����L�6*�b6*�6`�b�`�6`�,v)�avb�a6b6`�)�`�)�b�6.v+�+�6+�)�a��KL�LCB��LL��M�L�6*�b6*�6`�b�`�6`�,v)�avb�a6b6`�)�`�)�b�v-�,v)�aK6+�)�a��KLCB��M���6a�*v,�*�*va6*vbH6+�b6*6*vbH6-�b6`�b6a6)�*�*H6*6b6a6-�bHL6-�,v)�aJ�v.v+�+�6+�)�a��KLM�LM�LCB����M�̋6*6b�,�`�b6b�*�6av)�avbH6`v)�bH�L6-�,v)�aK6+�)�a��KL�LCB�L�L���6`�*v*�,�b6a6`�)�b6*H6+�b6a6,�bH6+6b6,�*�bM�.v+�+ʎ��-�,v)�aK6+�)�a��KLLLLLCB�L�L��L��6`�*v*�,�b6a6`�)�b6*H6+�b6a6,�bH6+6b6,�*�bM�.v+�+ʎ��-�,v)�aK6+�)�a��KLLLLLCB�͌L���M����6`�*v*�,�b6a6`�)�b6*H6+�b6a6,�bH6+6b6,�*�bM�.v+�+ʎ��-�,v)�aK6+�)�a��KLLLLLCB��LL��M�͋6*�b6*�6`�b�`�6`�b�,�*H6avb�a�bH6a6b�avbM6-�,v)�aK6+�)�a��KLM��CB�͌L��̍��L6`�*v*�,�b6a6`�)�b6*H6,�*�)�,v*6b6`�,�L6.v+�+ʍMv-�,v)�aK6+�)�a��KL�LCB�͌L��̍�M���6`�*v*�,�b6a6`�)�b6*H6,�*�)�,v*6b6`�,�L6.v+�+ʍM�-�,v)�aK6+�)�a��KL�LCB�LL�NLM��ML6-�b�*�,�6-�b�,�b�*�6*6,vb�*�)�a�bH6-�,v)�aK6+�)�a��KLM��CB�͌���N��6*�,�`�b�*�6)�b6,vb�b6avb�a�bH6*6,vb�*�)�a�bHLM6-�,v)�aK6+�)�a��KL�LCB�������L6a�*v,�*�*va6*H6,v)�b�,�6)�*v*�6*�,vb6*�b�a�6*6,vb�*�)�a�bHN6-�,v)�aK6+�)�a��KL�LCB��������6a�*v,�*�*va6*H6,v)�b�,�6)�*v*�6*�,vb6*�b�a�6*6,vb�*�)�a�bHN6-�,v)�aK6+�)�a��KL�LCB�M�L�M�ML6-�b�*�,�6b6)�a�*�b�+�6*6,vb�*�)�a�bHL�v-�,v)�aK6+�)�a��KL͌CB�M�L�M�M�6-�b�*�,�6b6)�a�*�b�+�6*6,vb�*�)�a�bHL�v-�,v)�aK6+�)�a��KL͌CB�L�LNM�NM6-6)�av*�b6bH6,vb6,�6av)�,vbH6b6a�*v.va�*H6ava6+�)�a��KLM��CB���M��L��K6+v*v*6a6b�a�b6,H6*6,vb�*�)�a�bH6-6b�a�MMv-�,v)�aK6+�)�a��KLM��CB��L̌�͍�6avb6`�*vb�`H6*�,vb�,�avbH6ava6+�)�a��KL��L��LCB���M��NLL��6av.v*v*�*v,H6+6*vb6`vb�*6,vb�,�NH6ava6+�)�a��KL͌CB���M�NN�K6av.v*v*�*v,H6+6*vb6`vb�*6,vb�,�NH6ava6+�)�a��KL͌CB��M͍��ĽL�K6+�*v,vav)�a�6*6b6,vbH6*�b6,�6-�b�a�bHL6-�,v)�aK6+�)�a��KL���CB�LNĽ�NM�6-6)�av*�b6bH6`�a6b�c�,H6*6,vb�*�)�a�bH�L6ava6+�)�a��KL���CB��M�MNLM�6-6)�b6,H6+6,�aH6*6a6`�,vb�a�*�bva6*�,K6+�)�a��KL�LCB��M�MNL̋6-6)�b6,H6+6,�aH6*6a6`�,vb�a�*�bva6*�,K6+�)�a��KL�LCB��L��M�L�L�6`�*va6*vaH6+�av`���6+�)�a��KLLLCB�����MMMK6*�,�`�b�*�6b6b�`v*v,H6a�)�,�,vb�,��6.v+�+�6+�)�a��KL�L�LCB�����MM6*�,�`�b�*�6b6b�`v*v,H6a�)�,�,vb�,��6.v+�+�6+�)�a��KL�L�LCB�����MM��6*�,�`�b�*�6b6b�`v*v,H6a�)�,�,vb�,��6.v+�+�6+�)�a��KL�L�LCB�����MM�6*�,�`�b�*�6b6b�`v*v,H6a�)�,�,vb�,��6.v+�+�6+�)�a��KL�L�LCB����M�LMK6`�b�`�6b�avb�-6)�a�M�-�,v)�aK6+�)�a��KLCB��M��̌K6,�*6b6`�bH6*�b�a6)�b6`vb6+6b�`�)�6`�)�a6`�ML6ava6+�)�a��KLM��CB�M�LL��K6av.v*v*�*v,H6,�)�,v)��6ava6+�)�a��KL��L��LCB����LMLL��M��6-�b6`�b6`�b�`�6)�)�a6*6b�a�)�6-�,v)�aJ��6.v+�+�6+�)�a��KL�LCB����LMLL��L�6-�b6`�b6`�b�`�6)�)�a6*6b�a�)�6-�,v)�aK6+�)�a��KLCB���MK6*6*va�b�-6*�6avb�a�*�b6,�6`�)�a6`�Mˍv.�,v)�aK6+�)�a��KL�LCB����MMM�L��6`�b�`�6.vav,v)�a�*H�6-�,v)�aK6+�)�a��KLLLCB��NLM̍L��K6+�*v,vav)�a�6*�*v*6)�+�6+�`�*�b6,H6a�)�b6,�6*6*v+�)�+�L6ava6+�)�a��KLM��CB����MMM�L��6`�b�`�6-6)�a�b�b6,HL6-�,v)�aK6+�)�a��KLCB����MMM�L�6`�b�`�6-6)�a�b�b6,HL6-�,v)�aK6+�)�a��KLCB��M̌NLML�6-�b6-6*�6av)�,�bH6)�)�a6*�b6a�6,�)�6`�b6+�bHM�6-�,v)�aK6+�)�a��KLM��CB���������6`�*vb�av)�+�6avb�a�+�a6)��v-�,v)�aK6+�)�a��KLLLCB��M̌N�6a6b6*6b�)�6-�b�*�bH6)�)�a6*�b6a�6,�)�L6-�,v)�aK6+�)�a��KLM��CB��M̌N�͋6a�b�,�`�6,�*v,H6)�)�a6*�b6a�6,�)�L6-�,v)�aK6+�)�a��KLLLMLCB����MMM�LL6`�b�`�6-6)�a�b�b6,HL6-�,v)�aK6+�)�a��KLCB����MMM�L��6`�b�`�6-6)�a�b�b6,HL6-�,v)�aK6+�)�a��KLCB���L��M�6-6b�,H6)�a6av,v)�.vbHN6.v+�+ʌML6ava6+�)�a��KL͌CB���L��L6-6b�,H6)�a6av,v)�.vbHN6.v+�+ʌML6ava6+�)�a��KL͌CB�MLLLNMNL�6,�b�a�-�6*6b6)�+�bH6`�b�,�*H�6-�,v)�aK6+�)�a��KL͌CB��M�L�L�K6`�b�`�6,�*�avb�-�b�a6`v,v*va�,�bHv-�,v)�aK6+�)�a��KLLL�LCB�MLML6`�b6`�)�6`�b6a6)�6av)�bH6+�*vbH6b6*va�6*6,vb�*�)�a�bH��6ava6+�)�a��KLLLMLCB�M�L�LL��L�6)�)�b6bH6)�)�b�,�6a6*va�+�b�`�L6ava6+�)�a��KL���CB�͌MM̎M�LK6av*va�,�b�a6av`�b�)�+6-�)�,va�b�,H6ava6+�)�a��KLM��CB��L���NM6,�*v,v`�bH6-�b6,�`�*H6.�)�,�6)�)�a6*�b�a�6*6)�-6)�-va6bK6+�)�a��KLL�LLCB���L�L�M�6+�)�a�6,v*v,�6`�-�,v)�aK6+�)�a��KLLLMLCB���L�MMMM�6+�)�a�*v`�b6*�)�bH6,v*v,�6-�,v)�aK6+�)�a��KL�LCB��M�M�L�6,�)�.6)�,H6,v,6+�*H6,v*v,�6-�,v)�aK6+�)�a��KL�LCB���L�L��6*6,va�+6bH6`�b6,v+�bH6+�*va�`�6+�,H6,v*v,�6`�.�6+�)�a��KL�L�LCB���L�L��K6a�b�,�`�*H6,�*v,H6,v*v,�6-�,v)�aK6+�)�a��KLM��CB��M�L�M�6,vb6a�bH6,v*vb6)�6*6*v,vavb�ava6*�,K6+�)�a��KL�͌�CB���LĽL�L͋6,�*vb�*�6a�b6a�b6ava�+�)�a�6ava6+�)�a��KL���CB����L������6-�b6a6)�`H6a6)�`�b6,�*�L6ava6+�)�a��KLL�LLCB�ML�M���6*6)�,v*6b�`�)�a�6-6b6-6*H��6ava6+�)�a��KL�LCB���M�M���6`�)�,�)�a�`�6,�b�b6*�)�+vav*H�.v+�+�6+�)�a��KL�M��CB��M��MM��ML6-�b6,v*vbH6*�b�)�b6)�a�6av)�,vb�b6+�)�a��KLLLMLCB�LLN���6-6)�av*�b6bH6+6a6`�6*�,v,�b�a���6a6*�,K6+�)�a��KL�L�LCB��LML�LNN6,�b6,�b�,�6-�b�`v*�a6b�`���v-�,v)�aK6+�)�a��KL�L�LCB�LLLLLM���6-v)�*6b6a�6+�b6.6)�*vav,vb�`�bH�.v+�+ʍ���-�,v)�aK6+�)�a��KLLLCB�LLLLML�LL�6-v)�*6b6a�6+�b6.6)�*vav,vb�`�bH�.v+�+ʍ���-�,v)�aK6+�)�a��KLLLCB�LLLLLL��6-v)�*6b6a�6+�b6.6)�*vav,vb�`�bH�.v+�+ʍ���-�,v)�aK6+�)�a��KLLLCB�LLLLM�LM�K6-v)�*6b6a�6+�b6.6)�*vav,vb�`�bH�.v+�+ʍ���-�,v)�aK6+�)�a��KLLLCB�����͌���6*�,�`�b�*�6*6)�,v)�`�)�6.v+�+ʌ�6-�,v)�aK6+�)�a��KL�L�LCB���L�N͌��6)�*va�+�b6avbH6)�a6b�b6aK6+�)�a��KLCB������L�L��6-�b6`�b6,�*va�+�*vb6b�-�6)�b6a6`�*v,HL�.v+�+�6+�)�a��KL���CB������L�L��6-�b6`�b6,�*va�+�*vb6b�-�6)�b6a6`�*v,H6.v+�+�6+�)�a��KLCB������L��K6*�,�`�b�*�6avb�a6`�bH6)�b6a6`�*v,HL�.v+�+�6+�)�a��KL���CB������L��6*�,�`�b�*�6avb�a6`�bH6)�b6a6`�*v,K6+�)�a��KLCB���M���LN6-�b�*�,�6`�b�,va6bH�6-�,v)�aK6+�)�a��KLLLCB���LL̌LLM�6b6b�`v*v,H6`vb�a�-�*v,H6a�b6*6bH6)�b6a6`�*v,H�6.v+�+�6+�)�a��KL�LCB���LL̌LLK6b6b�`v*v,H6`vb�a�-�*v,H6a�b6*6bH6)�b6a6`�*v,K6+�)�a��KLCB����LLLNNNLM�6,�`v,v*vbH6,�*v`v*v,vbH6`vb�,v,�)�+6bH6a�)�bH6`vb6+�*6)�`�L�6,�aK6+�)�a��KLLLMLCB�LM�LL��K6`v,v-�*vbH6+�+�)�a�6,�b�-�6,�)�-�6+�)�a��KLLLCB��MM̎L�LL�K6*�`v*v`�6a6b6,�bK6+�)�a��KLCB�L�LNLMM�6-6)�av*�b6bH6`�b6,�ava6b�a�6`�*va6*v*�b6,HL6ava6+�)�a��KL�LCB�L�LNLLNM�K6-6)�b6,H6+6,�aH6`�b6,�ava6b�a��L6ava6+�)�a��KL�L�LCB�L�LNLLN�6-6)�b6,H6+6,�aH6`�b6,�ava6b�a��L6ava6+�)�a��KL�L�LCB�L�LNLLNM�6-6)�b6,H6+6,�aH6`�b6,�ava6b�a��L6ava6+�)�a��KL�L�LCB�L�LNLLNNK6-6)�b6,H6+6,�aH6`�b6,�ava6b�a��L6ava6+�)�a��KL�L�LCB�L�LNLL�K6-6)�b6,H6+6,�aH6`�b6,�ava6b�a��L6ava6+�)�a��KL�L�LCB�L�LNLLNL�6-6)�b6,H6+6,�aH6`�b6,�ava6b�a��L6ava6+�)�a��KL�L�LCB�L�LNLLNLM�6-6)�b6,H6+6,�aH6`�b6,�ava6b�a��L6ava6+�)�a��KL�L�LCB�L�LNLLNM�6-6)�b6,H6+6,�aH6`�b6,�ava6b�a��L6ava6+�)�a��KL�L�LCB�L�LNLLNMM6-6)�b6,H6+6,�aH6`�b6,�ava6b�a��L6ava6+�)�a��KL�L�LCB�L�LNLLNL��6-6)�b6,H6+6,�aH6`�b6,�ava6b�a��L6ava6+�)�a��KL�L�LCB�L�LNLLNLK6-6)�b6,H6+6,�aH6`�b6,�ava6b�a��L6ava6+�)�a��KL�L�LCB�L�LNLLNNL�6-6)�b6,H6+6,�aH6`�b6,�ava6b�a��L6ava6+�)�a��KL�L�LCB��LMM�K6*�)�b�*�6+6a6`�6ava6*vb6a�6a�b�,�L6-�,v)�aK6+�)�a��KLM��CB��LL�K6*�)�b�*�6+6a6`�6a�b�,�L6-�,v)�aK6+�)�a��KLM��CB��L��6-v)�*6b6a�6,�)�)�a6a�b�,��a6*�,K6+�)�a��KL͌CB�͌L���L6avb6`�*vb�`H6)�b6a6*�,v)�6-�)�,va�b�,H͌6ava6+�)�a��KLLLCB��LL͎L�LK6+v*v`v)�,�*vbH6avb6a6`vb�`�,�6*�,vb�avb6aH�.v+�+�6,v*v`�*vaH6+�)�a��KLMM�M�CB��LL͎L�M6+v*v`v)�,�*vbH6avb6a6`vb�`�,�6*�,vb�avb6aHM6.v+�+�6,v*v`�*vaH�6+�)�a��KLMM�M�CB��M̌NLL�6+�*v,vav)�a�6`�*va�*v`v*H6b6-�b�,�`�6)�)�b�,�L6-�,v)�aK6+�)�a��KLM��CB����M�M��K6`�a�*�)�`�bH6*�avb�a�)�L�.v+�+ʌ�6-�,v)�aK6+�)�a��KL��L��LCB����M�MN��6*�*va�b�,H6`�)�a6*HL6-�,v)�aK6+�)�a��KLLLCB����N�L�MK6av)�,�*�6)�a6,v+vav*H6+6)�avb6,�6+�)�a��KLL�LM�LCB��L��M�MM�6`�b�`�6-v*vavb6a�͍v+�*vbH�6.v+�+�6+�)�a��KL�LCB��L���MNK6`�b�`�6-v*vavb6a�͍v+�*vbH�6-�,v)�aK6+�)�a��KLCB��L�̌�L�K6+6b6+6b6+6b�a6bH6,�b�*�aL6-�,v)�aK6+�)�a��KL͌CB��NL�M�L�K6`�*vb�av)�+�6-6b6`�b6,�b�a6*6a�+�*v`�6b6`�)�`�)�b6+�)�a��KLCB���LL͌M̋6avb�,6avb�,6b6`�6*�,v`�bH6`vb6a�6`va6)�.6b6,K6+�)�a��KLCB��L��ML�N6*�,�`�b�*�6,�*va�+�*vb6b�-�6a6)�avb6,vbH�6.v+�+�6+�)�a��KL�LCB��L���ML�LK6*�,�`�b�*�6,�*va�+�*vb6b�-�6a6)�avb6,vbHMv-�6+�)�a��KLCB��LL����M6`�b�`�6,�b6,�*6b6aH6*�b�*�b�*�b6)�b�*�bHL6-�,v)�aK6+�)�a��KL�LCB��LL��L�6*�b6`v`�6*�b�a�)�,H6`�b�,�*H6-�,v)�aK6+�)�a��KL�LCB��LL����K6*�b6`v`�6`�b6a�+�`�6*�b�a�)�,HML6-�,v)�aK6+�)�a��KL�L�LCB��LL�����K6*�b6`v`�6`�b6a�+�`�6*�b�a�)�,HML6-�,v)�aK6+�)�a��KL�L�LCB��LL����̋6*�b6`v`�6`�b6a�+�`�6*�b�a�)�,HML6-�,v)�aK6+�)�a��KL�L�LCB��LNM�͍�6+6b�a6bH6+�)�ava6*H�6-�,v)�aK6+�)�a��KLCB��LNM��K6+6b�a6bH6+�)�ava6*H�6-�,v)�aK6+�)�a��KLCB��LNM�M�L͋6+6b�a6bH6+�)�ava6*H6av*v,�*�*v,v*HMv-�,v)�aK6+�)�a��KLCB��LNM�M�6+6b�a6bH6+�)�ava6*H6av*v,�*�*v,v*HMv-�,v)�aK6+�)�a��KLCB��LNM��K6+6b�a6bH6+�)�ava6*H6av*v,�*�*v,v*HMv-�,v)�aK6+�)�a��KLCB��LNM�NNNK6-6*v`�,vb6`�6`v,vb6*�bH6*�)�b�)�-�6.v+�+�6+�)�a��KL�L�LCB��LNM�NL�K6-6*v`�,vb6`�6`v,vb6*�bH6*�)�b�)�-�6.v+�+�6+�)�a��KL�L�LCB��LNM�NLM�6-6*v`�,vb6`�6`v,vb6*�bH6*�)�b�)�-�6.v+�+�6+�)�a��KL�L�LCB��LNM�L��6-6*v`�,vb6`�6`v,vb6*�bH6*�)�b�)�-6+�)�a��KLCB��L��LMN�6av*v`�b�a�*vbH6,v+�b�a�6,�`v,v`�,va�6a�)�b6a�)�a�NN6+�)�a��KLL͌MCB��MMMML�L��6av*v`�b�a�*vbH6,v+�b�a�6,�`v,v`�,va�6`�b�avbH�KUL��6+�)�a��KLM��M�CB��M�LM6a6)�b�*�6a6b�+�6,�av)�a6,�b6a�LL��6+�)�a��KLLM�L�CB��M�L�LM�6a6)�b�*�6a6b�+�6,�av)�a6,�b6a���K6+�)�a��KLM�LCB���M�NML6,�*vb�*�b6a�6,v*v-6a�)�,�*HM�6-�,v)�aK6+�)�a��KL�LCB���M�NM��6,�*vb�*�b6a�6,�*v,H6a�)�,�*HM�6-�,v)�aK6+�)�a��KL�LCB��LL�MM���6av.v*v*�*v,H6*6a6)�+�bHML6ava6+�)�a��KL�L�LCB��LL�MM���6av.v*v*�*v,H6*6a6)�+�bHML6ava6+�)�a��KL�L�LCB�����NL�K6-�b6`�b6a6)�*�*H6avb�a�+�b�a6)�6-6b6-6*HN6-�,v)�aK6+�)�a��KLM��CB�LM�L6,vb�+�*6b6a6*6bH6-6*v`�,H6*6,vb�*�)�a�bH�L6ava6+�)�a��KL��L��LCB��ML��L������6*6)�`�a6`�6av)�,vb�a�)�6`�b6+�bH6-�,v)�aK6+�)�a��KL�LCB��M̎MLNML�6+�*v.6*vavb6,�6-�,vb�*�6av)�`�,��+�*v.6bH�.v+�+�6+�)�a��KLM��CB��M̎MLNL��6+�*v.6*vavb6,�6-�,vb�*�6av)�`�,��+�*v.6bH�.v+�+�6+�)�a��KLM��CB���NM̌�K6)�)�b�,�6`�b6`vbH6+v,�a�6)�*v`v*va�+�bH6-6b6-6*HNL6ava6+�)�a��KL�L�LCB���NM̌��6)�)�b�,�6`�b6`vbH6+v,�a�6)�*v`v*va�+�bH6-6b6-6*HNL6ava6+�)�a��KL�L�LCB���NM̌���6)�)�b�,�6`�b6`vbH6+v,�a�6)�*v`v*va�+�bH6-6b6-6*HNL6ava6+�)�a��KL�L�LCB����MMM�͋6-�b6-6*�6-�b�a6*6b6+�,vb6a��6-�,v)�aK6+�)�a��KLM��CB���LL�M͍�L6avb6`�*vb�`H6.6)�*�b�`�)�͌6ava6+�)�a��KL�L�LCB���LL̌L���6a�*v,�*�*va6*H6a�b6*6bH6`�,v)�avb�aL�.v+�+�6+�)�a��KL���CB��N̌M�MLMK6`�a6b�a�,�6*�*v,H6)�b6`�,�bL�6.v+�+�6+�)�a��KL�LCB����MM����6*�*va�b�,H6*�b�*�,�)�͌v,�*�)�,�v`�-�6+�)�a��KL�L�LCB����MM���L�6*�*va�b�,H6*�b�*�,�)�͌v,�*�)�,�L6-�,v)�aK6+�)�a��KL͌CB�ML�LL�NK6-6*v,v*6*v*�6,v)�a�bK6+�)�a��KL�LCB���L�L���K6av.v*v*�*v,H6+6a6`�6.6b�.6b6-�,v)�aK6+�)�a��KLM��CB���L�L����6av.v*v*�*v,H6+6a6`�6.6b�.6b6-�,v)�aK6+�)�a��KLM��CB���L���L���6-6)�av*�b6bH6+6a6`�6.6b�.6b��va6*�,K6+�)�a��KL�L�LCB�LNLL�NK6)�)�`H6a6b�avb6)�a6-v,v)�`H�L6ava6+�)�a��KL�L�LCB��MN�LML�6*�b6+�b�a�-�6`�b�a�*�L�v-�,v)�aK6+�)�a��KL�LCB��L��͍K6-v)�-H6,vb�,�b6)�a6,v+vav*H6-�,v)�aK6+�)�a��KLM��CB����LMML���NK6-6)�av*�b6bH6`�a6b�,H6av,�,vbH͌6ava6+�)�a��KL��L��LCB����LMML���L�6-6)�av*�b6bH6`�a6b�,H6av,�,vbH͌6ava6+�)�a��KL��L��LCB����LMMLMLLL6-v)�*6b6a�6a6b6`�,��v-�,v)�aJ��.v+�+�6+�)�a��KL���CB���L��N�6-6)�b6,H6+6,�aH6a6b6`�,��6ava6+�)�a��KL�L�LCB��M�����NMK6-6*v*6,vav)�a�6a�a�)�,H6,�b�c�,H6-6b6-6*H�v-�,v)�aK6+�)�a��KLLLMLCB������LMK6,�*�)�`�b�*�bH6+�)�b�avb6a�+�6-�,v)�aK6+�)�a��KL�LCB���L�K6*6a�)�,v)�*�6*�*v*�)�*�*H6+�)�b�avb6a�+�6-�,v)�aK6+�)�a��KL�L�LCB���LLL�6,�.v*�,H6+�b6-L6-�,v)�aK6+�)�a��KL�L�LCB��LLNM�K6-6*v`�,H6*�*v*6b�.vbH6+�b�avb�,v)�,v)�6+�)�b�avb6a�+��L6-�,v)�aK6+�)�a��KL�L�LCB�L�MM�LLLL6*�b6`v-�)�bH6a�)�,v+�bH6+�*v*6*H6av.v*v*�*v,H6.�,v)�aK6+�)�a��KLLLCB�L��M��K6-6*v,v*6*v*�6avb6a��6ava6+�)�a��KLCB������̌M�K6*�*va6`�*H6avb�c�b6-6b�)�*�6-6b6-6*H�6.�,v)�aK6+�)�a��KLL�LM�LCB������̌LNK6,�*vb�*�b6a�6,�*v,H6-6b�)�*�6-6b6-6*H�6.�,v)�aK6+�)�a��KL�L�LCB������̌NLK6`va6`va6-6b�)�*�6-6b6-6*H�6.�,v)�aK6+�)�a��KLLLMLCB������̌MNK6`va6`va6-6b�)�*�6-6b6-6*H6.�,v)�aK6+�)�a��KL�LCB�����̍���͌�6+�*v,vav)�a�6*�*v*6)�+�6av,�*�*v,H6`�a6)�b�a�L6ava6+�)�a��KLLLMLCB�NL��K6.v,v-H6+�)�-H6-6)�av*�b6bH6+6a6`�6a�*v*�bH6a�b�*�6a6*�,K6+�)�a��KL��L��LCB����MLML6a�*v,�*�*va6*H6.vav)�,H6`�)�`�)�b6`�b�,�*HL6-�,v)�aK6+�)�a��KL͌CB��LL��NN6*6,�`�b6b�*�6a�b6a6)�6)�b�*�bHL6-�,v)�aK6+�)�a��KL�LCB��LL���͌�6*6,�`�b6b�*�6a�b6a6)�6)�b�*�bHL6-�,v)�aK6+�)�a��KL�LCB��LL�������K6*6,�`�b6b�*�6a�b6a6)�6)�b�*�bHL6-�,v)�aK6+�)�a��KL�LCB��LL���M�6*6,�`�b6b�*�6+6a�6*�,v*�*v`�)�a6)�b�*�bH�v-�,v)�aJ�Ͷ.v+�+�6+�)�a��KL�L�LCB��LL���L�6*6,�`�b6b�*�6+6a�6*�,v*�*v`�)�a6)�b�*�bH�v-�,v)�aK6+�)�a��KLCB��L�LMM��K6`�b�`�6b6,�a6b6`�,v)�avb�a�6.v+�+�6+�)�a��KL�LCB���L��MM��6`�b�`�6b6,�a6b6`�,v)�avb�aL6-�,v)�aK6+�)�a��KLCB����L�L���6b6b�`v*v,H6`�,vb�aH6`v,�*v`�6a6)�b�,v,��6.v+�+�6+�)�a��KL���CB����L�L��6a�*v,�*�*va6*H6`v,�*�*v`�6+�b6*6*vbH6,vb6,�b6*6b�)�a�`�b�6-�,v)�aK6+�)�a��KLLLCB��LL��L�M6b6b�`v*v,H6`�)�`�)�b6*6a�+�*v`�6`�,vb�*�bH�6-�,v)�aJ��6.v+�+�6+�)�a��KL�LCB��LL��L��6b6b�`v*v,H6`�)�`�)�b6*6a�+�*v`�6`�,vb�*�bH�6-�,v)�aK6+�)�a��KLCB��LL��L���6b6b�`v*v,H6-�b6`�b6a6)�*�*H6`�,vb�*�bH�6-�,v)�aJ��6.v+�+�6+�)�a��KL�LCB��LL��L��K6b6b�`v*v,H6-�b6`�b6a6)�*�*H6`�,vb�*�bH�6-�,v)�aK6+�)�a��KLCB��LM̌��K6*6,�`�b6b�*�6,�*va�+�*vb6b�-�6*�,vb6bH6)�*va�bHML�-�,v)�aK6+�)�a��KL�LCB��LL����M��6*6,�`�b6b�*�6`v,v)�b6a6*H6`�)�`�)�b6.v+�+ʌL6-�,v)�aK6+�)�a��KL͌CB��LL�����6*6,�`�b6b�*�6`�)�`�)�b6`�,v)�avb�a6.v+�+ʌL6-�,v)�aK6+�)�a��KL͌CB��LL���M���6*6,�`�b6b�*�6-�b6b�c�,�6a�a�+�6`�)�`�)�b6.v+�+ʌL6-�,v)�aK6+�)�a��KL͌CB��NLMLL��M�6`�b�`�6a6b6*�b6-�,v)�aK6+�)�a��KLLLCB��NLMLL��N6`�b�`�6a6b6*�b6-�,v)�aK6+�)�a��KLLLCB��LM̌L͌�6*6,�`�b6b�*�6,�*va�+�*vb6b�-�6*6b�-�6*�,vb�a�,�L6-�,v)�aK6+�)�a��KLM��CB��M̎LM�N6`�,vb�aH6`�)�`�)�b6*6a�+�*v`�6-6b6`�b6-6b6`��6-�,v)�aK6+�)�a��KLLLMLCB��LNM����6-�b6`�a6b�*�6avb�a�bH6*�)�b�)�-6`vb�`�bH6av-6*v`�a6-�,v)�aK6+�)�a��KLLLCB��LNM�M����6-�b6`�a6b�*�6avb�a�bH6*�)�b�)�-6`vb�`�bH6av-6*v`�a6-�,v)�aK6+�)�a��KLLLCB��LL�����K6*�)�b�`�b�`�6)�b�*�bH6.v)�b�a6bH�6-�,v)�aK6+�)�a��KLL�LM�LCB��LL��M��M�6*�)�b�`�b�`�6)�b�*�bH6.v)�b�a6bH�6-�,v)�aK6+�)�a��KLL�LM�LCB���M��LL�6`�b�`�6*6)�,vb�,��6.v+�+�6+�)�a��KL�L�LCB���L��M����6avb6a�6`�b�`�6*6)�,vb�,��6.v+�+�6+�)�a��KL�L�LCB���LL��M���6avb6a�6`�b�`�6*6)�,vb�,��6.v+�+�6+�)�a��KL�L�LCB���LL��M��6.6)�a6a�*�)�b�a�6`�b�`�6*6)�,vb�,��6.v+�+�6+�)�a��KL�L�LCB���L��MM���6`�b�`�6,�b6`va6bH6*6)�,vb�,��6.v+�+�6+�)�a��KL�L�LCB���LL��LK6`�b�`�6-�b6`�b6a6)�*�*H6*6)�,vb�,��6.v+�+�6+�)�a��KL�L�LCB��LL���ML�K6*�,�`�b�*�6a�b6a6)�6)�b�*�bHL��.�,v)�aK6+�)�a��KL�L�LCB��MNLK6,�b6+�*vbH6b6a6b6+�)�-�6-6b6-6*H�6ava6+�)�a��KLLLCB��NMN�NM6,�b�a�*H6`�b�`�6avb�c�,v,�b�a��6-�,v)�aK6+�)�a��KLM��CB�����M�MLL6*�,v-6b6`�6a�)�avb6,H6)�a6*6)�a6bM6-�,v)�aK6+�)�a��KL�LCB�����NN�M̋6*�`v*v`�6avb�a�b�v-�,v)�aK6+�)�a��KLCB�M��M�NM6-6)�av*�b
�avb6`�*vb�`J�-6)�b6*v,H6,vb6,�6a6)�b�`HL6ava6+�)�a��KLLLMLCB��MM̎L��͎6-6*v,v*6*v*�6a6b6,�bH��6ava6+�)�a��KLCB��MM̎L��L��6-6*v,v*6*v*�6a6b6,�bH��6ava6+�)�a��KLCB��MM̎L�M�L6*6b�*6,�bH6)�)�,v)�,v)�*�6-6b6-6*H�L6ava6+�)�a��KLLLCB��MM̎L�NM�6`v)�a�*�)�6)�)�,v)�,v)�*�6-6b6-6*H�L6ava6+�)�a��KLLLCB����L����6-6*v,v*6*v*�6av)�a6*�b�-�6-6b6-6*H�L6ava6+�)�a��KLLLCB��M�M��LM�NK6-6)�av*�b6*6*vb�*6bH6a6b6.6ava6+�)�a��KLM��CB���������LL�6*�,v-6b6`�6-6)�,va�6-�,v)�aK6+�)�a��KL�L�LCB��M������6av.v*v*�*v,H6+6*vb6+6b�a6b6ava6+�)�a��KLLL�LCB����L�ML�K6-v)�*6b6a�6,�)�)�a6a6)�a6b6a�bH6*�,vb6`vb�-6a�)�a�a6*�,K6+�)�a��KL�L�LCB���L�L6-6)�av*�b6bH6+6a6`�6*6*vb�*6bH6a6b6.L�L6ava6+�)�a��KL͌CB�L��N6-6)�av*�b6bH6+6a6`�6a�)�bH6`�a6)�,�,��6ava6+�)�a��KLLL�LLM�LCB�������MK6-�*v,�6`v,�*�*v`�6*6)�a6*�`�6)�)�,�,K6+�)�a��KL͌CB�M��L���K6-�*v,�6`v,�*�*v`�6*6)�+�b�-6+�)�a��KLCB����̎�����K6a�*vav*6*v,v-�,H6-�b6-6*�6*�avb�a�)�L
�L6.�,v)�aK6+�)�a��KL��L��LCB����̎����M�6a�*vav*6*v,v-�,H6av,vb�-6`�6*�avb�a�)�L
�L6.�,v)�aK6+�)�a��KL��L��LCB����L��MLK6*�*va�b�,H6)�a6b�av)�6+�)�a�av)�,v`�bH�6-�6+�)�a��KLLL�LCB��M��M��MM�͋6+�)�-6`�)�a�+�a�6,vb�`�)�bH6)�)�av)�a�6a�b6`�,��6-�,v)�aK6+�)�a��KLLLCB��L�M�L�LL�6-6)�av*�b6bH6+6a6`�6,v*v-6*6,v)�b�*���6-�,v)�aK6+�)�a��KL�LCB���L��L��6`�*v`vbH6+�*v,�*�6`v)�b�a�L6ava6+�)�a��KLM��CB���L��M�6`�*v`vbH6+�*v,�*�6`v)�b�a�L6ava6+�)�a��KLM��CB��L�͍L�LL6av.v*v*�*v,H6+6*vb6*6,v)�b�*�L6-�,v)�aK6+�)�a��KL�L̍LCB��L�M�L�L�NK6-6)�av*�b6bH6+6a6`�6ava6*vb6a�6*6,v)�b�*�ML6-�,v)�aK6+�)�a��KLNL��LCB��L�M�L�L��6-6)�av*�b6bH6+6a6`�6,v*v-6*6,v)�b�*�ML6-�,v)�aK6+�)�a��KLNL��LCB�LNLNLM͌��6,�b�,vb6aH6*�,v-�6)�*v+�.6)�a�,��6ava6+�)�a��KL�LCB�LNLN�N6-6)�b6*v,H6+6,�aH6)�*v.6b6a�,�b�,�L6ava6+�)�a��KLLLMLCB�LNLNL͋6-6)�b6*v,H6+6,�aH6)�*v.6b6a�,�b�,�L6ava6+�)�a��KLLLMLCB�LNLN��͎�6-6)�b6*v,H6+6,�aH6)�*v.6b6a�,�b�,�̌6ava6+�)�a��KL�LCB�LNLN��͌�6-6)�b6*v,H6+6,�aH6)�*v.6b6a�,�b�,�̌6ava6+�)�a��KL�LCB�LNLNM���6-6)�b6*v,H6+6,�aH6)�*v.6b6a�,�b�,�̌6ava6+�)�a��KL�LCB�LNLN�NK6-6)�b6*v,H6+6,�aH6)�*v.6b6a�,�b�,�̌6ava6+�)�a��KL�LCB�L�LNLM�K6*6+�)�+�6*�,v-�6`�b6,�ava6b�a�L�vava6+�)�a��KL���CB�L�LNLLM�6*6+�)�+�6*�,v-�6`�b6,�ava6b�a�L�vava6+�)�a��KL���CB�����MM��6,�*vb�*�b6a�6+6,vav,�bH6avb�a�avb�c�*�b6.�a6b6-�,v)�aK6+�)�a��KL���CB����NLNNM�6,�)�a�*�bH6`�b6a�`vbH6.v+�+�6+�)�a��KLLL�LCB����NLNM��6,�)�a�*�bH6`�b6a�`vbHL6.v+�+�6+�)�a��KLLL�LCB����NLNN6,�)�a�*�bH6`�b6a�`vbHv.v+�+�6+�)�a��KLLL�LCB����NL�6,�)�a�*�bH6`�b6a�`vbH�.v+�+�6+�)�a��KLLL�LCB�����N�N�6-6*v,v*6*v*�6a�*v,�*�bH6,v*v-��6ava6+�)�a��KLLLCB�����N��6-6*v,v*6*v*�6a�*v,�*�bH6,v*v-��6ava6+�)�a��KLLLCB�����N�NM6-6*v,v*6*v*�6a�*v,�*�bH6,v*v-��6ava6+�)�a��KLLLCB�����N��MK6-6*v,v*6*v*�6a�*v,�*�bH6,v*v-��6ava6+�)�a��KLLLCB����LNMM�̋6`�b6,vavbvc�6,�*6,�bH6+�a6,�)�a�6.�,v)�aK6+�)�a��KLM��CB����LMLMN�6`�b�`�6a�)�a�bH�6-�,v)�aK6+�)�a��KLCB����MM�6`v)�-vb6a6bH6,�*�bH6`�b6,�)�a6-6b6-6*H��6-�,v)�aK6+�)�a��KL�LCB�����LM��6*6,�`�b6b�*�6.6b�*�)�a�)�6+�)�+6,�*�b�`HMv-�,v)�aK6+�)�a��KLCB����M�LL�L�6-�b6`�b6a�b6*�6`�b�`�6,6b�a6+�)�,��6.v+�+�6+�)�a��KL�L�LCB���L��MLL�K6,�*6+�*H6`vb6a6,�b6+�)�a�bH6+�)�b�*�6`vb6a6)��6.�,v)�aK6+�)�a��KLM��CB���L��MLM�6,�*6+�*H6`vb6a6,�b6+�)�a�bH6a�a�-�.6b�a�6`vb6a6)��6.�,v)�aK6+�)�a��KLM��CB���M͍�K6,�*vav)�b6,H6-�)�6a�b�b6)�a��6b6)�*�MLK6+�)�a��KL�M�CB��L���L�LL͋6*�*v*6)�+�6`v+vaH6,�*v`v*v,vbHPLL�6+�)�a��KLM��CB��N�LNNNNNL�6,�*va6*vbH6)�)�av)�a�6a�-6`�,v+�a�*vb6*H�L��K6+�)�a��KL���LCB��ML��L�NM6*�*v*6a6bH6a�*v+�-6*H6*6)�av*6b6+�)�a��KL�L�LCB��N��LLLM�6.v*v,�)�,v*vbH6-6*v,v*6*v*�6a�b6`vav)�a�,�L�6b6)�*���6+�)�a��KL̍���CB���M���L͋6-�b�*�,�6`�b�,va6bH�6.�,v)�aK6+�)�a��KLLLCB���M�M�M�6*�*v*6a6bH6+�)�,H6*�)�+�av*H�.v+�+�6.6b�a�*�a6bH6a�b6aK6+�)�a��KLL��L�CB��MMN��̍L�6+�*v,�`�bH6+�*v.6*vavb6,�6av)�`�,�6*�b6*��K6+�)�a��KL�LCB��N�NL�MM�N6-6b�-6`�6*�`�*H6+�*v,�`�6+�)�,H�.v+�+�6+�)�a��KL͌CB���LL�M��L�6,�*vb�*�6.6)�*�b�`�)��6ava6+�)�a��KL�L�LCB��������K6av.v*v*�*v,H6+�b6.6*6,vb�*�)�a�bH�L6ava6+�)�a��KL͌CB�M�LL��L��6av.v*�*v,H6,�)�,v)��6ava6+�)�a��KL��L��LCB��M��L�6+6b�c�a6bH6+6b�a6b�*�6*6a�6*6)�aL�-�,v)�aK6+�)�a��KL�LCB��N�K6+6b�c�a6bH6+6b�a6b�*�6*6a�6*6)�aL�-�,v)�aK6+�)�a��KL�LCB��L�6+6b�c�a6bH6+6b�a6b�*�6*6a�6*6)�aL�-�,v)�aK6+�)�a��KL�LCB��NMK6+6b�c�a6bH6+6b�a6b�*�6*6a�6*6)�aL�-�,v)�aK6+�)�a��KL�LCB��M���NN�M�6+v*va6)�`�*vbH6+6a6`�6+�)�,vbH6.6b�a�*�a6bH�.v+�+�6+�)�a��KL���CB��NNMM�L�L�6-�*v`�b
�`�*v`v-�b�,H6`�b�`�6*�)�+�av*H�.v+�+�6+�)�a��KLLLMLCB�͌M�M���NK6`�,vb�avbH6+�*v,�*�6)�b�.6b�+�b�a�,�6`�)�a6`��6ava6+�)�a��KL�L�LCB�L���NM��6`�,vb�avbH6+�*v,�*�6a6)�.6b�a�+�*v,HL6ava6+�)�a��KL͌CB�L���NM�6`�,vb�avbH6+�*v,�*�6)�)�a6b6.6b�,v)�L6ava6+�)�a��KL͌CB��M̍M�̋6+�*v,�-�)�bH6av)�,�*�)�b6-6b�a�-�b�)�6+�)�a��KLLLMLCB��M̍M���K6`�*v.6-�b�,H6-�b6-6*�6,�a6b�`�b6a�6-6b�a�-�b�)�6+�)�a��KL�L�LCB�����LL�M�6-6)�av*�b6bH6)�*va6*�b�,�b�a�6(�a6av)�a�bH�L6ava6+�)�a��KLM�LCB��M�MK6-�*v,�*�*vbH6*�*vav*�*H6,�*�b�a�6ava6+�)�a��KLLLMLCB��L�NNL�LL6b�)�,vbH6`v`�,vbH6*�b�`�v*�)�`�v*�b6bK6+�)�a��KL͌CB��L�NM���̋6`v,v-�*vbH6+�+�)�a�6`�)�a6`�6,�b6,vbH���6+�)�a��KL�LCB�̌NL�M��6-6)�b6,H6+6,�aH6+�b6.6*6,vb�*�)�a�bH6ava6+�)�a��KLM��CB��L�M�M�M��6-6)�b6,H6+6,�aH6+�b6.6*6,vb�*�)�a�bHL6ava6+�)�a��KL�LCB��LLLL�K6-6)�b6,H6+6,�aH6+�b6.6*6,vb�*�)�a�bHL6ava6+�)�a��KL�LCB�̌��̎M�6*�b6`v-�)�bH6,�*v`v*v,vbH6a6b�*�*�b6a�6`�b�,�*H�v.v+�+�6+�)�a��KLLL�LCB�M��L��M�6)�b�a�,v,6bH6*�b�a�)�,H6-�b6a6+���6ava6+�)�a��KLLLCB����M��L��L6)�b�a�,v,6bH6*�b�a�)�,H6-�b6a6+���6ava6+�)�a��KLLLCB�����LK6av`�a6b6`�6`�)�b6*H6b6*v,�*v*�6+�)�a��KL͌CB����M͎MK6`�b�`�6*�*va�b�,H6,vb6a6*6b�a�b�,�Mv-�,v)�aK6+�)�a��KLCB����M͎6`�b�`�6*�*va�b�,H6,vb6a6*6b�a�b�,�Mv-�,v)�aK6+�)�a��KLCB�����MM�K6*�,�`�b�*�6b6b�`v*v,H6a�)�,�,vb�,��6.v+�+�6+�)�a��KL�L�LCB����LL���MK6a�)�*�6`�b6a6`�b�`�6*6,v)�b6a�bH6-�6+�)�a��KLCB����M�LL�6`�b�`�6`�b6a�+6bH6b�avb�-6)�a�6+�)�a��KLCB��M͎�ML�K6+v)�`vb�,�*H6`vb�`�bH6a�b6*6bH�.v+�+�6+�)�a��KLLL�LCB��LMMML���K6a6b�`v`�6)�)�av)�a�6.v+�+�6ava6*vb6a�6+�)�a��KL�LCB�L��M�NMK6-6`�,v+�)�a�6-6`v)�`H6,�b6-�*v,H6*6b6`�,�NK6+�)�a��KL�LCB��L��LMK6*�*vav*�*vbH6+va6)�`�6-�b�b6*H6-6b6*�6+�)�a��KL�LCB��M���̌L�6+v)�`vb�,�*H6`�,vb�,�*�)�a�a6*�,H�L���6+�)�a��KLLL�LCB����M��NNM�6*6b6`�,�6+�b6av)�a�6ava6*vb6a�6+�)�a��KLM��CB��L�NL�����6`�b6*�bH6`�b�`�bH6`�)�.�*v,�bHL6,�aK6+�)�a��KL�LCB����͌M����6,v*va�+�*vbH6*�*v*�)�*�*H6-6b�a�-�b�)�6+�)�a��KLLL�LCB����͌M���K6,v*va�+�*vbH6*�*v*�)�*�*H6-6b�a�-�b�)�6+�)�a��KLLL�LCB����͌M��NK6+v*va6)�`�*vbH�.v+�+�6ava6*vb6a�6-�b�a�bK6+�)�a��KLLL�LCB����͌M�L�6+v*va6)�`�*vbH�.v+�+�6ava6*vb6a�6-�b�a�bK6+�)�a��KLLL�LCB��L���NL�6+�b6b�+�)�a�`�6-6`v)�`H6-�b�b6*H6-6b6*�6+�)�a��KLLLMLCB����͌M���L6-6*v`v,v*vbH6+�*v,�`�6+�)�,H6-�b�b6*H6-6b6*�6+�)�a��KL�LCB��MM�ML��K6+va6)�`�*H6.v+�+�6ava6*vb6a�6+�)�a��KL�LCB�����L��K6+v)�`vb�,�*vbH6`vb�`�bH6*6)�a�b�,���a6*�,K6+�)�a��KL͌CB����͌M���6,v*va�+�*vbH6*�*v*�)�*�*H6-6b�a�-�b�)�6+�)�a��KLLL�LCB����͌M��NK6,v*va�+�*vbH6*�*v*�)�*�*H6-6b�a�-�b�)�6+�)�a��KLLL�LCB�M���̍MMMM�6*6b6,vbH6av*v+�,�*va6*H6*�,v`�bHL�6,�aK6+�)�a��KL�LCB��L���M�NM�6+�)�,v`�bH6+6a6`�6ava6*vb6a�L�.v+�+�6+�)�a��KL�LCB��M͍N��NK6a6*v,�`�*vbH6+�b6,vb6-�b�b6*H6-6b6*�6+�)�a��KLLL�LCB����͌M�NNLK6+�*v,�-�)�bH6,�a6)�*�*H6+�*v,�*�bH6-�b�b6*H6-6b6*�6+�)�a��KL�L̍LCB��NL��L����6,�*vav)�b6,H6`�)�,v*v*6)�bH6avb6,H6a6)�b�`HL�6+�)�a��KLLM�L�CB��L�LMM�N6`�b�`�6)�b6,�a6b�6.v+�+�6+�)�a��KL�LCB��L��MM�MK6`�b�`�6)�b6,�a6b6+�)�a��KLCB���LM�LL�M�6`�a�*�)�`�bH6`�b6)�a6b�`�b�L6-�6+�)�a��KLLLMLCB���LM���L6`�a�*�)�`�bH6`vb�a6b�*H6av,vb�-6`��6+�)�a��KL͌CB���LM����6`�a�*�)�`�bH6,v)�a�6av`�,vav-6*H6`�b6)�a6b�`�b�6-�6+�)�a��KL͌CB�����L�̋6+v)�`vb�,�*vbH6`�b�`�6b6*�,�`�b�*�6-�a6b6,vb�)���6a6*�,K6+�)�a��KL�L�LCB��M̎LNLLMK6`v,v-�*vbH6+�+�)�a�6`�)�a6`�6-�b6,v)�a6+�)�a��KL�LCB��ML͌L�L�6`v,v-�*vbH6+�+�)�a�6`�)�a6`�LL�6+�)�a��KL�LCB��M��M�L���6`v,v-�*vbH6+�+�)�a�6`�)�a6`�6a6b6*�b6,�6+�)�a��KL�LCB�������LM�K6,vb�`�)�bH6)�)�av)�a�6-�b6a6bvc�6,�*va�-��L6-�,v)�aK6+�)�a��KLLL�LCB�������LMM�K6,vb�`�)�bH6)�)�av)�a�6-�b6a6bvc�6,�*va�-��L6-�,v)�aK6+�)�a��KLLL�LCB�������LMM̋6,vb�`�)�bH6)�)�av)�a�6-�b6a6bvc�6,�*va�-��L6-�,v)�aK6+�)�a��KLLL�LCB�������LM�6,vb�`�)�bH6)�)�av)�a�6-�b6a6bvc�6,�*va�-��L6-�,v)�aK6+�)�a��KLLL�LCB�������LM�6,vb�`�)�bH6)�)�av)�a�6-�b6a6bvc�6,�*va�-��L6-�,v)�aK6+�)�a��KLLL�LCB�������LL�L�6-v)�*6b6a�6,�)�)�a6-�b6a6bvc�6,�*va�-���L6-�,v)�aK6+�)�a��KLLLMLCB�������LM6-v)�*6b6a�6,�)�)�a6-�b6a6bvc�6,�*va�-���L6-�,v)�aK6+�)�a��KLLLMLCB�M��MN��M�6-v)�-H6`vb6a6-vb6b�)�6)�a6`�b�-v,H6-6b6-6*H��6ava6+�)�a��KL�L�LCB�L���M�6,�*vb�*�6-�*va�av*v-6)�avbH6*6)�,�b6+�*v*6*Hva6*�,K6+�)�a��KLLLCB�L��̎L6,�*vb�*�6-�*va�av*v-6)�avbH6*6)�,�b6+�*v*6*Hva6*�,K6+�)�a��KL�L�LCB�L��M�NL6,�*vb�*�6*6)�,�b6*6)6,�b6,v.6*v`�,va�va6*�,K6+�)�a��KLNL��LCB��L��LLLL�6`va6`va6+v)�,H6a�b�c�a�)�a�6-6b6-6*H�L6-�,v)�aK6+�)�a��KL�L�LCB��NM�L��6*�*va6`�*H6avb�c�b6a�b�c�a�)�a�6-6b6-6*HM�6-�,v)�aK6+�)�a��KLLLCB��NL�L�̌N6+va6b6)�6-6.v,vb�*H6`v,�*�*v`�6,�b�+�b6.�a6b�L6-�,v)�aK6+�)�a��KL�L�LCB��NL�L�LM6`�,vb�c�aH6*6a�+�*v`�6b6`�)�`�)�b6,�b�+�b6.�a6b6`�)�a6`��L6-�6+�)�a��KLM��CB��NL�L�LML��6`�,vb�c�aH6*6a�+�*v`�6b6`�)�`�)�b6,�b�+�b6.�a6b6`�)�a6`�6-�6+�)�a��KL���CB�NL��LN���6`�*va�b6*H6-�,v)�a�+�b6,H6-�b6a6+�6-6b6-6*HL6-�,v)�aK6+�)�a��KL�L�LCB�NL��LN��K6`�*va�b6*H6a�b6,v+�6-�,v)�a�+�b6,H6-�b6a6+�6-6b6-6*HL6-�,v)�aK6+�)�a��KL���CB��NL�L�M��6+�b6-6)�b6bH6+�,va�b6*6,�b�+�b6.�a6b6-6b6-6*H6-�,v)�aK6+�)�a��KL��L��LCB��LLNM�K6`�*va�+�6av)�+6b�,�*�b�`�6,�*�bH6,�b6`�*v,vbHL6-�,v)�aK6+�)�a��KL͌CB�L�L�LLML͋6,�*6+�*H6`vb6a6,�b6+�)�a�bH6+�)�b�*�6a�b�a�)�a��6-�,v)�aK6+�)�a��KL�L�LCB�L��NL�̋6,�*6+�*H6`vb6a6,�b6+�)�a�bH6av`�,vav-6a�b�a�)�a��6-�,v)�aK6+�)�a��KL�L�LCB�L��NL��K6,�*6+�*H6`vb6a6,�b6+�)�a�bH6`�,vb�avbH6a�b�a�)�a��6-�,v)�aK6+�)�a��KL�L�LCB��LLNMNK6-6*v`�,H6`�)�b6*vbH6av)�+6,�*�b�`�6,�b6`�*v,vbHL6-�,v)�aK6+�)�a��KL͌CB�L�L�LLMLK6,�*6+�*H6`vb6a6,�b6+�)�a�bH6av`�,vav-6a�b�a�)�a�LL6-�,v)�aK6+�)�a��KL͌CB�L�L�LLMLL�6,�*6+�*H6`vb6a6,�b6+�)�a�bH6`�,vb�avbH6a�b�a�)�a�LL6-�,v)�aK6+�)�a��KL͌CB��LLN��6-6*v`�,H6+�b�avb�,v)�,v)�6av)�+6,�*�b�`�6,�b6`�*v,vbH�`�-�6+�)�a��KLM�LCB��LLN�6`�*va�+�6+�b�avb�,v)�,v)�6av)�+6,�*�b�`�6,�b6`�*v,vbH�6.�,v)�aK6+�)�a��KL�LCB�M����M6+�b6bvc�6a�b�av)�a6)�b�)�6a�b�c�a�)�a�6`�)�a6`�L6-�,v)�aK6+�)�a��KL͌CB�M����L�K6+�b6bvc�6a�b�av)�a6)�b�)�6a�b�c�a�)�a�6`�b�,�*HL6-�,v)�aK6+�)�a��KLL�LM�LCB���L͌K6-6*v`�,H6,�b6`�*v,vbH6,�*�bH6av)�+6,�*�b�`��L6-�,v)�aK6+�)�a��KL���CB��LLNLLK6-6*v`�,H6,�b6`�*v,vbH6,�*�bH6av)�+6,�*�b�`�L6-�,v)�aK6+�)�a��KL�L�LCB�L��͎NL�6,v*va�-�bH6`�b�`�6,�)�.6b6,vbH6-6b6-6*H�6ava6+�)�a��KL�L�LCB�L��͎NNM6,v*va�-�bH6`�b�`�6,�)�.6b6,vbH6-6b6-6*H�6ava6+�)�a��KL�L�LCB�L��͎NLM6,v*va�-�bH6`�b�`�6,�)�.6b6,vbH6-6b6-6*H�6ava6+�)�a��KL�L�LCB�L��͎NLK6,v*va�-�bH6`�b�`�6,�)�.6b6,vbH6-6b6-6*H�6ava6+�)�a��KL�L�LCB�L��͎NLL�6,v*va�-�bH6`�b�`�6,�)�.6b6,vbH6-6b6-6*H�6ava6+�)�a��KL�L�LCB�L��͎NL̋6,v*va�-�bH6`�b�`�6,�)�.6b6,vbH6-6b6-6*H�6ava6+�)�a��KL�L�LCB�L��͎NM�6,v*va�-�bH6`�b�`�6,�)�.6b6,vbH6-6b6-6*H�6ava6+�)�a��KL�L�LCB�LLM����6-6)�av*�b6)�)�,vb�)�a6+6a6`�6,�.vb6+�bHˌ�`�-�6+�)�a��KLL�LLCB���M�L�̌6`�a�b6*H6.6)�a�6+�b�*6*v`�6`�*v,�`�)�a�L6-�,v)�aK6+�)�a��KLM�LCB�����L̍�L6-�b�*�,�6av,�av,�L6-�,v)�aK6+�)�a��KL�LCB�L�L�MMNL��6*�`v*v`�6,�a�)�*�6-�)�*�6+�)�a��KLCB�L�L�MMNLMK6*�`v*v`�6`vb�,�*6b6`�6+�)�a��KLCB����L�N���6-�b�*�,�6-�bH6*�b6,��6-�6+�)�a��KLCB����L�N�6-�b�*�,�6-�bH6*�b6,��6-�6+�)�a��KLCB������M�K6av,v*v*6)�bH6,�+v,H6-6b6-6*H�L6.�,v)�aK6+�)�a��KLM��CB�L�LLM�L�M�6`�)�b6*vbH6`�b�*�6`�)�*�6`�*v*�,�b6aM�.v+�+ʌM�-�,v)�aK6+�)�a��KLLLLLCB�͌L�͎NLLM6`�)�b6*vbH6a�b�,�`�b6b�`�6`�*v*�,�b6aM�.v+�+ʌM�-�,v)�aK6+�)�a��KLLLLLCB�͌L�͍�̋6a�b�,�`�)�`v*H6`va6)�*�6b6)�b�*�6`�*v*�,�b6aM��LK��-�,v)�aK6+�)�a��KLLLLLCB�͌L������6a�b�,�`�)�`v*H6a6)�*�bvc�6av)�-�b�)�*�b6`�*v*�,�b6aM��Lˌ�-�,v)�aK6+�)�a��KLLLLLCB��LLL�6`�)�b6*vbH6)�b�,�*�,vb�,�b6+6)�`�b6*6,��v.v+�+ʍv-�,v)�aK6+�)�a��KL�LCB��LL��L���6`�)�b6*vbH6`�a6)�,�b�`�b6+6)�`�b6*6,�6`�*v*�,�b6aL6-�,v)�aK6+�)�a��KLL��L�CB��LLMM��M6`�)�b6*vbH6*6)�a6)�a�`�bH6+6)�`�b6*6,�6`�*v*�,�b6aL6-�,v)�aK6+�)�a��KLL��L�CB�͌L��̎LM��6`�)�b6*vbH6,�*�)�,v*6b6`�,�6`�*v*�,�b6a6`�b6a6b6av*6bHM�-�,v)�aK6+�)�a��KL�LCB�L�LMM�M��6`�)�b6*vbH6,�*�)�,v*6b6`�,�6`�*v*�,�b6a6.6)�a�b�a6)�M�-�,v)�aK6+�)�a��KL�LCB�L�LMM�L�6`�)�b6*vbH6,�*�)�,v*6b6`�,�6`�*v*�,�b6a6`�,v)�avb�aM�-�,v)�aK6+�)�a��KL�LCB�L�͌͌M�K6*�,�`�b�*�6-�b6a6b6a�6-�b6a6b6*�b�a�6`v,vbH6av)�,vb�)��6-�,v)�aK6+�)�a��KL�L�LCB�NMLM��K6-�b�*�,�6*�)�`�b�,�6.6b6a6`�)�a�+�L6-�,v)�aK6+�)�a��KL��L��LCB�L�M���6`�b�`�6-v*vavb6a�6*6b6a�b6-�b6`�b6a6)�*�*H6-�,v)�aK6+�)�a��KL�LCB�L�M��L6`�b�`�6-v*vavb6a�6*6b6a�b6`v,�*�*v`�6-�,v)�aK6+�)�a��KL�LCB�͌����͋6a�*v,�*�*va6*H6avb�a6`�)�6a6b�b�ˌ�-�,v)�aK6+�)�a��KL�LCB�LLL�LM�����6*6*va�b�-6*�6)�b�bH6*�b6*�b�,v,��K��-�,v)�aK6+�)�a��KLCB�LLL�LM�6*6*va�b�-6*�6)�b�bH6*�b6*�b�,v,��K��-�,v)�aK6+�)�a��KLCB�LLL�LL��L�6*6*va�b�-6*�6)�b�bH6*�b6*�b�,v,��K��-�,v)�aK6+�)�a��KLCB�LLL�LM����K6*6*va�b�-6*�6)�b�bH6*�b6*�b�,v,��K��-�,v)�aK6+�)�a��KLCB��M͎��M�6`�a6b�a�,�6*�*v,H6-�b�a�bH6avb�a�bH�6.v+�+�6+�)�a��KL�LCB�NM�̌�L�6-6)�av*�b6bH6*�,v-�6+�b�*H�6ava6+�)�a��KL�L�LCB�NM�̌��L6-6)�av*�b6bH6*�,v-�6+�b�*H�6ava6+�)�a��KL�L�LCB�NM�̌��͋6-6)�av*�b6bH6*�,v-�6+�b�*H�6ava6+�)�a��KL�L�LCB�����͎��K6*�*v,vb6`�6,�+v,vbH6a�)�a�b6+�)�a��KLM��CB�����L����K6.v*va6)�-�*vbH6`v,vb�,�*v,H6a�b�-�)�6,vb6aL6-�,v)�aK6+�)�a��KL���CB�L�ML�NNL�6.v*va6)�-�*vbH6,vb6a6a�b�-�)�6ava6*vb6a�6.v+�+�6+�)�a��KL�L�LCB�L�ML�NNLL6.v*va6)�-�*vbH6,vb6a6a�b�-�)�6ava6*vb6a��.v+�+�6+�)�a��KLM��CB�LM�̍�M6-6*v,v*6*v*�6a6b6*�bH6`�b6+�bH��6ava6+�)�a��KL�LCB�NLL�L�L�6)�)�b�,�6`�b6`vbH6-�b6+�6+�*vbH�L6ava6+�)�a��KLLLMLCB�NLL�L�LK6)�)�b�,�6`�b6`vbH6-�b6+�6+�*vbH�L6ava6+�)�a��KLLLMLCB����LLL͌LM6-6*v`�,vb6`�6avb�a�b�L6.�,v)�aK6+�)�a��KL�LCB����LLL��NK6-6*v`�,vb6`�6avb�a�b�L6.�,v)�aK6+�)�a��KL�LCB����LLL�6-6*v`�,vb6`�6avb�a�b�L6.�,v)�aK6+�)�a��KL�LCB�ML�M��K6-6*v,v*6*v*�6.6b�av*�b6`�b6+�bH�6ava6+�)�a��KLLLCB�ML�M��6-6*v,v*6*v*�6.6b�av*�b6`�b6+�bH�6ava6+�)�a��KLLLCB������6-6*v,v*6*v*�6`v,vb�+�)�6,�a�+6*6b�a6b6a�a�-�.6b�a��6ava6+�)�a��KLLLCB��M̍�����MK6-�b6,v*vbH6avb6*�)�*�)�6`�b6,v*�ULLK6+�)�a��KL�LCB��M��M�MM�6-�b6,v*vbH6ava�+�)�a6)�a�6)�*v,�*�b6,K6+�)�a��KL�LCB��M�MLLK6-�b6,v*vbH6`�-�)�a�6)�*v,�*�b6,H6)�b�*6)�a6bK6+�)�a��KLLL�LCB��M�MLLL�6-�b6,v*vbH6`�-�)�a�6)�*v,�*�b6,H6)�b�*6)�a6bK6+�)�a��KLLL�LCB����L�L�M6-�b6,v*vbH6av)�,vb�b6)�*v,�*�b6,K6+�)�a��KLLLMLCB��MNMMM�M�NK6-�b6,v*vbH6a�)�b�-6b6`�b6,v*�6+�)�a��KL�LCB�M�LM����6*�`v*v`�6`�)�`�*H6*�*va�b�,K6+�)�a��KLCB��NMML�MM��6+�)�-6`�)�a�+�a�6,vb�`�)�bH6)�)�av)�a�6a�b6`�,��6-�,v)�aK6+�)�a��KLLLCB��NM��L���L�6+�)�-6`�)�a�+�a�6,vb�`�)�bH6)�)�av)�a�6a�b6`�,��6-�,v)�aK6+�)�a��KLLLCB���L�LNNL�6avb6*�*vbH6av*v-�a�b6aH6`v,�*�*v`�6+�b6*6*vbK6+�)�a��KL�L�LCB��LL��L���K6*�b6*�6`�b�`�6avb6,�6.v)�b�a6bHM6-�,v)�aK6+�)�a��KLM��CB��LL��M���6`�b�`�6+�)�,vb�c�a6b6)�b�*�bH6.v)�b�a6bHM6-�,v)�aK6+�)�a��KL�L�LCB��LL����M�6*�,�`�b�*�6*6b6,v-�)�`�6)�b�*�bHL6-�,v)�aK6+�)�a��KL�L�LCB��LL�����̋6*�)�b�`�b�`�6)�b�*�bH6.v)�b�a6bH�6-�,v)�aK6+�)�a��KLL�LM�LCB��LL���NMK6*�,�`�b�*�6)�b�*�bH6+6b6a�-�6-�,v)�aK6+�)�a��KLLLCB��LL͎L�M��6*�)�b�*�6*6b�a�-�b6.�*v,�)�a6*vbH6)�b6*�b6av)�*�b�`��`�-�6+�)�a��KL��L��LCB��LL͌�LK6)�*vavb�a�b�)�6*�*vb6)�a6b�*�6*6b�a�-�b�L6ava6+�)�a��KL��L��LCB�L͌L�LLL�M�6-6*v,v*6*v*�6.6b�a�b6*��L6ava6+�)�a��KL�L�LCB��L�NMLLK6*6*va�b�-6*�6,�*�b�`�L�.v+�+�6+�)�a��KLLLCB��L�NMLL�6*6*va�b�-6*�6,�*�b�`�L�.v+�+�6+�)�a��KLLLCB��L�NMLL�M6*6*va�b�-6*�6,�*�b�`�L�.v+�+�6+�)�a��KLLLCB��L�NMLLL��6*6*va�b�-6*�6,�*�b�`�L�.v+�+�6+�)�a��KLLLCB��L�NMLL�K6*6*va�b�-6*�6,�*�b�`�L�.v+�+�6+�)�a��KLLLCB��L�NMLLN6*6*va�b�-6*�6,�*�b�`�L�.v+�+�6+�)�a��KLLLCB���LM��N6*6)�a6bH6av,vb�-6`�6`�b6)�a6b�`�b�6-�,v)�aK6+�)�a��KL�L�LCB����M�MM�L�M�6*�*va�b�,H6`�)�a6*HL6-�,v)�aK6+�)�a��KLLLCB�����M����6*�*va�b�,H6*�b�*�,�)�6-�,�b�a�-�L6-�,v)�aK6+�)�a��KL͌CB��LM�M�L�K6)�)�,vbH6*�*v`�a6)�b6*H6`�b�a�*�b6a�6-�,v)�aK6+�)�a��KLNL��LCB��LM�NML�K6-�b6`�b6a6)�*�*H6+�)�ava6*H6`�b�a�*�b6a��6-�,v)�aK6+�)�a��KL͌CB����L�LLL��6,vb6a�6*�*va�*v`�*H6av,�*�*v,H6-6b�`HL�6a6*�,K6+�)�a��KL���LCB��L��NK6,�,v`�*vbH6,�b�c�b6)�a6,v+vav*HL6ava6+�)�a��KLLLMLCB�L����L6)�)�b�,�6`�b6`vbH6)�b�,�*�,vb�,�b6avb�a�+�b��vava6+�)�a��KLM��CB�L����K6)�)�b�,�6`�b6`vbH6`�)�*�b6-�b�a�b6avb�a�+�b��vava6+�)�a��KLM��CB�L����LK6)�)�b�,�6`�b6`vbH6,�*�)�a�b�-6a6)�*�bvc�6avb�a�+�b��vava6+�)�a��KLM��CB���M��L�K6,�*vb�*�b6a�6*�b�*�,�)�6*�b6*�,v)�`�6`�b6+�bHM6-�,v)�aK6+�)�a��KLLL�LCB��L͍�M��LLL�6+6b�c�a6bH6)�)�avb6,�6`�b�,�*H�6-�,v)�aK6+�)�a��KLLLMLCB��L͍�M���6+6b�c�a6bH6)�)�avb6,�6`�b�,�*H�v-�,v)�aK6+�)�a��KLLLMLCB��L͍�M���ML6+6b�c�a6bH6)�)�avb6,�6`�b�,�*H�v-�,v)�aK6+�)�a��KLLLMLCB��L͍�M���NK6+6b�c�a6bH6avb6,�6)�)�avb6,�6`�b�,�*H�v-�,v)�aK6+�)�a��KLLLMLCB��L͍�M����6+6b�c�a6bH6)�)�avb6,�6`�b�,�*H�v-�,v)�aK6+�)�a��KLLLMLCB��������̍K6*�,v-6b6`�6,vb6,�6*�*va6)�L6-�,v)�aK6+�)�a��KLCB��M�L����L6-6*v,v*6*v*�6ava�+�)�a6)�a�6-�b�a�bK6+�)�a��KLCB��M��LL�ML6-6*v,v*6*v*�6ava�+�)�a6)�a�6-�b�a�bHMvava6+�)�a��KLCB��L��MMLM�6-6*v,v*6*v*�6ava�+�)�a6)�a�6-�b�a�bH6`v,v-�*K6+�)�a��KLCB��L�����6*�)�*�,vbH6,�*v.v)�*�6)�*vav,vb�`�bHPM6+�)�a��KL�L�LCB��L���K6*�)�*�,vbH6`�b6a�*�,vb6a6)�*vav,vb�`�bHPPM6+�)�a��KL�L�LCB��L�LNK6*�)�*�,vbH6,�*v.v)�*�6)�*vav,vb�`�bHPL�6+�)�a��KL�L�LCB�LNLM�L�K6`�*va�)�+�bH6a�*vb6,v)�av)�a�6*6)�`�*v*�6+�)�a��KL���CB����NL�LM�6+v*v`v)�,�*vbH6`�b6a�`vbH6*6bvb�*6bH6,v`�aH6+�)�a��KLL�LM�LCB�M��L���6,�*v,v*H6-6*v+va�6(�b6,vb6`��6b6)�*�6+�)�a��KL���CB�M��LLK6`�b�*6a6-6*v+va�6-�)�a6)�`�,�bH6(�b6,vb6`�L�6+�)�a��KL���CB�M��L�6,�*v,v*H6-6*v+va�6+6b6`�*v,H6(�b6,vb6`�L�6+�)�a��KL���CB��L�LNM��MM�6,�b�a�b�`�6`vb�`�bH6a6b�`H6-�b6a6+�L6.v+�+�6+�)�a��KL�L�LCB���M�K6avb�,6avb�,6b6`�6`vb�`�bK6+�)�a��KLCB��L�͍L�LL�6av.v*v*�*v,H6+6*vb6*6+�)�+�6*6,v)�b�*�L6-�,v)�aK6+�)�a��KL���CB��L�͍L�LM�6av.v*v*�*v,H6+6*vb6*6+�)�+�6*6,v)�b�*�L6-�,v)�aK6+�)�a��KL���CB����MM��6*6)�`�a6bH6`�b6,�)�a6`�b6+�bH6-�,v)�aK6+�)�a��KL�LCB�L���̌L̋6-6b�,H6b6,v+�*H6`�b6+�bH�6-�,v)�aK6+�)�a��KL�LCB�LL�M�K6+6`�)�,v*H6*�b�,v)�6+6a�)�,�6+�)�a��KL��L��LCB�LLM�NL�6+6`�)�,v*H6*�b�,v)�6+6a�)�,�L6.v+�+�6+�)�a��KL�͌�CB�LLM�M�M6+6`�)�,v*H6*�b�,v)�6+6a�)�,�L6.v+�+�6+�)�a��KL�͌�CB����L�����6-6*v,v*6*v*�6`�b6*6bH6a6)�a�+�6-6b6-6*H�6ava6+�)�a��KL�LCB���LL��L�MLL6-6*v,v*6*v*�6,�b6b�)�6-6b6-6*H��vava6+�)�a��KLLL�LCB���LL��L�LMK6-6*v,v*6*v*�6,�b6b�)�6-6b6-6*H��vava6+�)�a��KLLL�LCB���LL��L�L�6-6*v,v*6*v*�6,�b6b�)�6-6b6-6*H��vava6+�)�a��KLLL�LCB���LL��L̍L�6-6*v,v*6*v*�6,�b6b�)�6-6b6-6*H��vava6+�)�a��KLLL�LCB���LL��L̍�M�6-6*v,v*6*v*�6,�b6b�)�6-6b6-6*H��vava6+�)�a��KLLL�LCB���LL��Ľ�MK6-6*v,v*6*v*�6,�b6b�)�6-6b6-6*H��vava6+�)�a��KLLL�LCB����L��M6-6*v,v*6*v*�6,�*va�6)�b�-�6a6b�avb6a�)�+�6-6b6-6*H�L6ava6+�)�a��KLLLCB��M�L�M�6)�b�a�,v,6bH6a�b6a�6,�*�b6*��L6ava6+�)�a��KLM��CB��M̎MLL�K6+�*v.6*vavb6,�6av)�`�,�bH6avb6,��+�*v.6bH�6.v+�+�6+�)�a��KL͌CB��M��M�L6a6*v,�`�*vbH6*6,vb�a�6-�b�a�bHL6.v+�+�6+�)�a��KL�LCB��M��M�LN6b6*v,v*v`�*vbHL6.v+�+�M6+�)�a��KLLLMLCB��L��͍��L��6,�*v,v*H6av*vavb6`�6)�)�.6b�*�v.v+�+�6+�)�a��KL�LCB����LM�NL�MK6`�b�`�6-�b6`�bH6*�)�avb�a�)�`��6.v+�+�6+�)�a��KL��L��LCB����LM�NLNM6`�b�`�6-�b6`�bH6*�)�avb�a�)�`�6-�,v)�aK6+�)�a��KLCB����LM�NL�6`�b�`�6-�b6`�bH6*�)�avb�a�)�`��6.v+�+�6+�)�a��KL��L��LCB����LM�NLN�K6`�b�`�6-�b6`�bH6*�)�avb�a�)�`�6-�,v)�aK6+�)�a��KLCB������NL���6`�b�`�6*6,vb�`�6`v)�,�*�6+�)�a��KLCB����NM�6`�b�`�6,v,�b�a�)�6+�)�a��KLCB���LLMLLM��6b6,v`�6,�*6+�*H6`v)�a6`�b6a�L6aJ�v,�aK6+�)�a��KL���CB��M���͎�M6.�)�,��-�*v,v+�6*�*v*6)�+�6+6)�-�b6)�,K6+�)�a��KLLLMLCB�M���N�6*�)�+�av*vbH6-6*v`�,v+�)�a��.v+�+�6+�)�a��KL͌CB�M���N��6*�)�+�av*vbH6-6*v`�,v+�)�a��.v+�+�6+�)�a��KL͌CB�����M�L6`�b�`�6-v*vavb6a�6avb6a6*�b6+�)�a��KLLLCB�����MLM6`�b�`�6-v*vavb6a�6avb6a6*�b6+�)�a��KLLLCB�������L�K6+�*v,vav)�a�6+6b6`�*v,H6*6+�)�+��L6ava\���K6+�)�a��KLLLCB��L�M�NM6-6)�av*�b6bH6+6a6`�6-6b6`H�a6*�,K6+�)�a��KLLLMLCB��LL���M��K6-6)�av*�b6bH6+6a6`�6-6b6`H�a6*�,K6+�)�a��KLLLMLCB��LL���M�L�6-6)�av*�b6bH6+6a6`�6-6b6`H�a6*�,K6+�)�a��KLLLMLCB�NNNL6,�*v,v`v*vbH6a�*vav*6*v,v-�,H6b6,v`�MJ�Mv,�aHv`�-�6+�)�a��KL͌CB�NNMLNMLK6,�*v,v`v*vbH6a�*vav*6*v,v-�,H6b6,v`�J����Mv,�aHv`�-�6+�)�a��KL͌CB�LMM��M�K6-6*v,v*6*v*�6*�b�,�b6`�6-6b6-6*H�L6ava6+�)�a��KLLLMLCB���LL͍NMK6-v)�*6b6a�6,�)�)�a6)�b�.6bHL6ava6+�)�a��KL�LCB����M��M�M6,�,vb�-6`�6,vb�+v)�a�6`�b�,�*HML6-�,v)�aK6+�)�a��KL�L�LCB��M������LL6`�)�,�*�*v,H6`v,v)�b6a6*H6,�b�c�,HL�6.�,v)�aK6+�)�a��KL�L�LCB��M������MK6`�)�,�*�*v,H6`�)�`�)�b6`�,v)�avb�c�a6,�b�c�,HL�6.�,v)�aK6+�)�a��KL�L�LCB����MM�L6-�b6-6*�6-�b�c�a6b6*v,v+�*H6`�b6+�bH�6-�,v)�aK6+�)�a��KL�L�LCB��M��M��6*�b6+�b�a�-�6avb6,�6,�b�c�,HL�6.�,v)�aK6+�)�a��KLLLCB��M��N�6*�b6+�b�a�-�6.6)�a�b�c�a6)�6,�b�c�,HL�6.�,v)�aK6+�)�a��KLLLCB��M��M�MK6*�b6+�b�a�-�6`v,v)�b6a6*H6,�b�c�,HL�6.�,v)�aK6+�)�a��KLLLCB��M��NM�6*�b6+�b�a�-�6-6b6`�b6a6)�*�*H6,�b�c�,HL�6.�,v)�aK6+�)�a��KLLLCB���LL��ĽM6-6*v,v*6*v*�6,�b6b�)�6-6b6-6*H��vava6+�)�a��KLLL�LCB����M�NLM�6+6b�*�,�6*6b�-6a6b�,v)�a�b�6+�)�a��KLCB